group,gene,statistics,pvals,pvals_adj,logfoldchanges
Prom1,Eif5a,46.419382233430674,0.0,0.0,0.52958727
Prom1,Ran,40.47918683452936,0.0,0.0,0.5948007
Prom1,Ppia,40.04686611050735,0.0,0.0,0.37739992
Prom1,Fkbp11,39.00179892927652,0.0,0.0,0.93415344
Prom1,Eif4a1,38.364071474695805,0.0,0.0,0.48792458
Prom1,Ddx39a,38.2037823563084,0.0,0.0,0.79112667
Prom1,Atp5mc1,37.585972752960096,3.643668341507e-309,4.823852517321117e-305,0.5056627
Prom1,Ccnb2,37.561216877828485,9.242534229929027e-309,1.223619106700304e-304,1.2607033
Prom1,Set,37.48428696928273,1.6608260884384443e-307,2.1987676584836565e-303,0.5759661
Prom1,Cenpa,37.451125883701636,5.75845231308427e-307,7.623615017292266e-303,1.3951845
Prom1,Ncl,36.5913449010143,3.9267921675916106e-293,5.198680150674533e-289,0.5707638
Prom1,Nhp2,36.389191097417275,6.310694305503007e-290,8.354728191055431e-286,0.6486379
Prom1,Nme1,35.6642641359638,1.4163207323235747e-278,1.8750670175231807e-274,0.5341971
Prom1,Tmem97,35.514467523864056,2.9395635882979347e-276,3.891688234547636e-272,0.98158115
Prom1,Tomm5,35.229976017452444,6.952125553593582e-272,9.203919020402544e-268,0.61205864
Prom1,Odc1,35.12089358172058,3.234891780590415e-270,4.28267322832365e-266,0.80908954
Prom1,Hnrnpa1,34.702281566668304,7.278072924468652e-264,9.635440744704048e-260,0.5060482
Prom1,Cdc20,34.61332841919554,1.5922993910086474e-262,2.108045163756348e-258,1.4628162
Prom1,Slc25a5,34.38497700651159,4.228985376654565e-259,5.598753740152979e-255,0.4542017
Prom1,Rangrf,34.21051633150496,1.6869006444549045e-256,2.233287763193848e-252,0.9970099
Prom1,Ms4a3,33.95407160164149,1.0621430582358747e-252,1.4061711947984745e-248,0.6748121
Prom1,Pttg1,33.72099395612802,2.846761402144305e-249,3.7688274202988454e-245,1.1433501
Prom1,Ctsg,33.47421365167057,1.1438511528626277e-245,1.514344541274833e-241,0.5616956
Prom1,C1qbp,33.4196481162479,7.1069911481057146e-245,9.408945580977155e-241,0.6537203
Prom1,Srm,33.02891271934349,3.124300023493381e-239,4.136260801102887e-235,0.77547944
Prom1,Ybx3,32.97662676955136,1.757316146971993e-238,2.3265108469762214e-234,0.53878987
Prom1,Hdgf,32.937543990553124,6.37909289866503e-238,8.445281088542632e-234,0.52874684
Prom1,Park7,32.881284345021314,4.0699030539176536e-237,5.388144653081582e-233,0.46274042
Prom1,Hsp90aa1,32.75710752654862,2.405142143408742e-235,3.184167683658834e-231,0.44611144
Prom1,Dynll1,32.5405147443581,2.8518622941512633e-232,3.7755804912268577e-228,0.45582652
Prom1,Psma3,32.37496137652204,6.180386658378211e-230,8.182213897026914e-226,0.47140074
Prom1,Atp5f1a,32.219261605115115,9.484654655990554e-228,1.2556734299065894e-223,0.43075776
Prom1,Selenoh,32.205654162790424,1.4708506114306655e-227,1.947259124473058e-223,0.58612406
Prom1,Cct3,32.1713455746521,4.442630618911879e-227,5.881598676377437e-223,0.64490557
Prom1,Hspd1,32.15769284496396,6.895050379929001e-227,9.128357197988004e-223,0.57295203
Prom1,Cacybp,32.07844459051802,8.810835330175068e-226,1.1664664893618772e-221,0.6493911
Prom1,Cct5,32.05125010615281,2.109035250531951e-225,2.79215176817925e-221,0.45493174
Prom1,Cct6a,32.001290187095634,1.0462709086298698e-224,1.3851580559350847e-220,0.62082016
Prom1,Snrpf,31.819771270174165,3.449069155815462e-222,4.566222655384091e-218,0.4707625
Prom1,Cnbp,31.711883302239073,1.06553222089531e-220,1.410658107243301e-216,0.50481856
Prom1,Serbp1,31.59899387700184,3.8114614653133364e-219,5.045993833928326e-215,0.38156962
Prom1,Pa2g4,31.49136767262272,1.1403503971325302e-217,1.5097098907637568e-213,0.60027426
Prom1,Sdf2l1,31.348193083579748,1.0296584967083908e-215,1.3631648837922385e-211,0.5489956
Prom1,Atp5f1b,31.117949820231168,1.3771731842535528e-212,1.8232395786332785e-208,0.388335
Prom1,Ostc,30.91358151581085,7.846580288523404e-210,1.0388087643976134e-205,0.48123038
Prom1,Pdia6,30.860103995747423,4.0999396572233795e-209,5.427910112198032e-205,0.54084957
Prom1,Ccnb1,30.80210279184999,2.455930216383342e-208,3.251406013469906e-204,1.3234267
Prom1,Hspa5,30.770758051971313,6.4528006609780595e-208,8.542862795068853e-204,0.5410776
Prom1,Ssr2,30.63367936118432,4.359770295743987e-206,5.771899894535464e-202,0.56117415
Prom1,Eef1g,30.537687336539616,8.23956654907382e-205,1.090836215431883e-200,0.4590639
Prom1,Hsp90b1,30.461201930951127,8.513281227787227e-204,1.1270733017467509e-199,0.5071933
Prom1,Tomm40,30.359895304362663,1.8599906946485752e-202,2.4624416806452487e-198,0.6847592
Prom1,Nop58,30.34245121967808,3.16006760735399e-202,4.1836135053759474e-198,0.651762
Prom1,Fbl,30.31095040634796,8.223086558188667e-202,1.0886544294385975e-197,0.5548587
Prom1,Nsun2,30.288844728534023,1.6078345839772788e-201,2.1286122057275193e-197,0.702263
Prom1,Lyar,30.24069708442947,6.914724611972546e-201,9.154403913790454e-197,0.6875863
Prom1,Npm1,30.12965428480189,1.981789177448536e-199,2.623690692024117e-195,0.3967564
Prom1,Ebna1bp2,30.08662253421954,7.250221848566411e-199,9.598568705317071e-195,0.6221825
Prom1,Npm3,29.873832194779,4.3053634483582685e-196,5.699870669281512e-192,0.6588932
Prom1,Prmt1,29.768755779871967,9.917558639137436e-195,1.312985588235405e-190,0.6041961
Prom1,Cks2,29.743963751157633,2.075648250729774e-194,2.747950719141148e-190,0.5747591
Prom1,Timm13,29.66523935173802,2.1571968186771455e-193,2.855912868246673e-189,0.46078968
Prom1,Emg1,29.36339355244623,1.611951434413099e-189,2.1340625040195018e-185,0.5471021
Prom1,Nucks1,29.107725854863286,2.8662463390862614e-186,3.7946235283163015e-182,0.64086145
Prom1,Nop10,29.02617851256933,3.0757531067706326e-185,4.0719895380536406e-181,0.4580052
Prom1,Mif,29.01183037416809,4.6665113024549363e-185,6.17799431332009e-181,0.4344406
Prom1,Gcsh,28.945985099796715,3.152568718796962e-184,4.173685726815298e-180,0.8447503
Prom1,Snrpd3,28.791224808747135,2.7624257285231385e-182,3.657175421991783e-178,0.48623997
Prom1,Ppp1r14b,28.723899894401214,1.9192989777168145e-181,2.540959916599291e-177,0.46515703
Prom1,Tmem147,28.670618407347654,8.871508408964232e-181,1.1744989982627747e-176,0.5076965
Prom1,Nop16,28.528232563227533,5.2320047837569716e-179,6.926651133215855e-175,0.7318919
Prom1,Ndufa12,28.475277083145237,2.3711782228801027e-178,3.139202849270968e-174,0.4609357
Prom1,Sfpq,28.471738315680383,2.622877697428541e-178,3.4724277836256457e-174,0.5578325
Prom1,Rsl1d1,28.35529321886206,7.202222930819998e-177,9.535022938112596e-173,0.5825372
Prom1,Gar1,28.09293788794048,1.1949075609489902e-173,1.5819381199403682e-169,0.5935498
Prom1,Lsm4,28.087219037573227,1.4034238525691269e-173,1.857992838416267e-169,0.44982755
Prom1,Polr3h,28.00685687845766,1.340587996003553e-172,1.7748044479091038e-168,0.775801
Prom1,Rps17,27.895047890233556,3.0638765137375915e-171,4.056266116537197e-167,0.28302145
Prom1,Cenpf,27.783014220800112,6.95888098103179e-170,9.212862530787986e-166,1.3009216
Prom1,Fam136a,27.72713070917621,3.2887013605663135e-169,4.353911731253743e-165,0.7662172
Prom1,Banf1,27.691527486106278,8.831419369114224e-169,1.1691916102770321e-164,0.4504634
Prom1,Ube2c,27.688537902548997,9.594644693023155e-169,1.2702350109093355e-164,1.3381432
Prom1,Mrpl12,27.68610824687146,1.0263185672486903e-168,1.358743151180541e-164,0.51478076
Prom1,Hnrnpa2b1,27.65407009304114,2.4933610603262885e-168,3.3009607077659733e-164,0.35008144
Prom1,Dkc1,27.617551039901798,6.849552077984283e-168,9.068121996043393e-164,0.6196968
Prom1,Mrto4,27.601729057811365,1.0607847493298045e-167,1.4043729296377283e-163,0.649742
Prom1,Cdkn3,27.572438331039624,2.382412614487207e-167,3.1540760603196134e-163,1.03947
Prom1,Psmb3,27.413286532934578,1.904568783309185e-165,2.52145861222303e-161,0.35845912
Prom1,Rps27l,27.350168470632696,1.0749252461473178e-164,1.423093533374434e-160,0.32131338
Prom1,Tcp1,27.317708280873703,2.61352616652577e-164,3.460047291863467e-160,0.43948936
Prom1,Cct8,27.179882282165394,1.1231835448024446e-162,1.4869826949639565e-158,0.4775768
Prom1,Ppa1,27.041547998632108,4.801902311099966e-161,6.357238469665244e-157,0.63847333
Prom1,Hmgb1,26.996566059080696,1.621670748879381e-160,2.1469299044414127e-156,0.48503017
Prom1,Snrpa,26.96477679272188,3.8279434606132345e-160,5.067814347505861e-156,0.6430305
Prom1,Pebp1,26.898757459631373,2.2709643351305322e-159,3.0065296832793115e-155,0.3959117
Prom1,Snrpg,26.89713604747121,2.3723412367130304e-159,3.140742563284381e-155,0.32189655
Prom1,Dad1,26.836303433021925,1.2188685966294897e-158,1.6136601350777814e-154,0.3667612
Prom1,Llph,26.806520879072334,2.71241814004937e-158,3.590970375611361e-154,0.4905619
Prom1,Mtdh,26.75296191970602,1.1405891990254817e-157,1.5100260405898353e-153,0.3932264
Prom1,Bzw2,26.621342084459418,3.843704588716437e-156,5.088680505001691e-152,0.7834848
Prom1,Mybbp1a,26.462121669499464,2.646489361012672e-154,3.5036872650446765e-150,0.67521596
Prom1,Samm50,26.452603273533352,3.4056110748209286e-154,4.5086885019554273e-150,0.5104535
Prom1,Anp32b,26.44441883140088,4.2299884616604935e-154,5.600081724392327e-150,0.36174035
Prom1,Swi5,26.41661550674764,8.82955365731006e-154,1.168944608691279e-149,0.33640194
Prom1,Ydjc,26.389283603043875,1.818831899594025e-153,2.40795155187253e-149,0.7964607
Prom1,Psmd7,26.349072169416452,5.259613337338187e-153,6.963202097302026e-149,0.44050074
Prom1,Plk1,26.30062883715103,1.8862124833572535e-152,2.497156706716668e-148,1.0365999
Prom1,Phb1,26.282088001116776,3.073256619919654e-152,4.06868443911163e-148,0.7358819
Prom1,Cyc1,26.276575402221454,3.5530783505747564e-152,4.70392042832592e-148,0.42123437
Prom1,Mydgf,26.238482908782654,9.674326987273446e-152,1.2807841498451315e-147,0.540663
Prom1,Hsp90ab1,26.22807971490202,1.2714982297067327e-151,1.6833365063087435e-147,0.2950139
Prom1,G3bp1,26.161176696205008,7.3539846726691e-151,9.735940308146622e-147,0.47528344
Prom1,Tars1,26.151477488682453,9.481169596922466e-151,1.2552120429365654e-146,0.72899616
Prom1,Eif4g2,26.134352894630712,1.4844770206202503e-150,1.9652991275991492e-146,0.4328487
Prom1,Rrp15,26.10509983823641,3.1907661647241815e-150,4.224255325478344e-146,0.7419747
Prom1,Ptma,26.08172674121912,5.876950943005143e-150,7.780495353444508e-146,0.33285046
Prom1,Jpt1,26.032919478584148,2.1003567182469727e-149,2.780662259287167e-145,0.65782386
Prom1,Rcc2,26.02122203557174,2.849106651654383e-149,3.771932296125238e-145,0.56989926
Prom1,Eprs1,25.96433722336058,1.2525692472638462e-148,1.6582764264526058e-144,0.50098455
Prom1,Nolc1,25.936355227931617,2.5919601916586946e-148,3.4314960977369456e-144,0.5403707
Prom1,2610318N02Rik,25.93241257389788,2.871447617614039e-148,3.801509500959226e-144,1.4459908
Prom1,Lsm5,25.77246119301348,1.8056990905905886e-146,2.3905650260328804e-142,0.48391134
Prom1,Tomm20,25.761016880839854,2.426071427153024e-146,3.2118759624078888e-142,0.37777352
Prom1,Cks1b,25.754400258735995,2.8776051037733503e-146,3.8096613968855385e-142,0.6254771
Prom1,Ruvbl1,25.730378552481696,5.345552281699989e-146,7.076976665742615e-142,0.6061001
Prom1,Lsm7,25.727771996689615,5.716919664341907e-146,7.56862994362225e-142,0.4688667
Prom1,Mrpl36,25.621748065898508,8.732931406756194e-145,1.1561527889404526e-140,0.53244823
Prom1,Psma7,25.606715296942674,1.284223105659723e-144,1.7001829695829072e-140,0.31825757
Prom1,Kif20a,25.595856068838078,1.6965334671424535e-144,2.246040657149894e-140,1.1172249
Prom1,Snrpb,25.555536637955313,4.765279749502342e-144,6.308753860366151e-140,0.37353337
Prom1,Ftsj3,25.5542803585015,4.920988188704945e-144,6.514896263026477e-140,0.7755019
Prom1,Ppan,25.540614703596876,6.980812048715325e-144,9.24189707129422e-140,0.6649484
Prom1,Lrrc59,25.46132733140848,5.288765425673378e-143,7.001796547048985e-139,0.6721799
Prom1,Mogs,25.446281618636803,7.761260517840199e-143,1.027513279956864e-138,0.6197188
Prom1,Psat1,25.42466223350793,1.3462275748068787e-142,1.7822706862868266e-138,0.7632234
Prom1,Ifrd2,25.405069905666497,2.2166813975976806e-142,2.9346645022795694e-138,0.7722519
Prom1,Srsf7,25.372789746414632,5.037134766038364e-142,6.668662716758189e-138,0.420995
Prom1,Psma4,25.312981137932844,2.2986631775452453e-141,3.04320018075215e-137,0.4371732
Prom1,Rpl7l1,25.29164981098608,3.946780312116725e-141,5.225142455211332e-137,0.53602356
Prom1,Galk1,25.275981589872934,5.86891818100551e-141,7.769860779833194e-137,0.5121536
Prom1,Gnl3,25.26685732575402,7.393589605030102e-141,9.788373278099352e-137,0.59642684
Prom1,Brix1,25.02628104729689,3.164715363462249e-138,4.1897666696876717e-134,0.57931554
Prom1,Pfdn6,24.954125895465094,1.926159487743842e-137,2.5500425458240725e-133,0.49142313
Prom1,Slc19a1,24.93412035993072,3.175128537744528e-137,4.20355267111998e-133,0.8590292
Prom1,Ruvbl2,24.92738899464033,3.756303165637233e-137,4.972969760987133e-133,0.5984793
Prom1,Manf,24.838197883390823,3.468586439571283e-136,4.592061587348422e-132,0.40091705
Prom1,Sub1,24.832789035612173,3.9681327141032164e-136,5.253410900201248e-132,0.29965782
Prom1,Cct7,24.831580361369966,4.0892360757934485e-136,5.4137396407429464e-132,0.39671433
Prom1,Nip7,24.72102601516758,6.355679153379901e-135,8.414283631159651e-131,0.6135372
Prom1,Suclg1,24.716884862651952,7.041918998786786e-135,9.322796562493827e-131,0.49102578
Prom1,Ppid,24.68943735161125,1.388804622754732e-134,1.8386384400649896e-130,0.64958423
Prom1,Tubb4b,24.658164681458427,3.0081412066122047e-134,3.982478143433898e-130,0.7830777
Prom1,Phb2,24.62092113691687,7.542041183349667e-134,9.984908322636625e-130,0.42200446
Prom1,Krtcap2,24.577445533175283,2.201488406068984e-133,2.914550500794728e-129,0.3202448
Prom1,Fkbp4,24.56680839146973,2.860345291289663e-133,3.786811131138385e-129,0.4653957
Prom1,Eif1a,24.53690540374909,5.967512467803897e-133,7.900389756125578e-129,0.6229785
Prom1,Phgdh,24.415944380041054,1.1580979743025042e-131,1.5332059081790853e-127,0.5203894
Prom1,Gpatch4,24.41395606473794,1.2158030058572665e-131,1.6096015994544351e-127,0.7673289
Prom1,Nop56,24.362128795034987,4.312373485714296e-131,5.709151257737156e-127,0.5491831
Prom1,Srsf3,24.3561954912334,4.984143216509452e-131,6.5985072043368635e-127,0.36272383
Prom1,Ndufc2,24.277273667248103,3.4076815511514554e-130,4.511429605569412e-126,0.3240291
Prom1,Timm23,24.19725759978203,2.3776389919922287e-129,3.1477562614985114e-125,0.44831723
Prom1,Tmed9,24.136578689253728,1.0329796057198182e-128,1.3675617000124674e-124,0.36322904
Prom1,Anp32e,24.126557515864157,1.316119893871545e-128,1.7424111274965382e-124,0.46258074
Prom1,Hmmr,24.114862821822406,1.7458742741118594e-128,2.3113629514966905e-124,0.97783047
Prom1,Snrpd2,23.997509968278987,2.9523281080057775e-127,3.908587182188849e-123,0.33865142
Prom1,Psmb6,23.976074732009568,4.941392414059691e-127,6.541909416973625e-123,0.39689136
Prom1,Hspa9,23.964135572991985,6.581919500992365e-127,8.713803227363792e-123,0.4598543
Prom1,Spns1,23.949702877015113,9.306282544046338e-127,1.2320587460062946e-122,0.4065734
Prom1,Nudcd2,23.888753955689662,4.0088125574408805e-126,5.307266944795982e-122,0.4722263
Prom1,Map4k1,23.888311134394986,4.051519113788048e-126,5.363806154743997e-122,0.4961644
Prom1,Eif2s2,23.879840680130425,4.9617291017327163e-126,6.568833157783943e-122,0.3975649
Prom1,Timm9,23.869784880274427,6.310748884787298e-126,8.354800448569904e-122,0.5999251
Prom1,Nars1,23.868601032986465,6.491939015190708e-126,8.594678062210979e-122,0.5426892
Prom1,Eef1d,23.83366653389213,1.4958029591825858e-125,1.980293537661825e-121,0.30508733
Prom1,Coxfa4,23.83167208752577,1.5687506419302198e-125,2.076868974851418e-121,0.2745607
Prom1,Srsf6,23.816556603432552,2.2502128232987e-125,2.979056756765149e-121,0.49939826
Prom1,Cmtm7,23.80328751595012,3.0879766853664233e-125,4.088172333756608e-121,0.2901435
Prom1,Cdca3,23.76828031874356,7.111095587327973e-125,9.414379448063503e-121,0.6286008
Prom1,Mrps18b,23.767197539666515,7.296807547212862e-125,9.660243511755108e-121,0.6234917
Prom1,Parl,23.758262027572076,9.026311388779974e-125,1.1949933647605808e-120,0.5346007
Prom1,Snu13,23.752418961962675,1.0372861427244674e-124,1.3732631243529224e-120,0.33801258
Prom1,Knstrn,23.727751719224234,1.864971313991855e-124,2.469035522593817e-120,0.8251393
Prom1,Eif4e,23.68341853837507,5.3444210643111744e-124,7.075479047041564e-120,0.5788028
Prom1,Hnrnpk,23.67464913855078,6.580252874657113e-124,8.711596780758551e-120,0.29996574
Prom1,Snrpa1,23.62411196150113,2.178835098592176e-123,2.8845597870261814e-119,0.54807234
Prom1,Srsf2,23.56389376279924,9.044184081603632e-123,1.197359530563505e-118,0.38542295
Prom1,Uqcr11,23.55414484665425,1.1384003204052243e-122,1.5071281841844765e-118,0.30130768
Prom1,Fkbp1a,23.496102387875723,4.47067089496013e-122,5.918721197837716e-118,0.44328278
Prom1,Nup37,23.452482711570198,1.247006577152027e-121,1.6509120074915687e-117,0.8207817
Prom1,Ap3s1,23.41780416357512,2.8148729132221012e-121,3.72661024981474e-117,0.27287912
Prom1,Ndufb6,23.39942143600595,4.331932396345835e-121,5.735045299522251e-117,0.40819007
Prom1,Impdh2,23.392143418282664,5.137664499012352e-121,6.801754030242454e-117,0.4391042
Prom1,Strap,23.36909736740266,8.814619787025048e-121,1.1669675136042461e-116,0.498753
Prom1,Gspt1,23.330324350580565,2.1832614148530202e-120,2.8904197871239137e-116,0.4976865
Prom1,Cct4,23.254333584443582,1.2859364615006483e-119,1.7024512813807082e-115,0.4199038
Prom1,Eny2,23.221662676598264,2.7513576450523637e-119,3.642522386284824e-115,0.35096908
Prom1,Bop1,23.214704394133932,3.2347503315586795e-119,4.282485963950536e-115,0.6801987
Prom1,Hsd17b12,23.207097215602236,3.8606970501300734e-119,5.111176824667204e-115,0.6493728
Prom1,Wdr74,23.202705851276615,4.275655711312674e-119,5.660540596206849e-115,0.6132232
Prom1,Timm8a1,23.202593893115832,4.2867977408940477e-119,5.67529152916963e-115,0.5084789
Prom1,Aspm,23.159525626293448,1.1655278068187623e-118,1.5430422634473595e-114,1.0964373
Prom1,Apex1,23.140235523029887,1.8231537176065205e-118,2.4136732067392725e-114,0.52216184
Prom1,Ccdc124,23.129264351941615,2.351034834503445e-118,3.112535017399111e-114,0.52914333
Prom1,Rrs1,23.110540918443423,3.6275097160243995e-118,4.802460113044703e-114,0.6380155
Prom1,Rcc1,23.10518745210419,4.106143925627224e-118,5.436123943137882e-114,0.77882063
Prom1,Eef1e1,23.08633201783094,6.352054601726466e-118,8.409485087225668e-114,0.6369539
Prom1,Ndufaf4,23.081998981259233,7.021591215773743e-118,9.295884610562857e-114,0.78098416
Prom1,Polr2f,23.069955046774695,9.27604619744665e-118,1.228055756079962e-113,0.35728312
Prom1,Sdad1,23.066750257955427,9.989184990949191e-118,1.3224682009517635e-113,0.77169967
Prom1,Fubp1,23.05138840706226,1.4244868046137802e-117,1.8858780806281836e-113,0.5037956
Prom1,Prdx1,22.954539835311007,1.327404119908114e-116,1.757350314346352e-112,0.47764528
Prom1,Uqcc2,22.95198011290876,1.4078874504123162e-116,1.8639021956008655e-112,0.39814013
Prom1,Pomp,22.937062170311304,1.9838176526689613e-116,2.626376190368438e-112,0.34899354
Prom1,Syncrip,22.901084118060023,4.532032765161271e-116,5.999958177797007e-112,0.48059204
Prom1,Chchd4,22.871537258455398,8.923384708466171e-116,1.1813669015538365e-111,0.5753815
Prom1,Eif2s1,22.868939098541997,9.470758853911573e-116,1.2538337646693532e-111,0.4381802
Prom1,Nifk,22.85340361027158,1.3518315608801534e-115,1.7896898034492353e-111,0.61822706
Prom1,Tmed10,22.81982586645461,2.9145841344652443e-115,3.858617935618537e-111,0.3448031
Prom1,Mrps28,22.814460328285985,3.2949390064150713e-115,4.362169750592913e-111,0.51374024
Prom1,St6galnac4,22.801971707844,4.383187825559742e-115,5.8029023622585425e-111,0.7841239
Prom1,Clec11a,22.741445850660224,1.743886359698823e-114,2.3087311516052717e-110,0.44934982
Prom1,Pno1,22.725987850076287,2.4798828571280172e-114,3.283116914551782e-110,0.7248374
Prom1,Bud23,22.717499842062132,3.0085125819523535e-114,3.9829698072467206e-110,0.6557424
Prom1,Cmss1,22.707821047548705,3.7497961394717314e-114,4.964355109046625e-110,0.71662873
Prom1,Faap24,22.700000410133878,4.4799131846620126e-114,5.930957065174039e-110,1.0055401
Prom1,Chlsn,22.60722420582552,3.6796379465472564e-113,4.8714726774339125e-109,0.6560054
Prom1,Morf4l2,22.590439400845735,5.38098367238348e-113,7.123884283868488e-109,0.48857015
Prom1,Eif3d,22.572539342098707,8.067719002479428e-113,1.0680853187382514e-108,0.3742746
Prom1,Mrpl20,22.569527716946205,8.636342687617253e-113,1.143365408413648e-108,0.36805844
Prom1,Psmd14,22.56787941014012,8.964318550079947e-113,1.1867861328450841e-108,0.50968283
Prom1,Sapcd2,22.520115715476237,2.6367894167103243e-112,3.490845508782798e-108,0.98298466
Prom1,Ddx18,22.465309527065063,9.067793638118067e-112,1.2004851997504509e-107,0.56614596
Prom1,Jagn1,22.446650060022016,1.3798684507882597e-111,1.826807841998577e-107,0.6325356
Prom1,Ywhae,22.441395053192586,1.5529632480857268e-111,2.0559680441406936e-107,0.36366546
Prom1,Ptges3,22.400200832025046,3.918082092773934e-111,5.187148882623411e-107,0.40061182
Prom1,Magoh,22.385818708915334,5.4102809245016216e-111,7.162670915947697e-107,0.4025364
Prom1,Mrps10,22.37753017856373,6.515481205483914e-111,8.625845567940154e-107,0.65021104
Prom1,Mnd1,22.36481687144309,8.66384578233349e-111,1.1470065431231307e-106,0.7196342
Prom1,Abce1,22.334434085706842,1.7108178674868733e-110,2.2649517747658714e-106,0.65825903
Prom1,Timm10,22.320563164402778,2.3333226882523446e-110,3.089085906977279e-106,0.6513201
Prom1,Acsl5,22.312486554790933,2.7951775535299665e-110,3.700535563118323e-106,0.6202675
Prom1,Polr2i,22.201602183392417,3.314248818300278e-109,4.3877340105477384e-105,0.46427232
Prom1,Arl1,22.186263824624966,4.661502550644617e-109,6.171363226798408e-105,0.51869833
Prom1,Psmb2,22.165248684367896,7.435815867954571e-109,9.844276627585057e-105,0.33004022
Prom1,Sco2,22.118241910265034,2.1099192022512246e-108,2.793322031860396e-104,0.7049228
Prom1,Canx,22.093171138905028,3.676592250725187e-108,4.867440480735075e-104,0.3222015
Prom1,Srp19,22.092760693307433,3.71015170897349e-108,4.9118698475100035e-104,0.39706904
Prom1,Nes,22.089848272537676,3.957225872335212e-108,5.238971332384587e-104,0.39358115
Prom1,AI506816,22.079904642470222,4.931264778896716e-108,6.528501440781362e-104,0.5794271
Prom1,Mrpl42,22.073074369955116,5.735598340603815e-108,7.593358643125391e-104,0.44025826
Prom1,Mrpl13,22.056002481206047,8.36575009169329e-108,1.1075416546392747e-103,0.37043512
Prom1,Wdr43,22.022661952452086,1.7469484199286867e-107,2.3127850131435883e-103,0.60575897
Prom1,H2-K1,21.99188212405349,3.4440340276334305e-107,4.559556649183899e-103,0.36133242
Prom1,Atic,21.975148489303532,4.9791821695743406e-107,6.59193927429947e-103,0.58623374
Prom1,Hint1,21.930702761392446,1.3236731980442387e-106,1.7524109468907675e-102,0.25695682
Prom1,Dnph1,21.929317310332912,1.3645933462451373e-106,1.8065851310939374e-102,0.6336021
Prom1,Ube2s,21.879866097599734,4.0402774031527794e-106,5.348923254033964e-102,0.4302609
Prom1,Psmd6,21.84418679214368,8.828282925072161e-106,1.1687763764503035e-101,0.4762337
Prom1,Las1l,21.8220869722064,1.4317419487636459e-105,1.8954831659681907e-101,0.6740751
Prom1,Tspan4,21.81512593445692,1.6671068634131246e-105,2.2070827764726357e-101,0.63570774
Prom1,Reep4,21.7925966747598,2.727385691367459e-105,3.610785916801379e-101,0.8682234
Prom1,Thyn1,21.779943584769168,3.595149319349491e-105,4.7596181838867916e-101,0.61425483
Prom1,Ddx21,21.76333477083966,5.165212835339292e-105,6.838225272705688e-101,0.52097714
Prom1,Rpn1,21.736080807983658,9.355457540824126e-105,1.238569023829706e-100,0.36020088
Prom1,Denr,21.734224143130472,9.741545934626224e-105,1.289683266285166e-100,0.47077554
Prom1,Erh,21.72459175049295,1.2014898778958011e-104,1.590652449346251e-100,0.52652717
Prom1,H2ax,21.681125000920595,3.092282400255139e-104,4.093872669697779e-100,0.67164844
Prom1,Psma5,21.643151702002513,7.051482662693588e-104,9.335457897140041e-100,0.35801417
Prom1,Atad3a,21.626871353382803,1.0036342451138836e-103,1.3287113771062705e-99,0.6358336
Prom1,Mbd3,21.599327614605507,1.822487315806225e-103,2.412790957395861e-99,0.44634208
Prom1,Psmb10,21.59509314863674,1.9974075426944026e-103,2.6443678457731197e-99,0.5479011
Prom1,Cenpe,21.585317953409625,2.467855176673823e-103,3.2671934683984743e-99,0.8944928
Prom1,Rpp14,21.577816357392962,2.902556028781882e-103,3.842693926504333e-99,0.62891126
Prom1,Sigmar1,21.564032510034284,3.910082023014221e-103,5.176557590268527e-99,0.7172253
Prom1,Cct2,21.558816966612543,4.3765194449245495e-103,5.794074093135611e-99,0.3232658
Prom1,H2az1,21.555439108970596,4.707828196782258e-103,6.232693749720032e-99,0.29894638
Prom1,Eif3b,21.540522564354088,6.496979731720419e-103,8.601351466824663e-99,0.41268638
Prom1,Ddx39b,21.51459479693457,1.1366815658932568e-102,1.5048527250860828e-98,0.36817837
Prom1,Pdap1,21.47000229477293,2.9700369855930802e-102,3.9320319652266786e-98,0.4325976
Prom1,Farsb,21.418121039618054,9.056911865814069e-102,1.1990445619151247e-97,0.70134354
Prom1,Atf4,21.372061743224936,2.4315513379710852e-101,3.21913081633992e-97,0.49164152
Prom1,Lman2,21.34555824239535,4.2881190685258534e-101,5.677040834821377e-97,0.339975
Prom1,Hmgb3,21.302167879416505,1.0838713667317871e-100,1.434937302416213e-96,0.47684696
Prom1,Idh3a,21.278629090867916,1.7910287927518564e-100,2.3711430187241827e-96,0.4886046
Prom1,Ssb,21.263061660073895,2.4959047275782023e-100,3.304328268840782e-96,0.35157442
Prom1,Ncln,21.26094601939704,2.6109995251902613e-100,3.456702271399387e-96,0.5605598
Prom1,Ssbp1,21.24544923433485,3.632115645083191e-100,4.808557902525636e-96,0.4001426
Prom1,Pabpn1,21.221852029975373,6.001302506278268e-100,7.945124388061798e-96,0.3690076
Prom1,Bola3,21.216681772236527,6.698798601541284e-100,8.868539468580507e-96,0.45228684
Prom1,Coq7,21.21656842622104,6.71496310723047e-100,8.88993965766242e-96,0.6215462
Prom1,Selenos,21.214824598768015,6.968616306861333e-100,9.225751128653719e-96,0.37266713
Prom1,Hgh1,21.199362751043225,9.679821089372837e-100,1.2815115140220698e-95,0.7430359
Prom1,Rrp7a,21.182932673111328,1.372182374111876e-99,1.8166322450867125e-95,0.5336941
Prom1,Lsm6,21.1655270773631,1.9853017604996476e-99,2.6283410007254834e-95,0.3487171
Prom1,Snrpc,21.118056618892858,5.428250427234724e-99,7.186460740616051e-95,0.38451883
Prom1,Rangap1,21.108975161589125,6.5783673208680654e-99,8.709100496097232e-95,0.5636804
Prom1,Uqcrq,21.10824733772295,6.680442747795959e-99,8.84423815380707e-95,0.2671516
Prom1,Znrd2,21.097660722733384,8.356941838752041e-99,1.1063755300323826e-94,0.55281484
Prom1,Hnrnpdl,21.084728265166387,1.0984266947741388e-98,1.4542071012114823e-94,0.42217678
Prom1,Mrpl30,21.078507891099985,1.2527087130683844e-98,1.6584610652312343e-94,0.3699432
Prom1,Mrpl54,21.072687527499266,1.4165874220620345e-98,1.8754200880679274e-94,0.35846162
Prom1,Snrpd1,21.067746188315553,1.5723940278284305e-98,2.0816924534420592e-94,0.32791495
Prom1,Hnrnpm,21.060702266626606,1.8245018189536715e-98,2.4154579581127655e-94,0.3691827
Prom1,Rars1,21.057352951719196,1.958147011562051e-98,2.5923908286069994e-94,0.5455327
Prom1,Eif3a,21.011942652702334,5.100494288993725e-98,6.752544389198792e-94,0.32179248
Prom1,Chchd1,20.94467439239177,2.0982818346069078e-97,2.777915320836085e-93,0.38169813
Prom1,Rgcc,20.907429027757836,4.582703377552881e-97,6.067041001542259e-93,0.41046262
Prom1,Prpf31,20.903336711871226,4.992992253056506e-97,6.610222443821508e-93,0.556768
Prom1,Hnrnpc,20.896527391955825,5.758482783584592e-97,7.623655357187642e-93,0.41501287
Prom1,Etfb,20.88247458889614,7.728383730090582e-97,1.0231607220266921e-92,0.27231884
Prom1,Atf5,20.877036571751958,8.659902658614326e-97,1.1464845129739507e-92,0.79943144
Prom1,Ndufa5,20.87573363837597,8.899242401974458e-97,1.1781707015973986e-92,0.38871175
Prom1,Cfap298,20.86848408136725,1.0356615026213367e-96,1.3711122633203876e-92,0.66387975
Prom1,Upk1a,20.833633873749108,2.145489811178605e-96,2.840413961019355e-92,0.5213257
Prom1,Rpn2,20.81556343160444,3.128461562645918e-96,4.141770262786931e-92,0.3435651
Prom1,Aurka,20.799302989007707,4.391440684085075e-96,5.813828321660231e-92,0.8932086
Prom1,Esf1,20.771090654649615,7.904303722199347e-96,1.0464507697819716e-91,0.50368226
Prom1,Hikeshi,20.762596797182614,9.43291465450601e-96,1.2488235711100505e-91,0.551811
Prom1,Eif3c,20.725300754735766,2.0484366585966005e-95,2.7119252923160393e-91,0.32093167
Prom1,Creld2,20.68723277420535,4.513859966306537e-95,5.975899209393224e-91,0.4793366
Prom1,Iars1,20.68531890796661,4.69658435702793e-95,6.217808030269276e-91,0.7380029
Prom1,Tpx2,20.685137506714714,4.714281730411922e-95,6.241237582892344e-91,0.7052696
Prom1,Wdr83os,20.66741035844623,6.807203180913854e-95,9.012056291211851e-91,0.37905163
Prom1,Cenpw,20.664602411080345,7.214880611561413e-95,9.551780441646155e-91,0.48364288
Prom1,Noc2l,20.662555095064118,7.52739581209263e-95,9.965519315629433e-91,0.57395065
Prom1,Cops7a,20.654815502548463,8.835801780112147e-95,1.169771797669047e-90,0.53205514
Prom1,Mrpl11,20.642951974401672,1.129491176115707e-94,1.4953333680595846e-90,0.47549152
Prom1,Psmg1,20.635027734801017,1.330690138332127e-94,1.761700674137903e-90,0.50647825
Prom1,Ddost,20.634019087368948,1.3587420687823408e-94,1.798838624860941e-90,0.31064296
Prom1,Phf5a,20.631846991008747,1.4211704966158858e-94,1.8814876204697713e-90,0.35558254
Prom1,Zfp593,20.622677657030433,1.7178294434625418e-94,2.274234400200059e-90,0.46705946
Prom1,Tuba4a,20.615112148257452,2.008562290312896e-94,2.659135616145243e-90,0.3472047
Prom1,Mrps33,20.58336190006512,3.86895415636662e-94,5.122108407613768e-90,0.35644925
Prom1,Aimp2,20.570203707747538,5.075240812222173e-94,6.7191113113009355e-90,0.5941223
Prom1,Slc35b1,20.56810523613911,5.299642178606891e-94,7.016196280257663e-90,0.5267508
Prom1,Clns1a,20.563509375637118,5.826283466676449e-94,7.71341668153295e-90,0.43475392
Prom1,Mcrip2,20.556847220064455,6.683734819157235e-94,8.848596527082263e-90,0.7292204
Prom1,Slc7a5,20.555937429827896,6.810210242059565e-94,9.016037339462658e-90,0.70174253
Prom1,Idi1,20.54304385113225,8.881797611133122e-94,1.1758611857379141e-89,0.7095342
Prom1,Endog,20.46890162836525,4.077059118511182e-93,5.397618566996954e-89,0.58428526
Prom1,Tmem14c,20.457034664701172,5.200664522286034e-93,6.88515976105448e-89,0.33039033
Prom1,Mrps26,20.44944557349752,6.0761860678803436e-93,8.044262735266787e-89,0.4433148
Prom1,Psmb4,20.44868329441382,6.171872043745062e-93,8.170941398714088e-89,0.28411782
Prom1,Rexo2,20.41369214190073,1.2636854864547822e-92,1.672993215517486e-88,0.35715103
Prom1,Txnl4a,20.40058704337988,1.6522023409666445e-92,2.1873506792057408e-88,0.48700374
Prom1,Hnrnpab,20.374576571776586,2.81136323128215e-92,3.721963781894439e-88,0.31475627
Prom1,Ssr1,20.371532630729984,2.991672445246348e-92,3.96067515026164e-88,0.33684766
Prom1,Pcbp1,20.332895307533278,6.580278188826964e-92,8.711630294188018e-88,0.27123857
Prom1,Mak16,20.31431489492764,9.608112992490364e-92,1.2720180790757994e-87,0.556275
Prom1,Htra2,20.306515990736205,1.126149038573271e-91,1.4909087121671534e-87,0.46860656
Prom1,Fmc1,20.284147871159416,1.7751219721191718e-91,2.3500839788885716e-87,0.40113682
Prom1,Ola1,20.265955076195382,2.5692704263217905e-91,3.4014571174074187e-87,0.44337875
Prom1,Ak6,20.21938939708223,6.609612557335617e-91,8.750466064656624e-87,0.52551484
Prom1,Dnajc2,20.21926899105642,6.625762720101389e-91,8.77184726514223e-87,0.42782885
Prom1,Mettl1,20.21496597676664,7.229514256239227e-91,9.571153923835112e-87,0.6451334
Prom1,Hspa4,20.2077146408338,8.373635238570168e-91,1.1085855692343045e-86,0.41656768
Prom1,Psmc5,20.203197732410313,9.175865941988178e-91,1.2147928920598149e-86,0.43669796
Prom1,Emc6,20.174199837890658,1.6501246243133045e-90,2.1845999901283837e-86,0.39563978
Prom1,Oat,20.16956721742069,1.812175464466825e-90,2.3991390974076294e-86,0.53371716
Prom1,Mrpl23,20.151239799558716,2.6245798803684973e-90,3.474681303619853e-86,0.35939658
Prom1,Txn2,20.14772485991798,2.817693510166961e-90,3.73034443811004e-86,0.33574653
Prom1,Mrpl2,20.135610770260605,3.5984929431495823e-90,4.7640448074357316e-86,0.46412325
Prom1,Gusb,20.10923093564161,6.126636079496102e-90,8.11105350564489e-86,0.46402124
Prom1,Psmd1,20.095621645810475,8.059884843551663e-90,1.0670481544378046e-85,0.46284187
Prom1,Chchd10,20.094883611330143,8.180610699505525e-90,1.0830310505075365e-85,0.48865455
Prom1,Mospd3,20.08876402755767,9.253700213489897e-90,1.2250973712639275e-85,0.4511152
Prom1,Ndufb4,20.08366237737875,1.0254832641711926e-89,1.357637293436242e-85,0.30583405
Prom1,Prmt7,20.073594123869988,1.2558588511319473e-89,1.6626315330135852e-85,0.64905524
Prom1,Ddx10,20.029464315787433,3.0492017202943737e-89,4.0368381574977216e-85,0.631853
Prom1,Atp5mc3,20.025615375367032,3.2941753674617276e-89,4.361158768982581e-85,0.27394068
Prom1,Sqle,19.99824027070411,5.705015380468626e-89,7.552869862202414e-85,0.56019974
Prom1,Ube2m,19.99598591304755,5.968755827166611e-89,7.902035839585877e-85,0.3067739
Prom1,Dazap1,19.960040974207597,1.2261169202563214e-88,1.623256190727344e-84,0.39582795
Prom1,Ubl4a,19.948749723848394,1.536835326894233e-88,2.0346162892752752e-84,0.41017836
Prom1,Abhd14a,19.935686134784913,1.9954988673474183e-88,2.641840950481247e-84,0.5009822
Prom1,Atp5mj,19.926037548928313,2.4197891424783536e-88,3.2035588457270924e-84,0.2747903
Prom1,Sf3b6,19.923893857387068,2.525655008823789e-88,3.3437146661818147e-84,0.29713213
Prom1,Cenpv,19.911644425139087,3.225518589609348e-88,4.270264060783815e-84,0.5427246
Prom1,Wdr12,19.901061088328383,3.984047978103183e-88,5.274481118210804e-84,0.47276485
Prom1,Dbf4,19.897403689764737,4.2856005137537324e-88,5.673706520158566e-84,0.6366828
Prom1,Hnrnpu,19.896839792806926,4.3340776139719023e-88,5.737885353137402e-84,0.29467344
Prom1,Eif3m,19.894944885720225,4.501021830264074e-88,5.958902801086607e-84,0.3247819
Prom1,Psma2,19.89158468908717,4.8129865411632656e-88,6.371912881846048e-84,0.2682978
Prom1,Psma6,19.878167374185818,6.288929193180407e-88,8.325913358851542e-84,0.31265843
Prom1,Birc5,19.877751684387924,6.341242259272912e-88,8.395170627051408e-84,0.5524443
Prom1,Timm17a,19.86290546603533,8.523417227867013e-88,1.1284152067973138e-83,0.44048452
Prom1,Nr2c2ap,19.859944577607735,9.041030289035223e-88,1.1969419999653732e-83,0.5373203
Prom1,Eif5,19.841025064518348,1.3174497705893453e-87,1.7441717512832344e-83,0.35998446
Prom1,Fcf1,19.838062651662863,1.3974083814806207e-87,1.850028956242194e-83,0.45918876
Prom1,Mcm3ap,19.824900030928305,1.8154148751470886e-87,2.4034277532072305e-83,0.4226554
Prom1,Metap2,19.81676962652224,2.133734132141811e-87,2.8248506175425436e-83,0.32520163
Prom1,Lman1,19.77144940038472,5.244737114135292e-87,6.943507465403713e-83,0.401009
Prom1,Imp4,19.754647548076438,7.3164614847720635e-87,9.686263359689735e-83,0.5172266
Prom1,Aimp1,19.7544301889132,7.348025110944126e-87,9.728050444378927e-83,0.38608155
Prom1,Mesd,19.734106905691856,1.0987124177527274e-86,1.4545853698628358e-82,0.52012646
Prom1,Icam2,19.70415276176532,1.9863920314541104e-86,2.629784410442097e-82,0.58635485
Prom1,Psmg3,19.696264547356286,2.321277750954214e-86,3.073139614488284e-82,0.51917475
Prom1,Hspe1,19.677956875717637,3.3316515475359415e-86,4.410773483782833e-82,0.41085753
Prom1,Mat2a,19.672495796838554,3.7105950314756154e-86,4.9124567621705673e-82,0.42047328
Prom1,Skic8,19.662003694189146,4.563426698419945e-86,6.041520606038165e-82,0.4963226
Prom1,Rsl24d1,19.65537280394074,5.200547933238254e-86,6.885005408814124e-82,0.447656
Prom1,Mrps14,19.650709962213302,5.7009855210701834e-86,7.547534731344816e-82,0.28583777
Prom1,Mphosph10,19.64983996251714,5.7995413645188685e-86,7.67801281248653e-82,0.42794335
Prom1,Acp1,19.611082423546367,1.2435700955209072e-85,1.6463624494601292e-81,0.41311336
Prom1,Rbis,19.608108875010327,1.3184374632388784e-85,1.745479357581951e-81,0.41245693
Prom1,Exosc1,19.605897712689547,1.3770090021799093e-85,1.823022217985982e-81,0.5129759
Prom1,Tomm6,19.602682387482165,1.466840978148566e-85,1.9419507709708865e-81,0.27370584
Prom1,Stoml2,19.602198901815793,1.48084538508353e-85,1.9604912053120853e-81,0.4260719
Prom1,Uchl3,19.569427947701158,2.8182708152011213e-85,3.7311087322447645e-81,0.50920606
Prom1,Trmt112,19.559704871444865,3.4104549275847465e-85,4.515101278629446e-81,0.2998861
Prom1,Ndufb2,19.54337193801951,4.6974073611819406e-85,6.218897605468771e-81,0.33490354
Prom1,Glrx3,19.50154870857019,1.0650792320537493e-84,1.4100583953159587e-80,0.3355769
Prom1,Shmt2,19.487297017288324,1.4072042806647174e-84,1.8629977471720192e-80,0.5596399
Prom1,Mrps5,19.45744437228186,2.520435796618434e-84,3.336804951143145e-80,0.5333631
Prom1,Mrpl16,19.441383202744117,3.447445894939011e-84,4.564073620309757e-80,0.5543006
Prom1,Prmt5,19.384023377816792,1.0528461201973683e-83,1.393862978529296e-79,0.63664055
Prom1,Nudc,19.355440754487528,1.8341895352359283e-83,2.4282835256988455e-79,0.34866863
Prom1,Wdr77,19.35263591595664,1.9367897322177454e-83,2.564115926483073e-79,0.59643114
Prom1,Lsm2,19.347260410658375,2.149690577280462e-83,2.8459753552616036e-79,0.38818896
Prom1,Nol11,19.344263742211673,2.2783484868233228e-83,3.016305561705397e-79,0.5541868
Prom1,Ndufs8,19.335449679113673,2.703012497948213e-83,3.5785182460336394e-79,0.37231776
Prom1,Cd320,19.329253383944724,3.047966567358799e-83,4.035202938526314e-79,0.57080096
Prom1,Ckap2,19.32443794866443,3.3460805801580296e-83,4.4298760800712156e-79,0.88675046
Prom1,Rnaseh2c,19.29207920449218,6.260422746311326e-83,8.288173673841565e-79,0.35785997
Prom1,Hyou1,19.28989119699374,6.5310606292313975e-83,8.646471167039447e-79,0.58516085
Prom1,Yars1,19.28325472132124,7.425399581413273e-83,9.830486505833032e-79,0.62023103
Prom1,Snhg3,19.27899514773216,8.062757470873881e-83,1.0674284615689931e-78,0.5541064
Prom1,Ptpmt1,19.235119240589782,1.8811018285066393e-82,2.49039071075994e-78,0.46371853
Prom1,Clpb,19.229845798228574,2.0824639913328054e-82,2.756974078125501e-78,0.6496917
Prom1,Sdhd,19.213602004156456,2.8480259058162995e-82,3.770501496710199e-78,0.345887
Prom1,Pwp1,19.17698322007465,5.762848274558039e-82,7.629434830687389e-78,0.67068267
Prom1,Ccdc115,19.16112355106749,7.816755739062068e-82,1.0348602922944273e-77,0.49625406
Prom1,Bccip,19.158433648514624,8.231326474703984e-82,1.0897453119860605e-77,0.46028668
Prom1,Dnajb11,19.151305466672557,9.43906287412204e-82,1.2496375339050168e-77,0.4194165
Prom1,Gcat,19.151052026087147,9.485113331893225e-82,1.255734154009344e-77,0.79657483
Prom1,Cep89,19.143256673329603,1.1016424676005256e-81,1.458464462856336e-77,1.08113
Prom1,Drap1,19.14131725282908,1.143424758162275e-81,1.5137800373310358e-77,0.27303648
Prom1,Elac2,19.139436210363897,1.1854584068029038e-81,1.5694283847663644e-77,0.77972317
Prom1,Mrpl21,19.12976521103472,1.4271549929975874e-81,1.889410495229506e-77,0.40438357
Prom1,Wdr18,19.12451912351391,1.5782212223633823e-81,2.0894070762868817e-77,0.55276906
Prom1,Mrpl51,19.101822000085804,2.4382815143878862e-81,3.2280408968981225e-77,0.3342824
Prom1,Ndufaf8,19.08192758166729,3.568522464008429e-81,4.7243668901007595e-77,0.43296587
Prom1,Gtpbp4,19.07623917346109,3.978790114693173e-81,5.267520232842291e-77,0.45458695
Prom1,Nsfl1c,19.06644866029019,4.798035691873489e-81,6.352119452471312e-77,0.5021039
Prom1,Mecr,19.04363502467291,7.419503404481211e-81,9.822680557192676e-77,0.69660056
Prom1,Eif3l,19.029134618614574,9.78553242406512e-81,1.2955066376219812e-76,0.32474017
Prom1,Eif2b3,19.02510449171365,1.0567649212927346e-80,1.3990510792994513e-76,0.63194215
Prom1,Lap3,19.019080628457964,1.1854396463009587e-80,1.5694035477378393e-76,0.5050477
Prom1,Psmd3,19.017717149126828,1.216668287002391e-80,1.6107471451624656e-76,0.45158404
Prom1,Pum3,18.995084461082822,1.872859562617419e-80,2.479478774949201e-76,0.50409424
Prom1,Tmed5,18.99190229304515,1.989878441043228e-80,2.6344000680971296e-76,0.4598789
Prom1,Utp14a,18.991557596165723,2.002983847669736e-80,2.6517503159299634e-76,0.5551387
Prom1,Rrp9,18.977885422582084,2.5984539298113813e-80,3.4400931576772876e-76,0.6685277
Prom1,Dcaf13,18.9641284954991,3.3757602751661164e-80,4.469169028292421e-76,0.46649393
Prom1,Dtd1,18.950401318399372,4.382285689668926e-80,5.80170802455269e-76,0.47401786
Prom1,Nubp2,18.932793842771094,6.122733264158674e-80,8.105886568419669e-76,0.5087745
Prom1,Nudt19,18.91577913980882,8.456148950802638e-80,1.1195095595967612e-75,0.55803585
Prom1,Hmgn5,18.862915207961876,2.3017209284226275e-79,3.0472483371387167e-75,0.4372075
Prom1,Frat2,18.859642421945093,2.448703153121417e-79,3.241838104417444e-75,0.4937749
Prom1,Tmed3,18.850121939111354,2.9316584137313305e-79,3.8812225739389087e-75,0.28796625
Prom1,Fkbp2,18.80710042755953,6.60532259443991e-79,8.744786582778997e-75,0.30953193
Prom1,Tacc3,18.801037898142592,7.405304791033768e-79,9.803883012849606e-75,0.58907336
Prom1,Psmc1,18.785989368228076,9.833624828937216e-79,1.3018735911029979e-74,0.47371072
Prom1,Naa15,18.774521412221063,1.220427115186387e-78,1.6157234577952578e-74,0.47465947
Prom1,Akr1b1,18.743726622124232,2.178238600632247e-78,2.883770083377032e-74,0.5943616
Prom1,Nop14,18.721523614260693,3.305592693150141e-78,4.376274166461472e-74,0.55579174
Prom1,Larp1,18.719641123553533,3.4245055737701604e-78,4.5337029291143156e-74,0.4477543
Prom1,Rps19bp1,18.700668765371052,4.888772093817942e-78,6.472245375005573e-74,0.46152386
Prom1,Trap1,18.673776905337224,8.092245618237597e-78,1.0713323973984754e-73,0.42304283
Prom1,Sltm,18.660439295577252,1.0387377114124017e-77,1.3751848561388787e-73,0.4257869
Prom1,Mrps18a,18.64494697101871,1.3879192364165085e-77,1.8374662770918157e-73,0.38884604
Prom1,Emc4,18.644415432837906,1.4017821346522472e-77,1.8558193680661102e-73,0.42149854
Prom1,Cdc25b,18.64029432627483,1.5140547528331871e-77,2.0044570872758565e-73,0.90983033
Prom1,Tcof1,18.61779426132277,2.3051527841640046e-77,3.0517917709547256e-73,0.58059204
Prom1,Eif3g,18.617606988543603,2.3132270667412954e-77,3.0624813136588007e-73,0.356419
Prom1,Alg3,18.577424323711003,4.894389832671219e-77,6.479682699473427e-73,0.6859213
Prom1,Mtx1,18.55691391903776,7.17073465432148e-77,9.493335608856208e-73,0.5204888
Prom1,Snrnp25,18.553326043894828,7.66583789809474e-77,1.0148802793287626e-72,0.46649498
Prom1,Wdr75,18.551576036928875,7.919551116005174e-77,1.048469372247925e-72,0.625684
Prom1,Atp23,18.525090462606784,1.2958519220180957e-76,1.7155783595597568e-72,0.64958286
Prom1,Mrfap1,18.521969103417096,1.3732146667002184e-76,1.817998897244419e-72,0.28713393
Prom1,Lsm12,18.515422518873695,1.5507522735180822e-76,2.053040934910589e-72,0.3767689
Prom1,Dnaja2,18.498876116743503,2.1082448877268682e-76,2.791105406861601e-72,0.3262416
Prom1,Slc35a4,18.478648479967138,3.0676981860545035e-76,4.0613256285175574e-72,0.49391294
Prom1,Tsfm,18.4756764595836,3.241388952174284e-76,4.291274833783535e-72,0.43825978
Prom1,Rnf187,18.461921963026214,4.181923885446343e-76,5.536449031942414e-72,0.39099813
Prom1,Pif1,18.446223923887775,5.591848376577047e-76,7.403048065750352e-72,1.198235
Prom1,Psmd12,18.421192926596248,8.88241972628189e-76,1.1759435475624594e-71,0.40884468
Prom1,Hnrnpa3,18.419801825625548,9.113655233024116e-76,1.2065568163000627e-71,0.28214955
Prom1,Ecsit,18.41920965288525,9.21390130896582e-76,1.219828394293985e-71,0.6666434
Prom1,Ptcd2,18.41767694240428,9.47850145210027e-76,1.2548588072435548e-71,0.5849414
Prom1,Ccna2,18.415552404005567,9.85784636732825e-76,1.305080280570587e-71,0.68853927
Prom1,Cdca8,18.413861237861532,1.0170601534881475e-75,1.3464859372029584e-71,0.5285547
Prom1,Sdhc,18.405583398653633,1.1850156892671793e-75,1.5688422710208187e-71,0.40464163
Prom1,Prss57,18.39169077002241,1.531292484775882e-75,2.02727812059479e-71,0.29083717
Prom1,Exosc8,18.38863648677133,1.6200321963420428e-75,2.1447606247372305e-71,0.42672995
Prom1,Ltv1,18.31759710009127,5.989980991084736e-75,7.930135834097083e-71,0.5463152
Prom1,Ndufs7,18.30459250905789,7.605887103976153e-75,1.006943393695403e-70,0.29974616
Prom1,Ly6k,18.302882880342782,7.848386864772038e-75,1.03904793702717e-70,0.31422925
Prom1,Gars1,18.290316279716887,9.883995761006868e-75,1.3085421987996993e-70,0.41046312
Prom1,Rpf2,18.25946575160481,1.7398518775440996e-74,2.3033899006806334e-70,0.5375235
Prom1,Myc,18.25605975381796,1.8518244255535717e-74,2.4516303569903735e-70,0.45035255
Prom1,Comtd1,18.250625110958705,2.0455520402162135e-74,2.708106346042245e-70,0.5152008
Prom1,Uqcc6,18.236752430217717,2.636658714080181e-74,3.490672471570752e-70,0.50741625
Prom1,Ndufv2,18.235819096887916,2.6820565965857376e-74,3.550774728219858e-70,0.3051036
Prom1,Tmed2,18.230114038894943,2.9769969630758187e-74,3.941246279416076e-70,0.25339556
Prom1,Mrpl38,18.22044985243956,3.552226896871329e-74,4.702793188767952e-70,0.5376457
Prom1,Trp53,18.220402964005334,3.555272052689351e-74,4.706824670555432e-70,0.37593502
Prom1,Ccdc86,18.196784495753942,5.472743675876823e-74,7.245365352493325e-70,0.71406937
Prom1,Bcap29,18.191744762811215,5.999941135784033e-74,7.943322069664482e-70,0.46657085
Prom1,Aasdhppt,18.18778368996626,6.449593506586503e-74,8.538616843369872e-70,0.5168731
Prom1,Ino80e,18.169939112656945,8.929737176776253e-74,1.182207904833408e-69,0.47531855
Prom1,Tcerg1,18.147943840952312,1.3329796144405745e-73,1.7647317115578766e-69,0.45594925
Prom1,Atp5po,18.144481007542105,1.4196973945048838e-73,1.8795373805850157e-69,0.28802454
Prom1,Rcl1,18.13924414260944,1.561640957530201e-73,2.067456463674233e-69,0.5647112
Prom1,Hmgb2,18.12976955517422,1.855350202532885e-73,2.4562981331332865e-69,0.2973144
Prom1,Pinx1,18.114458293266235,2.4507294732568748e-73,3.2445207496447765e-69,0.7848036
Prom1,1110038B12Rik,18.109383138162563,2.687429227438347e-73,3.5578875542056275e-69,0.3074429
Prom1,Mrpl17,18.08301499907569,4.337059120341954e-73,5.741832569420713e-69,0.33108348
Prom1,Nol8,18.078650889305184,4.694272498174633e-73,6.214747360333397e-69,0.6220255
Prom1,Cdc25c,18.058706880016448,6.738262998036394e-73,8.920786383100382e-69,0.9734471
Prom1,Adsl,18.05867816970026,6.74176814981011e-73,8.925426853533604e-69,0.47590244
Prom1,Isy1,18.04756014315641,8.245350069443327e-73,1.091601895693602e-68,0.45264035
Prom1,Sfxn1,18.04074271765653,9.32817700182253e-73,1.2349573532712846e-68,0.354707
Prom1,Grwd1,18.038967071370475,9.632760484043217e-73,1.2752811604824814e-68,0.6878263
Prom1,Anapc5,18.034572487903905,1.0429893938666845e-72,1.3808136585401036e-68,0.30187213
Prom1,Ilf2,18.03151834361569,1.1022294126805065e-72,1.4592415194477225e-68,0.38932762
Prom1,Polr2k,18.021095708040246,1.3308145277024903e-72,1.761865353225327e-68,0.3118831
Prom1,Mrpl35,17.991495496027227,2.2714428429751135e-72,3.0071631798147526e-68,0.4501701
Prom1,Eif1ax,17.985850279355223,2.515010829853752e-72,3.3296228376433825e-68,0.32858074
Prom1,Flt1,17.969290293748656,3.3902407883067776e-72,4.488339779639343e-68,0.74629664
Prom1,Aen,17.944932412275957,5.257450955218679e-72,6.960339319614009e-68,0.5537152
Prom1,Pfdn2,17.93495164883175,6.291840001702051e-72,8.329766978253345e-68,0.34727904
Prom1,Ranbp1,17.908051955718168,1.020449412462484e-71,1.3509729771590825e-67,0.26580942
Prom1,Miip,17.878356101972656,1.7388891822690968e-71,2.302115388406057e-67,0.736181
Prom1,Prpf19,17.85533075048407,2.627197339423659e-71,3.478146557662982e-67,0.39231727
Prom1,Nabp2,17.843877206985816,3.22520510398126e-71,4.2698490371607896e-67,0.4347554
Prom1,Kdelr2,17.82609898485702,4.432933579002912e-71,5.8687607652419554e-67,0.30747175
Prom1,Polr2h,17.81369833884199,5.533006838437617e-71,7.325147753407561e-67,0.42023534
Prom1,Dnaja3,17.801124123451007,6.9264496223110224e-71,9.169926654977563e-67,0.56897295
Prom1,Polr2j,17.799534376791826,7.125886438126425e-71,9.433961055435573e-67,0.31107956
Prom1,Hspbp1,17.79529568898563,7.686061543876577e-71,1.01755768779382e-66,0.7885494
Prom1,Prodh,17.784882793043398,9.255671749942468e-71,1.2253583829748832e-66,0.5169654
Prom1,Tmem70,17.77779717563009,1.05026153009745e-70,1.3904412396960141e-66,0.5023161
Prom1,Ddx54,17.777305583327166,1.0595094277563692e-70,1.402684531406657e-66,0.45055056
Prom1,Dph3,17.770974413504003,1.1861242711690962e-70,1.5703099226007664e-66,0.3922874
Prom1,Nme2,17.764358430909077,1.3345733956240236e-70,1.7668417184666448e-66,0.2676456
Prom1,Nol7,17.758048198989325,1.4933800835855743e-70,1.977085892658942e-66,0.29427946
Prom1,Hp1bp3,17.75281709492312,1.639211541671097e-70,2.1701521600183651e-66,0.3923558
Prom1,Pes1,17.752686508244725,1.6430280999615223e-70,2.1752049015390593e-66,0.47633076
Prom1,Psmb7,17.73305343616331,2.330278059383991e-70,3.0850551228184656e-66,0.3773415
Prom1,Skp1,17.727417019635283,2.5760017758895408e-70,3.410368751100163e-66,0.33156046
Prom1,Uqcrc1,17.725515511318033,2.6645951116696372e-70,3.527657468339433e-66,0.32367527
Prom1,Polr2l,17.717827800130273,3.054824959819162e-70,4.0442827643045887e-66,0.5746045
Prom1,Vcp,17.716341112635863,3.1366189394266763e-70,4.152569813906977e-66,0.280182
Prom1,Nob1,17.69303980776859,4.744545686224831e-70,6.281304033993054e-66,0.47294402
Prom1,Znhit6,17.68377721046769,5.5921098287789214e-70,7.403394202320414e-66,0.64487433
Prom1,Gorasp2,17.6729706676064,6.773420384732548e-70,8.96733124734742e-66,0.41395175
Prom1,1110004F10Rik,17.652372668505052,9.756958378230417e-70,1.2917237196939249e-65,0.356883
Prom1,Gsto1,17.649267283870962,1.0308492994178411e-69,1.36474138749928e-65,0.30289054
Prom1,Nadk,17.631972553406346,1.3999646443483843e-69,1.853413192652826e-65,0.43860668
Prom1,Ncbp2,17.618916449848246,1.7635038787375224e-69,2.334702785060606e-65,0.42069057
Prom1,Bub1b,17.61135439792726,2.0156380758515064e-69,2.6685032486198093e-65,0.5961058
Prom1,U2af2,17.59865040895537,2.5226415684449944e-69,3.339725172464328e-65,0.41684955
Prom1,Gpsm2,17.57950982500291,3.536201552256193e-69,4.681577235031974e-65,0.82757187
Prom1,Msmo1,17.575067195340377,3.8243696816366783e-69,5.063083021518798e-65,0.53084874
Prom1,Pdcd6,17.574803039832833,3.842223036888509e-69,5.086719078536697e-65,0.30109257
Prom1,Sar1b,17.56134492231379,4.870738113784629e-69,6.44837018883947e-65,0.41188884
Prom1,Cdv3,17.55397673961591,5.545742512694421e-69,7.342008512556144e-65,0.3795867
Prom1,Idh3g,17.547100610970187,6.259495350188178e-69,8.286945894114129e-65,0.35272938
Prom1,Psme3,17.538786515720837,7.24581577490928e-69,9.592735504402396e-65,0.5030731
Prom1,Anapc15,17.529274553062894,8.565531838943107e-69,1.1339907601576779e-64,0.4905917
Prom1,Ddx46,17.50833235175111,1.2376707512656518e-68,1.6385523076005964e-64,0.35160843
Prom1,Thoc6,17.498356113079364,1.4746416730894714e-68,1.9522781110031512e-64,0.54974735
Prom1,Bub3,17.48211087092602,1.961032161326021e-68,2.5962104783795194e-64,0.4445758
Prom1,Mrps25,17.459874188892513,2.895716060864826e-68,3.833638492978943e-64,0.41384068
Prom1,Tor2a,17.45738701398955,3.0246537846017637e-68,4.004339145434275e-64,0.43694094
Prom1,Mettl16,17.451443836272848,3.3564021917081973e-68,4.4435408616024825e-64,0.63315356
Prom1,Dmkn,17.42934595752213,4.94078492324444e-68,6.541105159883314e-64,0.5191207
Prom1,Ddx24,17.418224625645006,6.001047611464135e-68,7.944786932817368e-64,0.3593517
Prom1,Prmt3,17.413609644537942,6.505002209872637e-68,8.611972425650384e-64,0.5728438
Prom1,Racgap1,17.381398074946887,1.1413670762985077e-67,1.5110558723115942e-63,0.47891808
Prom1,Ccar1,17.377923698341625,1.2126509477692725e-67,1.60542858975174e-63,0.4211843
Prom1,Exosc5,17.363403359366423,1.5618440592477876e-67,2.067725350038146e-63,0.3271458
Prom1,Aven,17.356916098041363,1.748674989384802e-67,2.3150708184465392e-63,0.5710343
Prom1,Bola1,17.33701243887402,2.4725902867547293e-67,3.273462280634586e-63,0.357372
Prom1,Rwdd1,17.324117929205464,3.0940304677779176e-67,4.096186936291185e-63,0.3206492
Prom1,Ube2v2,17.32302267892004,3.153494028274175e-67,4.1749107440321803e-63,0.4549805
Prom1,Ddx1,17.313468097015903,3.7229923289014025e-67,4.928869544232567e-63,0.42931658
Prom1,Yrdc,17.310386936394444,3.927666071268283e-67,5.19983711175208e-63,0.5582373
Prom1,Chtop,17.305388076805677,4.283849395172502e-67,5.671388214268876e-63,0.40505293
Prom1,Slc16a1,17.29952491664181,4.7428380745234946e-67,6.279043326861655e-63,0.602165
Prom1,Gtf2h5,17.28483380237582,6.119748990526053e-67,8.101935688557442e-63,0.29569155
Prom1,Uqcrc2,17.26160793387869,9.152640244125877e-67,1.2117180419198248e-62,0.3037551
Prom1,Dcun1d5,17.23688172725505,1.4040903795768458e-66,1.8588752535217861e-62,0.37424278
Prom1,Cnih1,17.22493250230232,1.726289907273542e-66,2.285435208239442e-62,0.38351774
Prom1,L3mbtl2,17.206703536316514,2.365177156856352e-66,3.1312580379621246e-62,0.5249691
Prom1,Eif5b,17.20660397049671,2.3692462569348273e-66,3.136645119556018e-62,0.3221354
Prom1,St13,17.20594775360334,2.39623990668703e-66,3.172382012462959e-62,0.32844976
Prom1,Ddx56,17.193550452967536,2.9678781058311133e-66,3.929173824309811e-62,0.5582862
Prom1,Bcat2,17.190547958597687,3.1256422061653523e-66,4.13803771674231e-62,0.4277097
Prom1,Fdx2,17.188134688201288,3.258483018768987e-66,4.313905668548262e-62,0.4185338
Prom1,Dnajc25,17.17631666496534,3.9948455610105167e-66,5.288776038221823e-62,0.5752231
Prom1,Tmem238,17.17522855784784,4.07046372258422e-66,5.388886922329249e-62,0.4155412
Prom1,Troap,17.16627145490925,4.749670626903135e-66,6.288088942957061e-62,0.87770295
Prom1,Farsa,17.15747683775036,5.526288403942552e-66,7.3162532179795445e-62,0.35767365
Prom1,Alg5,17.153840842952718,5.883223505202711e-66,7.78879959853787e-62,0.4070344
Prom1,Nus1,17.142324987926393,7.172445895218191e-66,9.495601120679362e-62,0.4869132
Prom1,Thumpd1,17.140672977211487,7.379164311657667e-66,9.769275632203586e-62,0.5427277
Prom1,Kat2a,17.13946291077319,7.534339286662713e-66,9.974711781612766e-62,0.58416235
Prom1,Psph,17.12883122072605,9.045364562627359e-66,1.197515814446236e-61,0.45608044
Prom1,Alyref,17.100498708331457,1.471398229490369e-65,1.9479841160222994e-61,0.28155732
Prom1,E2f4,17.09623866603478,1.582966110230138e-65,2.0956888333336798e-61,0.4566322
Prom1,Wdr3,17.095720905028188,1.597088182905876e-65,2.1143850453490893e-61,0.57032895
Prom1,Hdhd2,17.049582988536677,3.520358706945937e-65,4.660602892125726e-61,0.47913206
Prom1,Bysl,17.043316488112463,3.9186593776920345e-65,5.1879131501264846e-61,0.6047406
Prom1,Polr1f,17.037510357693375,4.327659575967414e-65,5.729388512623259e-61,0.39562756
Prom1,Asns,17.029140714459793,4.993203953341201e-65,6.610502713828416e-61,0.88724446
Prom1,Kif2c,17.008409407918464,7.114316020427973e-65,9.418642979444594e-61,0.63035226
Prom1,Pom121,17.00709618657413,7.2755595711741854e-65,9.632113316277504e-61,0.53645766
Prom1,Alg8,16.995244636841388,8.905804931065907e-65,1.1790395148238153e-60,0.68050337
Prom1,Mrpl3,16.96744132069553,1.4302968080315532e-64,1.8935699441529733e-60,0.4485945
Prom1,Jtb,16.940119085540296,2.2766332320771686e-64,3.0140347359469636e-60,0.34469134
Prom1,Eif2a,16.916039683836132,3.4271479616120314e-64,4.537201186378168e-60,0.42971212
Prom1,Noa1,16.903909431052,4.210422902209721e-64,5.57417888023545e-60,0.56540227
Prom1,Parp1,16.896201106590386,4.7984223023856945e-64,6.352631286128421e-60,0.42830813
Prom1,Yif1a,16.86253740699625,8.48661148859472e-64,1.123542494975055e-59,0.48554862
Prom1,Psmg4,16.847597515618197,1.0926411379651931e-63,1.4465476025521192e-59,0.36334342
Prom1,Psmd11,16.839260309073318,1.257991657509286e-63,1.665455155376544e-59,0.34798205
Prom1,Smarcb1,16.81944224203987,1.758060399475275e-63,2.327496162865317e-59,0.42202562
Prom1,Abcf2,16.810549072829968,2.042705110265357e-63,2.704337295480306e-59,0.43032384
Prom1,Slirp,16.796165573860584,2.603394232465178e-63,3.4466336243606493e-59,0.3998206
Prom1,Wdr36,16.781533980560148,3.331188406960292e-63,4.41016033197473e-59,0.5362638
Prom1,Ripk3,16.779958955693502,3.420724655545625e-63,4.528697371476852e-59,0.4937899
Prom1,Ndufab1,16.7404262304696,6.65102335373499e-63,8.805289818009752e-59,0.26579833
Prom1,Rad23b,16.733271155025758,7.500342235190428e-63,9.929703085168608e-59,0.40673217
Prom1,Tuba1c,16.719468432348304,9.455886952254755e-63,1.251864873609007e-58,0.49927765
Prom1,Cebpz,16.71535200892014,1.0131992063529035e-62,1.341374429290609e-58,0.44007152
Prom1,Utp18,16.7101581282267,1.1054201608388073e-62,1.463465750934497e-58,0.4807924
Prom1,Aatf,16.704766853449936,1.2100000910242863e-62,1.6019191205070526e-58,0.5396259
Prom1,Cops5,16.69159578252998,1.5088331128442768e-62,1.9975441580945382e-58,0.3636585
Prom1,Noc4l,16.67712917154041,1.9223794509236337e-62,2.5450381550777987e-58,0.46494257
Prom1,Snhg1,16.669729884928017,2.1757552387205783e-62,2.8804823605421736e-58,0.2840864
Prom1,Gmps,16.649625299212936,3.0450276891674013e-62,4.031312157688723e-58,0.3955083
Prom1,Rrp1b,16.640662325177118,3.5368434245334854e-62,4.682427009739881e-58,0.47865033
Prom1,Dancr,16.633796044641613,3.9664849541983475e-62,5.2512294308631926e-58,0.7203977
Prom1,Elane,16.631967478530285,4.089422575504342e-62,5.4139865477101985e-58,0.52613974
Prom1,Ppih,16.62768626010327,4.392310133001269e-62,5.81497938508038e-58,0.45423794
Prom1,Bzw1,16.626858495169877,4.453401640048186e-62,5.895858431259794e-58,0.2969678
Prom1,Sod2,16.626379699374684,4.489123922550223e-62,5.94315116106424e-58,0.3290232
Prom1,Rad21,16.61038574264711,5.86150758843023e-62,7.760049896322782e-58,0.3439544
Prom1,Sarnp,16.591428414158756,8.038556212289736e-62,1.0642244569450382e-57,0.28639156
Prom1,Thra,16.58597659994193,8.80231113150272e-62,1.1653379706996451e-57,0.4821756
Prom1,Guk1,16.579259849663124,9.843366484869112e-62,1.3031632889318216e-57,0.33866015
Prom1,Hnrnpa0,16.57342745933114,1.0846330457369495e-61,1.4359456892511475e-57,0.3359362
Prom1,Mrpl15,16.566827939259408,1.2104498192196345e-61,1.602514515664874e-57,0.34015864
Prom1,Ufm1,16.56309777744719,1.2878904960707232e-61,1.7050382277480305e-57,0.38827643
Prom1,Naa38,16.556348247209066,1.4407742230233487e-61,1.9074409938606114e-57,0.32718366
Prom1,Mrps15,16.525406112273032,2.408123693336236e-61,3.1881149576078427e-57,0.32122326
Prom1,Timm21,16.520887013510546,2.5955259083060804e-61,3.43621675000642e-57,0.5413668
Prom1,Srp68,16.514466730840905,2.8870153164803674e-61,3.8221195774883587e-57,0.3293078
Prom1,Prpf40a,16.51331478356831,2.9426648760521107e-61,3.8957940294053894e-57,0.3032114
Prom1,Pals2,16.48989528262032,4.3370046382458836e-61,5.741760440573726e-57,0.334544
Prom1,Lsg1,16.48729854560435,4.527440792195706e-61,5.993878864787895e-57,0.49940085
Prom1,Thg1l,16.472859116063344,5.7487912125471966e-61,7.610824686291234e-57,0.65822315
Prom1,Rnf26,16.47064792663816,5.962829075209982e-61,7.894189412670495e-57,0.59000957
Prom1,Pole3,16.46361052354866,6.698309203171119e-61,8.867891554078245e-57,0.39541888
Prom1,Gtf2h4,16.46048484290953,7.053322175224906e-61,9.337893227780254e-57,0.5413892
Prom1,Ormdl2,16.445303662775864,9.062899472171921e-61,1.1998372611208407e-56,0.3785402
Prom1,Prps1,16.440113420377813,9.87339834839739e-61,1.3071392073443306e-56,0.46785438
Prom1,Cytip,16.434266777580905,1.087318421810219e-60,1.439500858634549e-56,0.31982946
Prom1,Eci1,16.395921508288378,2.045157203923508e-60,2.7075836222743322e-56,0.37403604
Prom1,Tomm70a,16.36143662999285,3.6052152412259813e-60,4.772944457859077e-56,0.37836868
Prom1,Armc1,16.347370414602306,4.54160198900216e-60,6.01262687323996e-56,0.4609549
Prom1,Kti12,16.330082676043506,6.030257692070965e-60,7.983458158532751e-56,0.50330174
Prom1,9130401M01Rik,16.321644921853252,6.92443455955901e-60,9.167258913400174e-56,0.36762208
Prom1,Vdac1,16.31771534240933,7.38480779249862e-60,9.776747036488924e-56,0.2826591
Prom1,Gart,16.317085208415012,7.461417205070589e-60,9.878170237792953e-56,0.35738364
Prom1,Fpgs,16.31164061930239,8.157205447419908e-60,1.0799324291839216e-55,0.5870445
Prom1,Rtcb,16.31134427418947,8.19687927419196e-60,1.0851848471102736e-55,0.3685353
Prom1,Sec13,16.310029461296043,8.375234040899286e-60,1.1087972346746565e-55,0.38062373
Prom1,B4galnt1,16.308823815828465,8.542176086305815e-60,1.1308986920660268e-55,0.2822805
Prom1,Retsat,16.304734280809832,9.133526425928214e-60,1.2091875635286362e-55,0.43905234
Prom1,Rae1,16.292772077046312,1.1107820190989091e-59,1.4705643150850458e-55,0.3856355
Prom1,Thop1,16.281468510328022,1.3362346849319514e-59,1.7690410993814105e-55,0.55936897
Prom1,Dpagt1,16.27044017247551,1.600034207095848e-59,2.1182852867741932e-55,0.48795545
Prom1,Naa50,16.269660320076422,1.6205422613476424e-59,2.1454358997981438e-55,0.33638692
Prom1,Nle1,16.268754367426517,1.6446954430142208e-59,2.177412297006527e-55,0.68637204
Prom1,Bsn,16.26279914574884,1.8126410681342642e-59,2.3997555101029524e-55,0.68961525
Prom1,Fam174c,16.247021363131,2.3448344706334366e-59,3.1043263556716066e-55,0.5104197
Prom1,Dcps,16.243268702387514,2.4928000900957744e-59,3.300218039277796e-55,0.39093554
Prom1,Kif22,16.240357937126454,2.613945065409084e-59,3.4606018720950866e-55,0.47411132
Prom1,Mrpl37,16.232194819676184,2.98589118513999e-59,3.953021340006833e-55,0.54104686
Prom1,Stip1,16.215798230805415,3.899777727751061e-59,5.16291573376963e-55,0.38347223
Prom1,Naa10,16.192563700116462,5.690734010059799e-59,7.533962755918169e-55,0.29691187
Prom1,Yars2,16.191661499855773,5.774796798558723e-59,7.645253481611893e-55,0.5716617
Prom1,Agpat5,16.188607285318334,6.068663788706311e-59,8.034303989868284e-55,0.35686404
Prom1,Glrx5,16.187428637401577,6.186012440589161e-59,8.189661870095989e-55,0.27416134
Prom1,Psmd8,16.178485976807348,7.153185884157579e-59,9.470102792036219e-55,0.2855119
Prom1,Immt,16.17532198389199,7.53030514804202e-59,9.96937098549283e-55,0.35343534
Prom1,Smn1,16.16762453269791,8.532540159220104e-59,1.1296229916791496e-54,0.3840148
Prom1,Ptbp1,16.160906249189637,9.515249569601975e-59,1.2597238905196054e-54,0.37631252
Prom1,Mrpl52,16.158774241294214,9.850080003524396e-59,1.3040520916665948e-54,0.33659855
Prom1,Ddx27,16.120237785794185,1.8390029684700816e-58,2.434656029957541e-54,0.38621768
Prom1,Ndufa9,16.120205474769076,1.8399647428147237e-58,2.4359293230124126e-54,0.37830296
Prom1,Kif23,16.111147799805373,2.130325457249284e-58,2.820337872852327e-54,0.59639406
Prom1,Tex30,16.107698114560595,2.252542830538414e-58,2.982141453349806e-54,0.43949246
Prom1,Dph5,16.104703752469366,2.364276438868272e-58,3.130065577417705e-54,0.5010693
Prom1,Ppie,16.103847761974745,2.3972203709517374e-58,3.1736800491030053e-54,0.43474913
Prom1,Hsbp1,16.09059501586698,2.9696952385366747e-58,3.9315795262987035e-54,0.2803812
Prom1,Mrpl34,16.086750260880386,3.1599414521883555e-58,4.1834464885521637e-54,0.3092944
Prom1,Wdr4,16.053423476239196,5.409604072610011e-58,7.161774831728393e-54,0.64848614
Prom1,Polr1e,16.05276580149712,5.467241961363983e-58,7.238081632649777e-54,0.5946758
Prom1,Cyp20a1,16.049546681257155,5.758309290725436e-58,7.623425669991405e-54,0.5725329
Prom1,Arl6ip1,16.04912253108322,5.797793767881568e-58,7.675699169298407e-54,0.46210587
Prom1,Naa12,16.04786597219874,5.916357896949004e-58,7.832666219770786e-54,0.28313375
Prom1,Snf8,16.043183606341746,6.379831270320983e-58,8.446258618777949e-54,0.29853097
Prom1,Rnf126,16.040156377450394,6.698547612231027e-58,8.868207183832657e-54,0.37129688
Prom1,Mrpl9,16.038756207262903,6.851278838991259e-58,9.070408054940527e-54,0.42460662
Prom1,Abcf1,16.03370810441169,7.431295970730277e-58,9.838292735649814e-54,0.31694826
Prom1,Prpf38a,16.01579256285501,9.913542955622273e-58,1.3124539518948327e-53,0.4514835
Prom1,Pla2g12a,16.00017190658211,1.2742276439554156e-57,1.6869499778325747e-53,0.27990538
Prom1,Sf3b3,15.996612633456573,1.3491889643371957e-57,1.7861912698860133e-53,0.3019868
Prom1,Tamm41,15.988851956701106,1.5282138128267313e-57,2.0232022668013096e-53,0.5663136
Prom1,Rabl6,15.97153892122176,2.017462197429642e-57,2.6709182031771034e-53,0.40944535
Prom1,Eif4h,15.958481631846501,2.487085931845193e-57,3.292653065169851e-53,0.31960505
Prom1,Znhit3,15.954303857572876,2.659222350955189e-57,3.5205444704295746e-53,0.40421665
Prom1,Mrps30,15.942816322031993,3.1961856452735924e-57,4.231430175777709e-53,0.45564866
Prom1,Tsn,15.940896397166455,3.2959181635553217e-57,4.363466056730891e-53,0.30670148
Prom1,Ndufaf6,15.925323725835748,4.228197141174489e-57,5.597710195200906e-53,0.55173206
Prom1,Timm22,15.90971726169659,5.425796856037494e-57,7.183212457708038e-53,0.43744737
Prom1,Snhg15,15.894301923817569,6.939720509657804e-57,9.187495982735966e-53,0.4095202
Prom1,Psmd2,15.887505377064253,7.73448691661314e-57,1.0239687228904135e-52,0.32885575
Prom1,Kif20b,15.885171722419674,8.027780848106782e-57,1.0627979064808569e-52,0.6402348
Prom1,Aldh18a1,15.880949892513534,8.586811276119985e-57,1.1368079448455248e-52,0.6458056
Prom1,Eif2b5,15.878688372575258,8.902047336865275e-57,1.1785420469275938e-52,0.45281976
Prom1,Cenpx,15.877669222576865,9.047850541184855e-57,1.197844933147463e-52,0.2601574
Prom1,Smarca4,15.871205494318486,1.002958553615976e-56,1.3278168291321907e-52,0.3800632
Prom1,G6pc3,15.86158051345682,1.1691416127396392e-56,1.5478265811060084e-52,0.36215052
Prom1,Fh1,15.84805750533109,1.4499381987016282e-56,1.9195731812610858e-52,0.3946959
Prom1,Dnajc19,15.839697874679473,1.6561463082725533e-56,2.1925720975220333e-52,0.30046946
Prom1,Gtf3c6,15.839029047924814,1.6738545624556742e-56,2.2160160552350673e-52,0.4187022
Prom1,Ptprcap,15.8327960678467,1.8482228117664687e-56,2.446862180497628e-52,0.31527728
Prom1,Tlcd2,15.830391953271617,1.9202130976387526e-56,2.5421701199639446e-52,0.6049037
Prom1,Utp11,15.828650923769146,1.9740849162764956e-56,2.6134910206584525e-52,0.34825614
Prom1,Fzr1,15.828179459195711,1.988930480476696e-56,2.6331450631030977e-52,0.4987049
Prom1,Eif6,15.82731937884102,2.0162998982864815e-56,2.669379435341473e-52,0.28495824
Prom1,Polr2e,15.809336928032637,2.6827551491958563e-56,3.551699542020394e-52,0.32550865
Prom1,Dnttip2,15.808800421473483,2.705697261059435e-56,3.582072603916586e-52,0.3967404
Prom1,Pabpc4,15.807662204142979,2.755018853440512e-56,3.647369460069894e-52,0.3700025
Prom1,Tfb2m,15.802565450803083,2.9870879884574897e-56,3.9546057879188704e-52,0.59755576
Prom1,Exosc9,15.796187957590508,3.305077416714617e-56,4.375591991988482e-52,0.50346696
Prom1,Comt,15.787238251080991,3.808949283289521e-56,5.042667956146997e-52,0.3845982
Prom1,Rbm28,15.784282329975653,3.9916337698783267e-56,5.284523947941917e-52,0.43802857
Prom1,Mri1,15.780137231691617,4.2626029713831915e-56,5.643260073814207e-52,0.3844985
Prom1,Slc39a7,15.778122089812847,4.400877215840416e-56,5.8263213460511266e-52,0.41707414
Prom1,Asrgl1,15.77590337973888,4.558292158710929e-56,6.034722988917398e-52,0.44971734
Prom1,Pycr3,15.772380581684859,4.819830255865497e-56,6.380973275740332e-52,0.40050244
Prom1,Pmpcb,15.760664986319783,5.8019270842821455e-56,7.681171266881132e-52,0.3948521
Prom1,Ptrhd1,15.751013140461538,6.758971936098388e-56,8.948202946200656e-52,0.37815392
Prom1,Pus1,15.72454057261697,1.026930091129428e-55,1.3595527476462495e-51,0.42365015
Prom1,Nudt21,15.72300125216903,1.0521912570212881e-55,1.3929960051704834e-51,0.25554413
Prom1,Ptprf,15.722011280969307,1.0687633102616733e-55,1.4149357464554292e-51,0.3548302
Prom1,Ahsa1,15.70257119855477,1.4523426291670221e-55,1.9227564067542207e-51,0.3161434
Prom1,Gpr89,15.70080968615034,1.493239432208547e-55,1.9768996843008955e-51,0.5284413
Prom1,Hacd1,15.700376629306334,1.5034680724055738e-55,1.9904413810577392e-51,0.35295194
Prom1,Fsaf1,15.692722941172935,1.696207213447406e-55,2.245608729883021e-51,0.37059453
Prom1,Cdk7,15.688381572714784,1.816274926022506e-55,2.4045663745611958e-51,0.44459867
Prom1,Trim59,15.686653247607044,1.8663974663745454e-55,2.4709236057332607e-51,0.6282089
Prom1,Rcc1l,15.680881932267972,2.0439640823944287e-55,2.706004048681984e-51,0.72343683
Prom1,Hnrnph1,15.680553825039492,2.0545499350823523e-55,2.720018659055526e-51,0.31806058
Prom1,Trnt1,15.67236186356764,2.3372993729758064e-55,3.09435063988267e-51,0.52032673
Prom1,Gas2l3,15.665873181839308,2.5885007966888736e-55,3.4269162047363996e-51,0.76191425
Prom1,Polr3k,15.659641633212276,2.8550140888525696e-55,3.779753152231917e-51,0.40758628
Prom1,Naa25,15.65152995960159,3.2432754766086616e-55,4.293772403482207e-51,0.55459857
Prom1,Tma16,15.642616416135757,3.7307889889764855e-55,4.939191542505969e-51,0.4345268
Prom1,Map2k2,15.635956344981052,4.142091852677741e-55,5.483715403760061e-51,0.2873205
Prom1,Htatsf1,15.625765427084279,4.860496056184988e-55,6.434810728783305e-51,0.4600799
Prom1,Ldlr,15.621400449842788,5.2049714977273685e-55,6.890861765841263e-51,0.5860927
Prom1,Eif4e2,15.616929248918387,5.583046605576521e-55,7.391395401122756e-51,0.3303555
Prom1,Anapc16,15.607057366550663,6.5174397148731874e-55,8.628438438520612e-51,0.4013924
Prom1,Tsr1,15.597612283196433,7.556797271371222e-55,1.000444390756836e-50,0.6018238
Prom1,Mtln,15.59653204955374,7.685724459688315e-55,1.017513061218136e-50,0.3262986
Prom1,Dnajc15,15.593810754722698,8.020307725200161e-55,1.0618085397392494e-50,0.33729914
Prom1,Cfdp1,15.582959037721135,9.505095833601313e-55,1.2583796374104778e-50,0.35544556
Prom1,Leo1,15.581447489019029,9.732565584580936e-55,1.28849435774267e-50,0.42961407
Prom1,Mdh1,15.55293912242337,1.5196867071488994e-54,2.011913231594428e-50,0.27984208
Prom1,Poldip2,15.54601373801912,1.693220045948982e-54,2.2416540188318574e-50,0.41960502
Prom1,Snrnp40,15.533227087945624,2.067102609114594e-54,2.7366371442068112e-50,0.33988345
Prom1,Cnpy2,15.515260746662982,2.7352140153000145e-54,3.621149834855689e-50,0.27220267
Prom1,Prpsap1,15.513143383101102,2.826938311747261e-54,3.742583630922199e-50,0.4408399
Prom1,Gfm1,15.507066496704098,3.107554284736773e-54,4.1140911175630142e-50,0.52562165
Prom1,Slc1a5,15.503316538541622,3.294385688475183e-54,4.361437212972295e-50,0.377465
Prom1,Isg20l2,15.487674022786326,4.2022054371432747e-54,5.563299778233982e-50,0.5158037
Prom1,Ssr3,15.484833838778787,4.391958275780155e-54,5.814513561305347e-50,0.27129686
Prom1,Sf3b5,15.477309199413844,4.9369452250246477e-54,6.536021783410131e-50,0.27350968
Prom1,Aarsd1,15.472751447867475,5.299276071099893e-54,7.015711590529148e-50,0.34729785
Prom1,Inka1,15.472499173427785,5.320087442967487e-54,7.043263765744656e-50,0.5131419
Prom1,Mars1,15.462055658418414,6.256945671705095e-54,8.283570374770376e-50,0.47939909
Prom1,Atp5me,15.461111638826146,6.349326520083411e-54,8.405873379938428e-50,0.3090623
Prom1,Cycs,15.450835981202554,7.447127768077167e-54,9.85925245215736e-50,0.36284792
Prom1,Heatr1,15.445205777100425,8.126785052925633e-54,1.0759050731568245e-49,0.54710484
Prom1,Polr2d,15.432289853697487,9.92841454039584e-54,1.3144228010030053e-49,0.39677423
Prom1,Ythdf2,15.42834825178624,1.0553676894483334e-53,1.3972012840606487e-49,0.372244
Prom1,Pus7l,15.418670662560421,1.2260209252268497e-53,1.6231291029078263e-49,0.679672
Prom1,Psmd13,15.413713021188457,1.3238190663173732e-53,1.7526040618975705e-49,0.28867278
Prom1,Gpn1,15.409478983270432,1.4134683938747657e-53,1.871290806650802e-49,0.58610773
Prom1,Ube2e1,15.407575036155313,1.4557279767367686e-53,1.9272382684018078e-49,0.33487228
Prom1,Them6,15.401488427840325,1.5994491841482253e-53,2.1175107748938356e-49,0.53593075
Prom1,Cdpf1,15.382075370547867,2.1591436516289733e-53,2.8584902803915978e-49,0.48410285
Prom1,Dipk1b,15.372618258447368,2.4986407549556733e-53,3.307950495485816e-49,0.3840394
Prom1,Rrp1,15.367020291794462,2.724126481867954e-53,3.606471049344984e-49,0.300296
Prom1,Mthfd1,15.364527814749847,2.830936349739751e-53,3.747876633420456e-49,0.426327
Prom1,Rtraf,15.356403305247698,3.208900332945239e-53,4.248263150786202e-49,0.28247255
Prom1,Dusp12,15.345337557581086,3.8057459787349453e-53,5.038427101247194e-49,0.63241744
Prom1,Sae1,15.345099796706663,3.8197152661528983e-53,5.056921040859822e-49,0.29567987
Prom1,Abcb8,15.319370514998004,5.676457816063545e-53,7.515062502686528e-49,0.58394766
Prom1,Vbp1,15.299744055160293,7.675788981596658e-53,1.0161977032735815e-48,0.4381714
Prom1,Bms1,15.299296043382217,7.728806791853358e-53,1.023216731173466e-48,0.4821186
Prom1,Cyp51,15.289606607172123,8.96902812017208e-53,1.1874096328295818e-48,0.6423862
Prom1,Rnf7,15.286196949707204,9.451041921466858e-53,1.2512234399829974e-48,0.2798268
Prom1,Ppil3,15.27286441576737,1.159652063839597e-52,1.5352633673172426e-48,0.43380487
Prom1,Rxylt1,15.251446812842493,1.6102514069573536e-52,2.1318118376708404e-48,0.5001215
Prom1,Dld,15.22794866132913,2.307175271352311e-52,3.0544693417433246e-48,0.3986444
Prom1,Nif3l1,15.217260046238449,2.7167293974659943e-52,3.59667804930523e-48,0.5965445
Prom1,Trmt6,15.214453388395906,2.8357808434631496e-52,3.754290258660864e-48,0.40502173
Prom1,Adrm1,15.21416125612285,2.8484670089142884e-52,3.7710854731016266e-48,0.39888167
Prom1,Mrpl39,15.200709367421648,3.498123758729454e-52,4.631166044181925e-48,0.4658637
Prom1,Ddt,15.200462252075942,3.511345063469411e-52,4.648669729527153e-48,0.31016272
Prom1,Mcrs1,15.197359359932486,3.681654250683295e-52,4.874142062479614e-48,0.31817025
Prom1,M6pr,15.17499649316575,5.178050985167935e-52,6.85522169926383e-48,0.32621115
Prom1,Rpp30,15.165739371796956,5.962367801989997e-52,7.893578733054556e-48,0.5077224
Prom1,Sap30,15.161257554519183,6.383526982939157e-52,8.45115137271315e-48,0.3828873
Prom1,Rbm14,15.144022279646077,8.297949385100722e-52,1.0985655190934845e-47,0.5467367
Prom1,Tomm40l,15.139792498505903,8.84924667566519e-52,1.1715517673913143e-47,0.79421663
Prom1,Taf11,15.13940654835657,8.901330319930664e-52,1.1784471210556207e-47,0.37233233
Prom1,Ppp4r2,15.132894821693595,9.827550822392283e-52,1.3010694533765144e-47,0.39161158
Prom1,Cip2a,15.127650148369538,1.0642833516376607e-51,1.409004729233099e-47,0.644711
Prom1,Lsm3,15.123025382818264,1.1417428957473396e-51,1.5115534196799028e-47,0.30905363
Prom1,Dbt,15.121992721052992,1.1597913167343488e-51,1.5354477242246043e-47,0.7963743
Prom1,Pus7,15.121294936445674,1.1721474450228687e-51,1.5518060024657758e-47,0.5606935
Prom1,Tsr2,15.121018281756136,1.1770825569798067e-51,1.5583395971855662e-47,0.6502588
Prom1,Mrps7,15.120659414906852,1.183515048972329e-51,1.5668555733344664e-47,0.3303902
Prom1,Polr3e,15.111158194557186,1.367154562648645e-51,1.8099759254905412e-47,0.5921407
Prom1,Zc3h15,15.110811955850373,1.3743574914149184e-51,1.8195118828842104e-47,0.31063747
Prom1,Eri3,15.102940285742527,1.5487052883726074e-51,2.0503309312764949e-47,0.46237636
Prom1,Mrpl47,15.098391586916941,1.6593173861944753e-51,2.196770287582866e-47,0.60229015
Prom1,Eef1akmt1,15.08759096546553,1.9544903050897624e-51,2.5875497149083365e-47,0.3520801
Prom1,Nudt5,15.078978180709202,2.2268869679353108e-51,2.948175656849558e-47,0.32873535
Prom1,Psmc4,15.05359569942585,3.269688013598559e-51,4.328739961203132e-47,0.32698357
Prom1,Med30,15.035051021919012,4.327148182936642e-51,5.72871147938982e-47,0.31155035
Prom1,G2e3,15.033018543260704,4.4620088650877254e-51,5.90725353648964e-47,0.54235864
Prom1,Mphosph6,15.028668033129874,4.764906193515954e-51,6.308259309595771e-47,0.45240593
Prom1,Rnmt,15.021521980703433,5.3074922354805615e-51,7.026588970552715e-47,0.434348
Prom1,Pfdn4,15.021123877833473,5.339466577233034e-51,7.068919801598813e-47,0.3769904
Prom1,Adgrg3,15.00456251609698,6.85413726786058e-51,9.074192328920623e-47,0.3302695
Prom1,Ube2f,15.001743102190654,7.151619510100907e-51,9.468029069422591e-47,0.3466221
Prom1,Dhps,14.99982184634715,7.361665074824017e-51,9.746108392559517e-47,0.44760466
Prom1,Mdn1,14.999301821302591,7.419566674042641e-51,9.822764319765052e-47,0.51448584
Prom1,Stk16,14.989405729316887,8.61203293109455e-51,1.1401470397476076e-46,0.26492482
Prom1,Pdcd11,14.979783131840643,9.95413152282115e-51,1.317827472306292e-46,0.52492
Prom1,Rbm8a,14.976184363264922,1.0507908513520563e-50,1.3911420081049874e-46,0.29392815
Prom1,Trmt61a,14.97428433461502,1.0812547990460153e-50,1.4314732284570196e-46,0.79258204
Prom1,Erg28,14.960238006568517,1.3354756904966008e-50,1.7680362666484496e-46,0.3260861
Prom1,Srprb,14.945020816946009,1.678387204204088e-50,2.222016819645792e-46,0.46347952
Prom1,Nup35,14.944180810339647,1.6996844460164714e-50,2.2502122380812065e-46,0.5645399
Prom1,Chchd7,14.933793259480257,1.9863749353555922e-50,2.6297617769172685e-46,0.35553482
Prom1,Drg2,14.931521471813383,2.055226301873933e-50,2.7209141010509e-46,0.4951043
Prom1,Bcas2,14.93055940602218,2.0850951217019709e-50,2.760457431621239e-46,0.29213724
Prom1,Mapkap1,14.911792630160088,2.762354835674388e-50,3.657081566949322e-46,0.4466442
Prom1,Cetn3,14.911516894185025,2.773786975161225e-50,3.672216576415946e-46,0.26108038
Prom1,Nat10,14.900832073615186,3.2550050230367104e-50,4.309301149998301e-46,0.63209176
Prom1,Coa8,14.886436511754464,4.0372109154640357e-50,5.344863530982837e-46,0.3429885
Prom1,Tfg,14.884167855525998,4.1765050447564453e-50,5.529275028753058e-46,0.36990345
Prom1,Bola2,14.87176330220893,5.027162377386162e-50,6.65546027142154e-46,0.25417578
Prom1,Rwdd4a,14.864079461237901,5.638458214631487e-50,7.464754830350626e-46,0.42420888
Prom1,Nusap1,14.861579635259414,5.852868325224317e-50,7.748612375764473e-46,0.5425244
Prom1,Lyrm9,14.853783411573337,6.575073381622918e-50,8.704739649930582e-46,0.4746375
Prom1,Dohh,14.84358853359249,7.654906184792927e-50,1.0134330298047356e-45,0.35978448
Prom1,Srrt,14.842743767570312,7.751932627321537e-50,1.0262783605310983e-45,0.32439795
Prom1,Clec4d,14.837562388980821,8.374410438268594e-50,1.1086881979223791e-45,0.31385544
Prom1,Rpf1,14.836513465405652,8.506356153318948e-50,1.1261564911378955e-45,0.396065
Prom1,Rps6kb1,14.83464277252322,8.746830897234895e-50,1.1579929424849278e-45,0.38590598
Prom1,Nln,14.813764954889514,1.1936301484393293e-49,1.580246953518828e-45,0.52602744
Prom1,Babam1,14.811907460065546,1.2270810942199766e-49,1.624532660637827e-45,0.31748605
Prom1,Ubtf,14.789564618298538,1.7105669362258766e-49,2.264619566869438e-45,0.31585708
Prom1,Sms,14.7891356754864,1.721502380867471e-49,2.2790970020304448e-45,0.40529644
Prom1,Tsnax,14.787918089013992,1.75292407581458e-49,2.320696183970922e-45,0.36493707
Prom1,Elavl1,14.779884701806681,1.9750399452004994e-49,2.614755383450941e-45,0.3076404
Prom1,Acp6,14.775523331467157,2.1071412105835024e-49,2.789644248691499e-45,0.59781075
Prom1,Mrpl22,14.771632254305205,2.232402376119027e-49,2.95547750574398e-45,0.34797484
Prom1,Gadd45gip1,14.766393520217463,2.4128310473099796e-49,3.194347023533682e-45,0.2972097
Prom1,Dnajc3,14.75373959327444,2.910786102895099e-49,3.853589721622821e-45,0.28294462
Prom1,Naf1,14.753270047535207,2.9311128658041002e-49,3.880500323038048e-45,0.5220468
Prom1,Arhgef39,14.748198837165404,3.159857557911762e-49,4.1833354209193816e-45,0.6184871
Prom1,Pfdn1,14.746685218724476,3.2315136938859174e-49,4.278200979335566e-45,0.28100756
Prom1,Nop2,14.735753446474508,3.799362239760085e-49,5.0299756692183767e-45,0.49618053
Prom1,Arhgap19,14.733103831053212,3.951329068895274e-49,5.231164554310453e-45,0.46077204
Prom1,Mrps27,14.731462258432497,4.048500359484595e-49,5.359809625921656e-45,0.60031676
Prom1,Otud6b,14.720173230223836,4.784331964442926e-49,6.333977087725989e-45,0.5445304
Prom1,Mis18bp1,14.716529010957972,5.049194197134089e-49,6.684628197585821e-45,0.5664449
Prom1,Gpaa1,14.71401975306978,5.240002968274305e-49,6.937239929698353e-45,0.32522035
Prom1,Zfp106,14.712147276885089,5.387050832559343e-49,7.131916597225315e-45,0.35626635
Prom1,Larp4,14.710988955965167,5.480064226078273e-49,7.255057028905025e-45,0.3390755
Prom1,Srsf11,14.710211954801004,5.54335169291548e-49,7.338843306250803e-45,0.2621848
Prom1,Actl6a,14.697928437989411,6.646197173284113e-49,8.798900437710837e-45,0.34774643
Prom1,Cul5,14.693079913482402,7.139361131710773e-49,9.451800202271893e-45,0.39855802
Prom1,Gosr2,14.686832822449828,7.82883881404166e-49,1.0364599705909754e-44,0.42637432
Prom1,Vps36,14.680945198578922,8.539177888328997e-49,1.130501760635876e-44,0.33104885
Prom1,Fam83d,14.677202372091218,9.023737694803396e-49,1.1946526334150216e-44,0.99121404
Prom1,Tmem33,14.674739415884888,9.35743485917476e-49,1.2388308010061464e-44,0.34016797
Prom1,Mrpl27,14.653231804341152,1.284573522496923e-48,1.7006468864336762e-44,0.36008203
Prom1,Crcp,14.651731702886273,1.3132545293061189e-48,1.7386176713483707e-44,0.43121505
Prom1,Tuba1b,14.651680901817834,1.3142368931329735e-48,1.7399182228187437e-44,0.29077494
Prom1,Marchf5,14.646537188589441,1.4175853027284382e-48,1.8767411822821793e-44,0.39391184
Prom1,Cyb561d2,14.644229664261683,1.4665396341582165e-48,1.941551821662063e-44,0.42907524
Prom1,Atp1a1,14.642503063090683,1.5042669815481242e-48,1.9914990568715616e-44,0.32006514
Prom1,Mgat2,14.637239571196696,1.625342918177812e-48,2.1517914893756052e-44,0.33527052
Prom1,Gmpr2,14.635868524762405,1.6584427062955233e-48,2.1956122988646433e-44,0.43848634
Prom1,Ckap2l,14.6295308459319,1.8203805044090767e-48,2.410001749787177e-44,0.4918108
Prom1,Abhd11,14.624850969216283,1.9499739591360916e-48,2.5815705245002717e-44,0.31467947
Prom1,Cyb5b,14.624640753328624,1.9560059523746658e-48,2.58955628034882e-44,0.338085
Prom1,Mrpl45,14.62162941323727,2.0444808517220314e-48,2.7066881995947974e-44,0.356093
Prom1,Larp7,14.621144468330938,2.0590965645391982e-48,2.7260379417934445e-44,0.39740348
Prom1,Pih1d1,14.616421091016695,2.207007444942107e-48,2.9218571563588557e-44,0.3540197
Prom1,Cad,14.614409595660169,2.273164036364581e-48,3.009441867743069e-44,0.47129953
Prom1,Emc7,14.609558211502444,2.4409566478457224e-48,3.231582506082952e-44,0.27401072
Prom1,Cops6,14.598566206029728,2.868139990047907e-48,3.7971305328244245e-44,0.2715227
Prom1,Top1mt,14.592566443912263,3.131903461195288e-48,4.1463269922764415e-44,0.64264107
Prom1,Coq2,14.580346244862394,3.7461192412574606e-48,4.959487263500752e-44,0.36893225
Prom1,Hsdl2,14.576648982371747,3.9545714779989836e-48,5.235457179722855e-44,0.30425608
Prom1,Xpot,14.562450167359636,4.86812165852634e-48,6.444906263723021e-44,0.36324865
Prom1,Elp2,14.562321108618958,4.877322251159281e-48,6.457086928309773e-44,0.45914137
Prom1,Got2,14.56189610443486,4.907743304116217e-48,6.497361360319459e-44,0.29504302
Prom1,Tsen2,14.550366707369726,5.809081107964815e-48,7.690642478834618e-44,0.6371372
Prom1,Stc2,14.546130773842336,6.180111367558733e-48,8.181849439511007e-44,0.5517609
Prom1,Pdcd5,14.52215219043232,8.771246811634043e-48,1.1612253653922309e-43,0.25066417
Prom1,Yipf5,14.515464920633745,9.669982287316163e-48,1.2802089550177868e-43,0.37865758
Prom1,Eftud2,14.507540695156234,1.0854284598838021e-47,1.4369987380401656e-43,0.35779327
Prom1,Ndufa10,14.507353270689128,1.0883977413312937e-47,1.4409297697484999e-43,0.2961736
Prom1,Hax1,14.49901095161529,1.2290809414141254e-47,1.6271802583381605e-43,0.36675423
Prom1,Spout1,14.496565697675601,1.273647151857074e-47,1.6861814643435803e-43,0.434031
Prom1,Zcchc17,14.495620751112426,1.2912970412007125e-47,1.7095481528456232e-43,0.32150722
Prom1,Plpp5,14.489618506525927,1.4092331976139548e-47,1.865683830321115e-43,0.36882073
Prom1,Pdia5,14.475862273206435,1.7215321325615508e-47,2.279136390298237e-43,0.4648298
Prom1,Wars1,14.448255068181203,2.571174493969889e-47,3.403977912566736e-43,0.54489374
Prom1,Thoc5,14.440276790143399,2.886804966425016e-47,3.8218410950500785e-43,0.51709414
Prom1,Ntpcr,14.437492014574216,3.0058201349489516e-47,3.979405276658917e-43,0.34080786
Prom1,Nol6,14.43256750822783,3.2283584913164424e-47,4.274023806653838e-43,0.6319392
Prom1,Smyd5,14.425450412905306,3.5792563447857787e-47,4.738577474861892e-43,0.73132014
Prom1,Mphosph8,14.4236785779571,3.6723606444224217e-47,4.861838257150844e-43,0.3247872
Prom1,Exosc4,14.42022419403845,3.860863690776095e-47,5.111397440218472e-43,0.2867173
Prom1,Pomt1,14.417303314029322,4.027746598102254e-47,5.3323337212275745e-43,0.6224675
Prom1,Nsdhl,14.41498295950374,4.1654198217673465e-47,5.51459930203779e-43,0.54486585
Prom1,Coasy,14.41161354383033,4.373716188743302e-47,5.790362862277258e-43,0.3757664
Prom1,Timm50,14.409912161591652,4.482801576414727e-47,5.934781007015457e-43,0.32490557
Prom1,Ctu2,14.381687448094013,6.743018474152539e-47,8.927082157930547e-43,0.44108605
Prom1,Snhg17,14.38095041618014,6.81521713351994e-47,9.022665963067049e-43,0.57802796
Prom1,Spdl1,14.372106603868586,7.74393989452163e-47,1.0252202026357186e-42,0.648299
Prom1,Gemin6,14.370537709075107,7.921383040504636e-47,1.0487119007324087e-42,0.4122808
Prom1,Gbp7,14.369706235224301,8.017057919011804e-47,1.0613782978979727e-42,0.57567406
Prom1,Rnpep,14.366001344381615,8.457539240934228e-47,1.1196936201072825e-42,0.3925804
Prom1,Eif2b1,14.348291349837858,1.0919444384204037e-46,1.4456252420247725e-42,0.45575118
Prom1,Dnajc11,14.33525175912853,1.317678395868619e-46,1.7444744282904647e-42,0.44707584
Prom1,Mrpl19,14.329467491044559,1.4321450444258725e-46,1.8960168243154126e-42,0.33377922
Prom1,Knl1,14.323747247118298,1.5550699293801486e-46,2.058757079506379e-42,0.47230232
Prom1,Ndufv1,14.31906308472381,1.6635073963353664e-46,2.2023174420083915e-42,0.29215467
Prom1,Gtse1,14.318910881281072,1.6671543485108182e-46,2.2071456419934722e-42,0.52366066
Prom1,Tdp1,14.317017447223792,1.7131937063698587e-46,2.268097147863056e-42,0.61123824
Prom1,Gpn3,14.30831527012772,1.941600940231145e-46,2.570485484772013e-42,0.44871724
Prom1,Wdr55,14.305771830676173,2.0139098627919725e-46,2.6662152673502925e-42,0.48490548
Prom1,Urm1,14.302718773161587,2.104254234998734e-46,2.785822181714824e-42,0.47662938
Prom1,Cdc26,14.301179206319361,2.1513306287153786e-46,2.8481466193562897e-42,0.2892993
Prom1,Usp10,14.299321417520906,2.2095349534432584e-46,2.92520332486353e-42,0.5828965
Prom1,Ddx52,14.299201873803858,2.213333460460032e-46,2.930232168303036e-42,0.42452347
Prom1,Mrps22,14.294084868447992,2.3821661719039704e-46,3.153749794983666e-42,0.4954579
Prom1,Thoc1,14.292249369274936,2.4458006093102995e-46,3.2379954266659056e-42,0.39705622
Prom1,Ap1s1,14.291980153142484,2.4552751721300717e-46,3.250538800383002e-42,0.3060867
Prom1,Nudcd1,14.282873432537547,2.798215078917017e-46,3.704556942978239e-42,0.4535643
Prom1,Kansl2,14.280679504292866,2.8877194748285633e-46,3.823051812725535e-42,0.31947652
Prom1,Pin1,14.279632285657613,2.9314411393932883e-46,3.8809349244427744e-42,0.28614157
Prom1,Stt3a,14.278733632614228,2.9694849538252627e-46,3.9313011303692655e-42,0.317473
Prom1,Crnde,14.27548545760496,3.111137459257434e-46,4.118834882310917e-42,0.87080145
Prom1,Kars1,14.266944415553139,3.5165211504669196e-46,4.6555223511031546e-42,0.3323519
Prom1,Commd1,14.259254361989168,3.926271203017397e-46,5.1979904456747316e-42,0.2791078
Prom1,Timm44,14.253322200599913,4.274524576390435e-46,5.659043086683297e-42,0.35387516
Prom1,Depdc1a,14.251503591647845,4.3873211537199075e-46,5.808374475409785e-42,0.69267225
Prom1,Ttc27,14.242949776938918,4.958888247936297e-46,6.565072151442863e-42,0.70566106
Prom1,Snhg4,14.242424704788476,4.996294420287576e-46,6.614594183018722e-42,0.3885296
Prom1,Srp72,14.229933104375595,5.973889255161415e-46,7.908831984908197e-42,0.2772144
Prom1,Ythdc1,14.226486076239821,6.275688194127741e-46,8.308383600205716e-42,0.33186004
Prom1,F2rl3,14.22335555814755,6.562899306914273e-46,8.688622392423806e-42,0.86578226
Prom1,Dctd,14.214249131684724,7.474888598856801e-46,9.896005016026519e-42,0.6369376
Prom1,Hras,14.214056167541758,7.495519800415638e-46,9.923318663770264e-42,0.30196697
Prom1,Sdhb,14.205721707964928,8.44283440109843e-46,1.1177468463614212e-41,0.29869875
Prom1,Mrps17,14.202989093721678,8.778658652199232e-46,1.1622066189646563e-41,0.27567393
Prom1,Taf1d,14.201517702241665,8.964956882429187e-46,1.1868706416648e-41,0.31416655
Prom1,Pmvk,14.199734472413763,9.196018658906725e-46,1.2174609102526614e-41,0.47294486
Prom1,Mvk,14.195341437918975,9.790840791510684e-46,1.2962094123880993e-41,0.51904535
Prom1,Prtn3,14.189335867144669,1.0666409287777763e-45,1.412125925608898e-41,0.40547943
Prom1,Rnf4,14.183486208834864,1.1594066801843153e-45,1.534938503896015e-41,0.35930002
Prom1,Nde1,14.170552900804331,1.3939864126881958e-45,1.8454986117579022e-41,0.46934772
Prom1,Ppa2,14.169989977662004,1.4052056729167132e-45,1.8603517903744366e-41,0.33321616
Prom1,Wdr46,14.16530999786594,1.5020263710573575e-45,1.9885327126428355e-41,0.5074961
Prom1,Akirin2,14.16468661738036,1.515414311327658e-45,2.0062570067666866e-41,0.3526426
Prom1,Prr11,14.156883853759892,1.693382118999235e-45,2.2418685873430872e-41,0.8383341
Prom1,Ccnh,14.139306387701206,2.1741672584605227e-45,2.878380033475886e-41,0.34016246
Prom1,Carnmt1,14.138975593094198,2.184410592403605e-45,2.891941183283133e-41,0.35702688
Prom1,Fasn,14.138198300916802,2.2086694895713693e-45,2.924057537243536e-41,0.31578642
Prom1,Hars1,14.108920463437956,3.346617944513617e-45,4.430587496741578e-41,0.36875284
Prom1,Hilpda,14.102709533783383,3.6546359432140514e-45,4.838372525221082e-41,0.46378875
Prom1,Nek2,14.100981058787783,3.745265609041065e-45,4.958357139809465e-41,0.75322175
Prom1,Uck2,14.099272549063816,3.83704570291459e-45,5.079864806088626e-41,0.33145064
Prom1,Vars1,14.088402519043738,4.475718258699852e-45,5.925403402692734e-41,0.2962927
Prom1,Pdha1,14.082177027654229,4.88804452960383e-45,6.471282152742511e-41,0.30551153
Prom1,Ndufs3,14.055795517084738,7.097979105483692e-45,9.39701453774986e-41,0.2667559
Prom1,Pnn,14.052089953633672,7.479372884709877e-45,9.901941762067406e-41,0.27744216
Prom1,Aars1,14.050719128744321,7.625573695156586e-45,1.0095497015017803e-40,0.40550017
Prom1,Wdr73,14.04555087181666,8.202805159840458e-45,1.0859693751112782e-40,0.5238843
Prom1,Fkbp3,14.040074649331432,8.86192370324563e-45,1.173230079072689e-40,0.25817466
Prom1,Copb2,14.029147756612444,1.033865114014312e-44,1.3687340244435477e-40,0.3120326
Prom1,Thoc3,14.027050778285828,1.0648872650568824e-44,1.4098042502088067e-40,0.3742627
Prom1,Ccdc167,14.0198519584735,1.178602585971917e-44,1.560351963568221e-40,0.35768592
Prom1,Vma21,14.006321625539217,1.42601975360944e-44,1.887907551803538e-40,0.31240422
Prom1,Tmx2,14.005263176551535,1.4474254286571193e-44,1.9162465249991603e-40,0.37225127
Prom1,Telo2,14.001644469757672,1.5230526599683163e-44,2.016369416532054e-40,0.45572114
Prom1,Acat2,13.999039282747633,1.5799202748768276e-44,2.091656451909432e-40,0.54543114
Prom1,Ndufs4,13.996610053291455,1.6348484850512408e-44,2.1643759093593376e-40,0.25093356
Prom1,Txndc12,13.996545930027853,1.636323852357538e-44,2.1663291481361446e-40,0.3914051
Prom1,Mrpl50,13.995155561266484,1.6686416599519077e-44,2.2091146936103304e-40,0.35626543
Prom1,Mix23,13.992212878311653,1.7391510395607245e-44,2.302462061274443e-40,0.34641403
Prom1,Ppp5c,13.970443454805594,2.361516595418482e-44,3.1264118206745286e-40,0.38255632
Prom1,Sf3a1,13.966363514476198,2.5007319125592107e-44,3.310718979037139e-40,0.36049008
Prom1,Crls1,13.960318400207791,2.722150089469232e-44,3.6038545034483163e-40,0.3200611
Prom1,Ntmt1,13.959747287265081,2.7440510081348415e-44,3.632849129669717e-40,0.47809982
Prom1,Gne,13.958191513414393,2.8046047947196865e-44,3.713016287729393e-40,0.431347
Prom1,Pycr2,13.95002621303349,3.1448978786763896e-44,4.1635303015796725e-40,0.3338523
Prom1,Nol9,13.948587219864958,3.2089908167228323e-44,4.248382942259357e-40,0.56760406
Prom1,Cluh,13.947925090122133,3.2389171150349625e-44,4.288002368594787e-40,0.53035474
Prom1,Keap1,13.935956091110612,3.830364613039576e-44,5.071019711203095e-40,0.31009167
Prom1,Bak1,13.932031834277312,4.0467713744421504e-44,5.357520622623963e-40,0.36065286
Prom1,Orc2,13.924031224941329,4.526372113391055e-44,5.992464040918417e-40,0.46030104
Prom1,Ankrd13a,13.923921081157891,4.533354761546228e-44,6.001708368811051e-40,0.27613842
Prom1,Suclg2,13.922347664997531,4.634280643017872e-44,6.135324143291361e-40,0.4339018
Prom1,Cwc27,13.912208083556509,5.340490930227986e-44,7.070275942528831e-40,0.44943237
Prom1,Naa20,13.896450684619035,6.656111729870955e-44,8.812026319176157e-40,0.35936964
Prom1,Hemk2,13.886535987274984,7.644389298623223e-44,1.0120406992447285e-39,0.50079155
Prom1,Ankrd10,13.882464675515404,8.091307556068004e-44,1.071208207347843e-39,0.3440411
Prom1,G3bp2,13.877430075749233,8.68006812648881e-44,1.1491542192658536e-39,0.28607917
Prom1,Noc3l,13.872295177852564,9.324466182216704e-44,1.2344660778636694e-39,0.7569175
Prom1,Sil1,13.870092473458724,9.615275630465127e-44,1.2729663407172783e-39,0.43168044
Prom1,Josd2,13.863215977869983,1.0582459906365183e-43,1.4010118670036866e-39,0.3057647
Prom1,Chid1,13.86285559791166,1.0635735417977106e-43,1.408065011985989e-39,0.3952526
Prom1,Eif4g1,13.85390961537938,1.2047237982513307e-43,1.5949338365049366e-39,0.27067974
Prom1,Mrpl41,13.852628493371126,1.2264080271701888e-43,1.6236415871706128e-39,0.2942915
Prom1,Nipa2,13.850252785104386,1.267651969505448e-43,1.6782444424282627e-39,0.36018002
Prom1,Rnps1,13.824274202869939,1.8193824918360416e-43,2.4086804809417353e-39,0.27098766
Prom1,Polr1c,13.82163963184324,1.8872172022664727e-43,2.4984868540805832e-39,0.37524784
Prom1,Clptm1l,13.817896881224923,1.987932933053603e-43,2.631824410069665e-39,0.3065558
Prom1,Kpna2rt,13.8166144169638,2.0236592381858683e-43,2.679122465434271e-39,1.2267566
Prom1,Sgf29,13.815102008429227,2.066612822676407e-43,2.735988715941295e-39,0.36740863
Prom1,Cops3,13.80608172218788,2.3422989587008065e-43,3.100969591423998e-39,0.30846983
Prom1,Bfar,13.803997061031572,2.4110472580241312e-43,3.1919854648981473e-39,0.31717324
Prom1,Nfkbib,13.798709561438523,2.5945550657059843e-43,3.4349314514881525e-39,0.4049815
Prom1,Nmd3,13.798156270487612,2.6145428901385153e-43,3.4613933322543804e-39,0.40544462
Prom1,Coq3,13.793726518936218,2.780191121909195e-43,3.6806950262955833e-39,0.52562785
Prom1,Mrps23,13.790030018069514,2.926381385039606e-43,3.8742363156539346e-39,0.31983882
Prom1,Mrpl46,13.78675873240764,3.0621192176216963e-43,4.0539396322093635e-39,0.38035607
Prom1,Pop5,13.759983431435419,4.436285394524977e-43,5.8731982338116175e-39,0.32277465
Prom1,Gtf3a,13.751039100575948,5.020325565811398e-43,6.64640901657771e-39,0.2960984
Prom1,Fbxo17,13.737292146943584,6.0704034920449e-43,8.036607183118243e-39,0.4807365
Prom1,Gnpnat1,13.73545681168289,6.2262122334790585e-43,8.242882375902925e-39,0.39909852
Prom1,Mettl2,13.710503249031213,8.784641933352791e-43,1.162998745556576e-38,0.72148347
Prom1,Utp4,13.708188465208698,9.069401093280601e-43,1.2006980107394188e-38,0.39090335
Prom1,Rnf220,13.70042551839916,1.0093106026928017e-42,1.336226306905e-38,0.38097084
Prom1,Clpp,13.690074965880653,1.163891180801579e-42,1.5408755342632106e-38,0.315297
Prom1,Terf1,13.68356756790069,1.2729091560590492e-42,1.6852044317065752e-38,0.4268583
Prom1,Pop1,13.678927213668691,1.3567965379977226e-42,1.796262936655185e-38,0.606374
Prom1,Pwp2,13.665702549200969,1.6272563692258034e-42,2.154324707218041e-38,0.627882
Prom1,Tmbim1,13.659988344634144,1.760119220204788e-42,2.3302218356291188e-38,0.5126829
Prom1,Sar1a,13.647289768968367,2.095272558582069e-42,2.773931340306801e-38,0.2968276
Prom1,Srsf1,13.64035535717564,2.304349570702444e-42,3.050728396652966e-38,0.2711625
Prom1,Pgap2,13.639495210668272,2.3316896801711305e-42,3.0869239675785594e-38,0.30355105
Prom1,Nupr1,13.637118669203895,2.4089178481307663e-42,3.1891663391403214e-38,0.3711406
Prom1,Uxt,13.624291592141594,2.8718341474591565e-42,3.802021227821177e-38,0.34482515
Prom1,Papola,13.620847164969573,3.0105507705027875e-42,3.9856681650686404e-38,0.29580623
Prom1,Czib,13.612800428986867,3.3611351535622855e-42,4.4498068298011095e-38,0.41467214
Prom1,Rcn1,13.610426124783618,3.472134272610555e-42,4.596758563509113e-38,0.39000106
Prom1,Trim28,13.605771200994424,3.7004432243734214e-42,4.899016784747973e-38,0.27659607
Prom1,Rbmx,13.601300964611044,3.9337327098902056e-42,5.207868734623644e-38,0.38069367
Prom1,Mzt2,13.599008528867108,4.0589853932274425e-42,5.373690762093811e-38,0.30949306
Prom1,Cep55,13.598560630387524,4.0839167018653605e-42,5.406697321599551e-38,0.6981325
Prom1,Tmed1,13.5940920323148,4.341145356879482e-42,5.747242337972747e-38,0.36869574
Prom1,Tm2d3,13.592257449324094,4.451359558574618e-42,5.893154919596936e-38,0.3222444
Prom1,Hsf1,13.587108037795264,4.775808893031035e-42,6.322693393483787e-38,0.40955734
Prom1,Ptpa,13.58086752655528,5.200677690514161e-42,6.885177194471697e-38,0.2904789
Prom1,Rbck1,13.577384877903643,5.4539167989998434e-42,7.220440450195892e-38,0.29243535
Prom1,Tm7sf3,13.575824615265438,5.5713132985827664e-42,7.375861675993724e-38,0.26354313
Prom1,Npepl1,13.57116335212931,5.937215264052369e-42,7.860279288078931e-38,0.3686186
Prom1,Mfsd13a,13.567739159792215,6.221147031767854e-42,8.236176555357463e-38,0.33631653
Prom1,Ubfd1,13.564293188103234,6.520517437219071e-42,8.632513035134328e-38,0.37328982
Prom1,Qdpr,13.555654686537718,7.335473046281369e-42,9.711432765971904e-38,0.3425607
Prom1,Tex261,13.548227519254887,8.116643240390643e-42,1.0745623985953174e-37,0.26573175
Prom1,Mcat,13.54557126877477,8.415663147181445e-42,1.1141496440553514e-37,0.36950386
Prom1,Ndufs1,13.542790155485832,8.740485062569083e-42,1.1571528174335209e-37,0.33299565
Prom1,Gorasp1,13.542295117644533,8.799596995313733e-42,1.1649786462095852e-37,0.6052046
Prom1,Dnlz,13.537521215913358,9.390447507990076e-42,1.2432013455828063e-37,0.3458922
Prom1,A430005L14Rik,13.536242164691583,9.555346084570886e-42,1.2650322681363396e-37,0.30868536
Prom1,Minpp1,13.534762477449203,9.749707302637339e-42,1.2907637497961573e-37,0.38395154
Prom1,Ccz1,13.533797218615184,9.87861094041874e-42,1.307829302402037e-37,0.30947214
Prom1,Xxylt1,13.531293577700112,1.0220909618053283e-41,1.353146224334074e-37,0.5701003
Prom1,Tvp23b,13.527249082084749,1.0798966407910513e-41,1.4296751627432728e-37,0.3680997
Prom1,Sf3b4,13.523955855756283,1.1293577324730732e-41,1.4951567020211016e-37,0.28985167
Prom1,Mrpl4,13.51902724655873,1.2076204581131632e-41,1.5987687244960167e-37,0.31585902
Prom1,Dimt1,13.517831817932992,1.227401907059051e-41,1.6249573847554778e-37,0.5460186
Prom1,BC003965,13.516767439870192,1.245285828383621e-41,1.6486339081970756e-37,0.3268726
Prom1,Nfyc,13.516337738491512,1.25257898989769e-41,1.6582893247255516e-37,0.43572855
Prom1,Lmna,13.514687280785383,1.2809887152220788e-41,1.6959009600825101e-37,0.27804667
Prom1,Hmbs,13.510382967413202,1.3581310736354286e-41,1.798029728385944e-37,0.29245847
Prom1,Supv3l1,13.50931569178952,1.377963154581253e-41,1.8242854203501208e-37,0.617785
Prom1,Dr1,13.493929289712842,1.6980410272783483e-41,2.248036516013805e-37,0.389158
Prom1,Nt5dc2,13.493665751026674,1.704123170385342e-41,2.2560886652731544e-37,0.31164598
Prom1,Eif4a3,13.490322026930535,1.7831998040396774e-41,2.360778220568129e-37,0.28202763
Prom1,Pmf1,13.479186521440944,2.0738066727563804e-41,2.745512654062172e-37,0.27710524
Prom1,Clp1,13.475994571260761,2.1654755341518585e-41,2.8668730596636456e-37,0.38575006
Prom1,Ipo4,13.472907700152529,2.2579572015707268e-41,2.989309539159485e-37,0.73524284
Prom1,Rpp40,13.463166279607684,2.5763504907032814e-41,3.4108304146420743e-37,0.7487104
Prom1,Exosc3,13.463066908407123,2.579818394721895e-41,3.415421572772317e-37,0.26745924
Prom1,Ecd,13.462159731189894,2.611692931848782e-41,3.4576202724746022e-37,0.37661624
Prom1,Hdac2,13.461465990130794,2.6363322095607007e-41,3.4902402122374117e-37,0.30237454
Prom1,Edem2,13.461085012129226,2.649961427239952e-41,3.508283933522972e-37,0.30224818
Prom1,Mrps12,13.448009674072912,3.1627098350497995e-41,4.1871115506224294e-37,0.25320965
Prom1,Fnta,13.445730049149876,3.2617071551492446e-41,4.3181741027020845e-37,0.34239095
Prom1,Tmem199,13.438166181897769,3.6127905525651954e-41,4.782973412541063e-37,0.43342066
Prom1,Snrpb2,13.437471902805848,3.646840534759839e-41,4.8280521839685506e-37,0.26379436
Prom1,Kyat3,13.434152829377444,3.814081980050183e-41,5.049463133388437e-37,1.0985332
Prom1,Zpr1,13.43356145499176,3.844670819946327e-41,5.089959698526943e-37,0.34005147
Prom1,Ckap5,13.433288760738398,3.8588580020665565e-41,5.108742108935914e-37,0.36273736
Prom1,Kif3a,13.423069135885617,4.4298028441339253e-41,5.864615985348904e-37,0.38862932
Prom1,Shmt1,13.415880434991777,4.881016853379355e-41,6.4619782121889285e-37,0.3730384
Prom1,Gabarapl1,13.392863743911812,6.65638379110007e-41,8.812386501037383e-37,0.3810407
Prom1,Kpnb1,13.387725503464921,7.133189569194951e-41,9.443629670657196e-37,0.26530966
Prom1,Slc7a1,13.385494619739047,7.350639308259914e-41,9.731511380205301e-37,0.40848958
Prom1,Ect2,13.37059712455896,8.981690639861042e-41,1.1890860238112033e-36,0.5276947
Prom1,Psmg2,13.36322033184091,9.917877188124732e-41,1.3130277609358332e-36,0.3361537
Prom1,Trnau1ap,13.340620030747177,1.3433754162478986e-40,1.778494713570593e-36,0.30288458
Prom1,Dpm2,13.332312608203413,1.5016930476029539e-40,1.9880914257215505e-36,0.31047934
Prom1,Tars2,13.322480771560185,1.7131873643600115e-40,2.2680887516762193e-36,0.4570086
Prom1,Zmpste24,13.316801043352593,1.8486012499666336e-40,2.4473631948308262e-36,0.33646524
Prom1,Mrpl55,13.31106262015823,1.9962222610129625e-40,2.642798651355061e-36,0.30657738
Prom1,Commd7,13.306243882114748,2.129198326964266e-40,2.818845665067992e-36,0.3066853
Prom1,Hes6,13.300732954870806,2.292103112633102e-40,3.034515310814964e-36,0.28504515
Prom1,Ppat,13.296366793658784,2.4299194411372735e-40,3.2169703481216364e-36,0.31965137
Prom1,Arhgap11a,13.293744101773294,2.516633349333711e-40,3.3317708911829e-36,0.3848865
Prom1,Fra10ac1,13.278575252005014,3.0820252064841967e-40,4.080293170864428e-36,0.37992358
Prom1,Wbp11,13.278006423051387,3.1055236796857977e-40,4.111402799536028e-36,0.3029853
Prom1,Yif1b,13.275161255538737,3.225759406638079e-40,4.270582878448153e-36,0.2819333
Prom1,Nufip1,13.27128064910517,3.397247955979947e-40,4.497616568921852e-36,0.4572717
Prom1,Pspc1,13.268947023438402,3.504707519345936e-40,4.639882284862085e-36,0.3621055
Prom1,C030006K11Rik,13.260088262061066,3.944312770804075e-40,5.221875677267515e-36,0.41853487
Prom1,Kif18a,13.257220166950585,4.098068408046014e-40,5.425432765412118e-36,0.63161445
Prom1,Tmem11,13.25586200907824,4.1729429743217614e-40,5.52455920370458e-36,0.29508162
Prom1,Uchl5,13.25444133963672,4.252719739720818e-40,5.630175663416391e-36,0.3014522
Prom1,Srpk1,13.24951684634451,4.54117362874932e-40,6.0120597671012245e-36,0.25339195
Prom1,Xpo1,13.244217704936286,4.873333039257228e-40,6.451805610672644e-36,0.33753133
Prom1,Ppp2r2a,13.244092499629671,4.881466527244375e-40,6.462573535418829e-36,0.30491263
Prom1,Fbxo22,13.241864006204251,5.0285113870740355e-40,6.657246225347315e-36,0.29075235
Prom1,Psmc2,13.233276606567832,5.637506246407816e-40,7.463494519619307e-36,0.26422814
Prom1,Coa6,13.233010149923027,5.657532164021914e-40,7.490006831948613e-36,0.34911597
Prom1,Ddx47,13.220820065462672,6.653455618086701e-40,8.808509892784984e-36,0.31299245
Prom1,Mrps6,13.218597324089332,6.853000750096455e-40,9.072687693052697e-36,0.5188384
Prom1,Mapkapk2,13.19901470420391,8.889009849056594e-40,1.1768160139166024e-35,0.26449722
Prom1,Zfp330,13.19646467024725,9.195014266669518e-40,1.2173279387643776e-35,0.33257455
Prom1,Cse1l,13.167739787550454,1.3456610130744774e-39,1.7815206152093007e-35,0.42153478
Prom1,L2hgdh,13.167344449606006,1.352724447177889e-39,1.7908718956188073e-35,0.5050738
Prom1,Pdhb,13.167256380461081,1.354302977415413e-39,1.7929617118002653e-35,0.2831921
Prom1,Gfer,13.165063511304867,1.3942034731724782e-39,1.8457859781330438e-35,0.34932244
Prom1,Pdss1,13.157362087380509,1.5438231976937122e-39,2.0438675314267055e-35,0.63778615
Prom1,Ct55,13.146196012571497,1.789533830735566e-39,2.3691638385108156e-35,0.44030786
Prom1,Cenpc1,13.142551453843133,1.8778636025817203e-39,2.486103623457939e-35,0.43116212
Prom1,Snhg12,13.117179426031802,2.6252513835860133e-39,3.475570306729523e-35,0.311471
Prom1,Hspa13,13.108287324237269,2.9518936395205217e-39,3.9080119893612187e-35,0.3575431
Prom1,Sec23ip,13.105775946205913,3.0512551313812653e-39,4.0395566684356573e-35,0.31351197
Prom1,Tmem138,13.104308136291428,3.110860794349922e-39,4.1184686056398614e-35,0.38417912
Prom1,Ebag9,13.099574519227518,3.311086036228447e-39,4.383546803362841e-35,0.3246193
Prom1,Kif18b,13.09336285799086,3.593389812879012e-39,4.757288773270524e-35,0.6574552
Prom1,Utp15,13.09042375793951,3.7351811954356756e-39,4.94500638463729e-35,0.5215049
Prom1,Pcbd2,13.088654149938847,3.8232213083835476e-39,5.061562690168979e-35,0.26419818
Prom1,Slc3a2,13.086623469865142,3.926794908457005e-39,5.198683779306229e-35,0.2609064
Prom1,Surf2,13.085249001671778,3.9984772173470594e-39,5.293583988045772e-35,0.43780327
Prom1,Heatr3,13.084881113933651,4.017883308694615e-39,5.319275712380801e-35,0.438102
Prom1,Dus1l,13.08019373780939,4.273495969476346e-39,5.657681313989735e-35,0.31762165
Prom1,Ngdn,13.077135387985578,4.448925191824846e-39,5.889932061456913e-35,0.29267222
Prom1,Trmt10c,13.069902273257854,4.892834416304767e-39,6.477623483745881e-35,0.38081968
Prom1,Dlgap5,13.066500589449728,5.1165633835506254e-39,6.773818263482673e-35,0.43479335
Prom1,Dap3,13.06159032836563,5.4575635474323204e-39,7.225268380445649e-35,0.27372286
Prom1,Angptl4,13.05672676560674,5.81758176592521e-39,7.701896499908386e-35,0.397169
Prom1,Selenot,13.04868632770452,6.46525928773668e-39,8.55935677103459e-35,0.28289038
Prom1,Ptcd3,13.043860001135112,6.887956192763898e-39,9.118965203600125e-35,0.46030426
Prom1,Polr1a,13.032528579755013,7.99147092446273e-39,1.0579908356896207e-34,0.50841856
Prom1,Polr2c,13.03113857247416,8.138408328471312e-39,1.077443878606317e-34,0.27046257
Prom1,Mettl13,13.03105637983138,8.147180523999167e-39,1.0786052295722498e-34,0.6441157
Prom1,Mtg1,13.02788031645795,8.493450236229779e-39,1.1244478767744604e-34,0.43915653
Prom1,Nup93,13.017818656611677,9.689962441151483e-39,1.2828541275840448e-34,0.43077552
Prom1,Usp14,13.016941247311857,9.80192455889725e-39,1.297676792352407e-34,0.28258017
Prom1,Tufm,13.015717934492358,9.96017555745559e-39,1.3186276420515455e-34,0.31524396
Prom1,Hbs1l,13.015303517435774,1.0014359593177703e-38,1.3258010665407961e-34,0.35398722
Prom1,Golga7,13.003969043848453,1.1615479338151762e-38,1.537773309577912e-34,0.29730988
Prom1,Akr7a5,12.998312152448742,1.2507328840021002e-38,1.6558452651303804e-34,0.35851943
Prom1,Polr2m,12.989009876900134,1.4124248382788347e-38,1.8699092433973493e-34,0.2822959
Prom1,Tbl3,12.982233754640161,1.543134806414869e-38,2.042956170212645e-34,0.43641508
Prom1,Riox2,12.979145111758243,1.6066380811914363e-38,2.1270281556893427e-34,0.4108789
Prom1,Dhcr24,12.97885669992419,1.6126988985197877e-38,2.1350520717503467e-34,0.36823797
Prom1,Rrp36,12.973249993907357,1.7351417687582407e-38,2.297154187659035e-34,0.36664653
Prom1,Psmc6,12.970038215757164,1.8094010972157928e-38,2.3954661126039882e-34,0.25500214
Prom1,Enoph1,12.969560882112207,1.8207039373286311e-38,2.4104299426293748e-34,0.49376488
Prom1,Ppp1r11,12.968067821246672,1.8565134348209426e-38,2.457838136359446e-34,0.29105753
Prom1,Zc3h13,12.967404111796123,1.8726557872041057e-38,2.4792089966795154e-34,0.26341024
Prom1,Urb2,12.966072347700372,1.9054682637045218e-38,2.522649434318416e-34,0.5953431
Prom1,Gtf2h1,12.964914638248127,1.9344563288278262e-38,2.561026733735159e-34,0.34265924
Prom1,Uba5,12.964338049888331,1.9490567400363955e-38,2.580356218134184e-34,0.3154577
Prom1,Nom1,12.960809068285915,2.0408355594247683e-38,2.7018621971224507e-34,0.39011312
Prom1,Taf2,12.94501634046818,2.5070988785056227e-38,3.3191482052535937e-34,0.32142556
Prom1,Praf2,12.934480844052894,2.875589462192549e-38,3.8069928889967157e-34,0.8063059
Prom1,Utp6,12.934479354474698,2.875645193800458e-38,3.807066672072426e-34,0.45502186
Prom1,Dtwd1,12.929982920548408,3.048865762640299e-38,4.036393383159492e-34,0.4086287
Prom1,Mtch2,12.929511500032161,3.067616957785029e-38,4.0612180904116e-34,0.28627646
Prom1,Aldh9a1,12.916474560594478,3.6341468711624815e-38,4.811247042732009e-34,0.30294067
Prom1,Mcfd2,12.915204215296864,3.694625407734239e-38,4.891314577299359e-34,0.2630728
Prom1,Nop9,12.909450727127238,3.9813083007182577e-38,5.270854059320902e-34,0.31425261
Prom1,Mrps11,12.899954131182197,4.503651656883335e-38,5.962384428547847e-34,0.2847541
Prom1,Cpped1,12.8961663268881,4.73051520031259e-38,6.2627290736938375e-34,0.5573323
Prom1,Cpsf3,12.895566386466294,4.767475161249046e-38,6.311660365977612e-34,0.33084333
Prom1,Luc7l,12.886330762519083,5.374044927037463e-38,7.114698078904897e-34,0.29156286
Prom1,Ctnnbl1,12.885796044427735,5.411424094341317e-38,7.1641843584984695e-34,0.34180832
Prom1,Cox16,12.88521663449553,5.452219220850036e-38,7.218193026483363e-34,0.2593987
Prom1,Hyls1,12.883253172538701,5.592749556995055e-38,7.404241138505753e-34,0.6488354
Prom1,Adi1,12.86964803838684,6.670541815022903e-38,8.831130308908821e-34,0.46818638
Prom1,Prc1,12.863199278315246,7.251213946593447e-38,9.599882143895064e-34,0.4886646
Prom1,Nelfa,12.858557320979479,7.700037834296873e-38,1.019408008882563e-33,0.36123836
Prom1,Prep,12.858380424663123,7.71767732215904e-38,1.0217433006806353e-33,0.40586364
Prom1,Zc3hc1,12.837501214172148,1.0108476181280707e-37,1.3382611616397527e-33,0.4001336
Prom1,Stard4,12.835535398701948,1.036837037291552e-37,1.3726685536702857e-33,0.3181312
Prom1,Spryd4,12.831302892548084,1.0950699134101955e-37,1.4497630583637579e-33,0.504235
Prom1,Trmt5,12.829802783284944,1.1164801106325124e-37,1.4781080184663832e-33,0.68553925
Prom1,Fam98b,12.829141835763183,1.1260450031046113e-37,1.490770979610195e-33,0.4119773
Prom1,Orai3,12.815756712060681,1.338263823163298e-37,1.77172747548589e-33,0.35895753
Prom1,Txndc11,12.814818833449047,1.35454367030441e-37,1.7932803651160083e-33,0.32863402
Prom1,Sppl2b,12.811855323911706,1.4072896457974868e-37,1.8631107620712926e-33,0.5621457
Prom1,Dus4l,12.809513245453472,1.4504152640955702e-37,1.9202047681361254e-33,0.7395549
Prom1,Mettl5,12.80235992169378,1.5904339374551236e-37,2.1055754897968383e-33,0.36540735
Prom1,Aamp,12.798767664800236,1.665736081192063e-37,2.205267997890172e-33,0.2767532
Prom1,Trmt11,12.79845253758748,1.672508569908679e-37,2.2142340957021e-33,0.5170455
Prom1,Atg9b,12.793022958274497,1.7935903722197254e-37,2.3745342937816947e-33,0.8201163
Prom1,Ccnq,12.791692581882376,1.8245635726212502e-37,2.4155397137932733e-33,0.36183262
Prom1,Ergic1,12.78410882237307,2.0115532499122518e-37,2.66309534755883e-33,0.40044117
Prom1,Coq4,12.774743343999075,2.268949088216698e-37,3.0038616978900862e-33,0.42745185
Prom1,Dpp3,12.772891113898977,2.323605544330842e-37,3.076221380139602e-33,0.28308862
Prom1,Ncbp1,12.757230249226296,2.841250349083745e-37,3.76153133715197e-33,0.32149565
Prom1,Mtx2,12.750640300607483,3.091951763924525e-37,4.0934349402596786e-33,0.2696761
Prom1,Urod,12.743443356115588,3.390916148706575e-37,4.489233889272635e-33,0.3122121
Prom1,Arl6ip4,12.741578064781464,3.4729808627404416e-37,4.5978793641820706e-33,0.26667127
Prom1,Ears2,12.741354253027056,3.482959310300082e-37,4.611089830906278e-33,0.5886748
Prom1,Krr1,12.740148038289274,3.5372299909959867e-37,4.6829387850795865e-33,0.32853281
Prom1,Cox18,12.739940294742338,3.546661383832097e-37,4.695425006055313e-33,0.3578843
Prom1,Ap4s1,12.736417961351888,3.7104309518615087e-37,4.9122395371694514e-33,0.34700763
Prom1,Nemf,12.722180464338825,4.452592334332977e-37,5.894786991423428e-33,0.29605597
Prom1,Ap3s2,12.71912461052182,4.630182455646754e-37,6.129898553030738e-33,0.4247495
Prom1,Carm1,12.718319227299096,4.67814789538187e-37,6.193399998696057e-33,0.4948187
Prom1,Nol12,12.716264321153536,4.802779286217201e-37,6.358399497022952e-33,0.25905168
Prom1,Tmed7,12.715168551735374,4.870581826586911e-37,6.448163280218411e-33,0.28877574
Prom1,Otulin,12.713303584336492,4.9881742428017106e-37,6.603843880045185e-33,0.27655
Prom1,Trub1,12.704543816757134,5.579382775212292e-37,7.386544856103553e-33,0.5906689
Prom1,Il15ra,12.702003681193478,5.763493194741282e-37,7.630288640517983e-33,0.620641
Prom1,Qtrt1,12.701704949303334,5.785538449280351e-37,7.659474353002256e-33,0.51711893
Prom1,Eef1akmt4,12.689747664329403,6.740258964233392e-37,8.923428842748587e-33,0.4073912
Prom1,Dnajc7,12.677317977008158,7.898863262867973e-37,1.0457305073710909e-32,0.30238926
Prom1,Nsun5,12.669622315077438,8.713290382218073e-37,1.1535525137018507e-32,0.5449207
Prom1,Sdhaf1,12.66909740661586,8.771788108534124e-37,1.1612970276888326e-32,0.33064306
Prom1,Atf6b,12.652830554392263,1.0791555788730385e-36,1.4286940708700156e-32,0.3040043
Prom1,Copb1,12.652359578352787,1.0856454615357551e-36,1.437286026527186e-32,0.3042469
Prom1,Cox10,12.641043612432204,1.253786624039643e-36,1.6598881115660833e-32,0.40797305
Prom1,Tefm,12.635345573976352,1.3480061467424302e-36,1.7846253376723033e-32,0.544302
Prom1,Cwc15,12.63341275155512,1.3815384617693018e-36,1.8290187695363787e-32,0.31217986
Prom1,CAAA01118383.1,12.627704902985725,1.48547923133217e-36,1.96662595436066e-32,0.3267635
Prom1,Tbrg4,12.626992928391642,1.4989779122629164e-36,1.984496858044875e-32,0.3599311
Prom1,Ufl1,12.615928653899072,1.7251202170996587e-36,2.2838866554182382e-32,0.3695444
Prom1,Ttll12,12.614208333290671,1.763205411963351e-36,2.3343076448982802e-32,0.42552853
Prom1,Tmem222,12.604352304890055,1.998072460923961e-36,2.6452481310172324e-32,0.30483937
Prom1,Dnaaf10,12.59608172567905,2.2189684005301117e-36,2.937692265461815e-32,0.41718268
Prom1,Tmem183a,12.595218569248805,2.243376529454678e-36,2.970006187345048e-32,0.2980919
Prom1,Ergic2,12.591374729451593,2.35535208302922e-36,3.1182506227223847e-32,0.27902555
Prom1,Mpi,12.589797947652775,2.402876426449346e-36,3.1811681009762896e-32,0.47838497
Prom1,Sgta,12.580808675382288,2.692593267852007e-36,3.564724227309272e-32,0.32741117
Prom1,Dis3,12.57873213955486,2.7643075221860952e-36,3.6596667286221715e-32,0.39427543
Prom1,Rbmxl1,12.563346066059387,3.3582432670350245e-36,4.445978261227669e-32,0.25709885
Prom1,Zfp64,12.554660536256403,3.7478512357955216e-36,4.961780251069692e-32,0.45485592
Prom1,Kdsr,12.553131949585318,3.8209254360219065e-36,5.058523184749402e-32,0.33681524
Prom1,Ppif,12.544067626835126,4.284272048397263e-36,5.671947764873136e-32,0.3856125
Prom1,Kat8,12.542878113671748,4.3490826701481294e-36,5.757750547009108e-32,0.41655397
Prom1,Fam98a,12.541218762337566,4.441123030476555e-36,5.879602780047911e-32,0.48244762
Prom1,Rgs3,12.540542376074102,4.479193590402535e-36,5.930004394333916e-32,0.43431568
Prom1,Umps,12.536681947412221,4.7027692224030446e-36,6.22599617353939e-32,0.25901407
Prom1,Faim,12.53442102233518,4.83882348448001e-36,6.406118411103085e-32,0.3432392
Prom1,Ankrd49,12.53250141385025,4.9574039968013195e-36,6.563107151365267e-32,0.35353494
Prom1,Coq5,12.527063222681008,5.3092481182468156e-36,7.028913583746959e-32,0.4073292
Prom1,Ftsj1,12.52510499989138,5.441928440785596e-36,7.20456906275605e-32,0.43358302
Prom1,Ngrn,12.509509724087302,6.623174787346432e-36,8.76842110096794e-32,0.27623355
Prom1,Dnmt3b,12.504530942246816,7.05148124583607e-36,9.335456021362374e-32,0.7406473
Prom1,Dph7,12.500988626074603,7.372864030622158e-36,9.760934690140675e-32,0.57661295
Prom1,Erap1,12.496513127909845,7.799799322256695e-36,1.032615432273564e-31,0.38243592
Prom1,D030056L22Rik,12.492808080130759,8.17175885515755e-36,1.081859154834308e-31,0.41452837
Prom1,Foxred1,12.492012768223578,8.253871832667728e-36,1.0927300919268805e-31,0.4759717
Prom1,Alkbh1,12.491166157206983,8.34218233454547e-36,1.1044215192704748e-31,0.3197292
Prom1,Nrf1,12.487148744478608,8.774209035155191e-36,1.1616175341641958e-31,0.3380003
Prom1,Gnl2,12.483998882535607,9.128428941211748e-36,1.2085127075270233e-31,0.32887137
Prom1,Zdhhc4,12.472460404758074,1.0551695463134628e-35,1.3969389623643933e-31,0.31781816
Prom1,Hsph1,12.4717874692717,1.0641194811774984e-35,1.40878778113089e-31,0.42920017
Prom1,Gmfb,12.471295301025625,1.0707129629037147e-35,1.4175168915882279e-31,0.27082294
Prom1,Pex39,12.462795968765299,1.1911980330480583e-35,1.5770270759523244e-31,0.27343595
Prom1,Tbrg1,12.456750170485096,1.2850119171802606e-35,1.701227277154947e-31,0.25795898
Prom1,Gpx3,12.456610167741756,1.2872691809286982e-35,1.7042156686315035e-31,0.3961333
Prom1,Nudt16l1,12.45274100362464,1.3512350442645376e-35,1.7889000751018213e-31,0.314561
Prom1,Sumf2,12.445719556203992,1.4754862407172252e-35,1.9533962340855343e-31,0.5375087
Prom1,Ndufaf7,12.434620684540869,1.6954368693416826e-35,2.2445888713214536e-31,0.40332532
Prom1,Mrpl44,12.433993153639994,1.7088031180812926e-35,2.2622844480278233e-31,0.29030266
Prom1,Pop4,12.428888135479866,1.8215019868065736e-35,2.4114864803332226e-31,0.39402115
Prom1,Insig1,12.428788164405344,1.8237811393849132e-35,2.4145038504316865e-31,0.5046129
Prom1,Aifm1,12.428111769140754,1.8392763018546996e-35,2.435017896025437e-31,0.31853485
Prom1,Ifi35,12.42726326729838,1.8588992549439947e-35,2.4609967236203547e-31,0.28059638
Prom1,Smarcc1,12.425330647441765,1.9043740974799195e-35,2.5212008676536654e-31,0.2722624
Prom1,Rbm42,12.410503827117415,2.2920591470927494e-35,3.034457104836091e-31,0.25636822
Prom1,Rbm19,12.406496552241997,2.40967951315908e-35,3.190174707471306e-31,0.7261505
Prom1,Pnpt1,12.398558218161027,2.660678475958517e-35,3.5224722343214807e-31,0.45199704
Prom1,Polr3d,12.398187713281667,2.6730077077649e-35,3.538794904309951e-31,0.6000347
Prom1,Fyttd1,12.393365670252484,2.838743118071315e-35,3.758212014014614e-31,0.3770883
Prom1,Maip1,12.384485591883676,3.1711165398764387e-35,4.198241187142417e-31,0.32527173
Prom1,Rbm26,12.368584730388887,3.8657272406008404e-35,5.117836293831452e-31,0.33759356
Prom1,Ints13,12.36421332442117,4.0818788600024385e-35,5.403999422757229e-31,0.4168191
Prom1,Msto1,12.354531756896654,4.604291896464211e-35,6.095622041728968e-31,0.47793365
Prom1,Lsm1,12.33430962003245,5.919410033446103e-35,7.836706943279296e-31,0.27608874
Prom1,Trappc13,12.333204157783806,6.001201970665521e-35,7.944991288964083e-31,0.3873346
Prom1,Plpbp,12.329590499741673,6.276487713359771e-35,8.309442083717e-31,0.34305477
Prom1,Taf5l,12.326752944483129,6.501413701607602e-35,8.607221599558303e-31,0.329239
Prom1,Pbdc1,12.325498391081393,6.603395001829526e-35,8.74223464292211e-31,0.25619572
Prom1,Psmf1,12.325070939710983,6.638503817548893e-35,8.788715204052978e-31,0.33656406
Prom1,Seh1l,12.320894463763421,6.99144909470668e-35,9.255979456482174e-31,0.29038787
Prom1,Afg3l2,12.319514687857541,7.112099791483305e-35,9.415708913944747e-31,0.30629694
Prom1,Api5,12.31171472399905,7.834085349180949e-35,1.0371545593780659e-30,0.28251064
Prom1,Prpf8,12.298985533830969,9.171881844645968e-35,1.2142654374126797e-30,0.29102695
Prom1,Dhodh,12.293876436080541,9.770584814719128e-35,1.2935277236206654e-30,0.43808722
Prom1,Nubp1,12.281595786951097,1.137325221202488e-34,1.5057048603499739e-30,0.28241527
Prom1,Rpp38,12.281534925832082,1.1381812230732657e-34,1.5068381212266965e-30,0.5912814
Prom1,Tfpi,12.281122959291823,1.1439923204199064e-34,1.5145314330039141e-30,0.6703174
Prom1,Tnpo1,12.277380221370517,1.198155255966064e-34,1.586237743373472e-30,0.26932216
Prom1,Heatr6,12.277230458812191,1.200374761766345e-34,1.589176147102464e-30,0.35087764
Prom1,Rbbp6,12.27169651869319,1.2853165235615763e-34,1.701630545543171e-30,0.2734407
Prom1,Crnkl1,12.247309630559226,1.7366183283008338e-34,2.2991090048374738e-30,0.3206023
Prom1,Tfam,12.24620130756216,1.7605080362015498e-34,2.330736589127232e-30,0.28819668
Prom1,Commd6,12.246044152623424,1.763921808456017e-34,2.335256082214921e-30,0.27764708
Prom1,Pcf11,12.24049882001779,1.8886829247575876e-34,2.5004273240865704e-30,0.32424736
Prom1,Commd9,12.2380970268728,1.945404028814428e-34,2.575520393747421e-30,0.34951735
Prom1,Pimreg,12.236963107959403,1.9727677584617523e-34,2.6117472354275138e-30,0.96127605
Prom1,Tmem141,12.231543771953048,2.108920645551249e-34,2.7920000426452982e-30,0.2606482
Prom1,Rce1,12.2223234510126,2.362349934883243e-34,3.127515078791925e-30,0.29570186
Prom1,Pus10,12.21250452293816,2.665554294334457e-34,3.5289273302693874e-30,0.50253725
Prom1,Tpd52l2,12.210220690625546,2.7414454774182966e-34,3.629399667554083e-30,0.2605099
Prom1,Plaa,12.19687816329419,3.2297044724575663e-34,4.275805751086572e-30,0.3414693
Prom1,Fam91a1,12.191555158376252,3.4477827715501144e-34,4.5645196112551964e-30,0.3293842
Prom1,Cnot7,12.190991493390543,3.471715236644627e-34,4.596203801793822e-30,0.28895724
Prom1,2700062C07Rik,12.189582288706998,3.5322726726651517e-34,4.676375791341394e-30,0.4133711
Prom1,Fibp,12.188817508437939,3.5655754769288505e-34,4.720465373906105e-30,0.27699387
Prom1,Nrbf2,12.187055745382139,3.64348407528289e-34,4.823608567267018e-30,0.30066895
Prom1,Mrps34,12.177286350901372,4.107211387160306e-34,5.437537155461529e-30,0.2631802
Prom1,Ppp4r3b,12.17371059514016,4.2912186583032045e-34,5.6811443817276126e-30,0.2723632
Prom1,Tprkb,12.171334690188914,4.417986966834752e-34,5.848972945392529e-30,0.38933182
Prom1,Armc10,12.17034655925693,4.471798454562179e-34,5.9202139739948695e-30,0.36656284
Prom1,Sh2d5,12.163599735568408,4.8570262023428875e-34,6.430216989281749e-30,0.30775833
Prom1,Commd2,12.161033682701861,5.012043563835634e-34,6.635444474161996e-30,0.2784561
Prom1,Parpbp,12.14648765983093,5.988337099124685e-34,7.92795948553117e-30,0.7549813
Prom1,Rrp8,12.145698813206378,6.046377061747067e-34,8.004798592046942e-30,0.33207893
Prom1,Dhx16,12.14299265910473,6.249763601112799e-34,8.274062031513235e-30,0.29658997
Prom1,Eef2kmt,12.139518194228993,6.520887052819311e-34,8.633002369227486e-30,0.33373082
Prom1,Dars2,12.138400148372563,6.610592091587639e-34,8.751762870052876e-30,0.4377513
Prom1,Isoc1,12.133376105395106,7.029060047200961e-34,9.305772596489353e-30,0.26501393
Prom1,C1qtnf6,12.129186887530512,7.398034484301888e-34,9.79425785376727e-30,0.30538476
Prom1,Snx9,12.126390836329554,7.654944577391514e-34,1.0134381126008627e-29,0.4852965
Prom1,Elovl1,12.124829804621012,7.80221209322273e-34,1.0329348590217574e-29,0.271937
Prom1,Dlat,12.124671764779983,7.817277528210415e-34,1.0349293719597768e-29,0.31046402
Prom1,Cdk1,12.118431326828782,8.43583061299414e-34,1.1168196148542942e-29,0.40008888
Prom1,Surf6,12.112273969155336,9.093758239334113e-34,1.2039226533054431e-29,0.5024562
Prom1,Ppm1f,12.107705114027176,9.614663297401734e-34,1.2728852739430157e-29,0.3772955
Prom1,Cpox,12.098272715718824,1.0785672379744922e-33,1.4279151663544304e-29,0.44925785
Prom1,Hspe1-rs1,12.082792345163059,1.3022100730020966e-33,1.7239959156474757e-29,0.5082309
Prom1,1810030O07Rik,12.081854538430864,1.3171500517813824e-33,1.7437749535533722e-29,0.36632347
Prom1,Pdrg1,12.078904490092194,1.3652656409363887e-33,1.807475182035685e-29,0.26353568
Prom1,Suv39h1,12.075581252284493,1.421561739781409e-33,1.8820055872966075e-29,0.3940773
Prom1,Trip13,12.067709054688457,1.5642866812594617e-33,2.0709591373194014e-29,0.38372612
Prom1,Alkbh3,12.057788705200593,1.764571830021014e-33,2.3361166457648203e-29,0.34034646
Prom1,Sf3a2,12.055852130009757,1.806543758764207e-33,2.3916832822279335e-29,0.31676292
Prom1,3110040N11Rik,12.050613905145878,1.9251075634202326e-33,2.548649903212046e-29,0.32530558
Prom1,Pcnp,12.049166590531069,1.959208050191457e-33,2.5937955376484695e-29,0.25712645
Prom1,Lrpprc,12.048386833868808,1.9778280611242815e-33,2.6184465701224363e-29,0.4703381
Prom1,Tmem214,12.043995166567004,2.0860282017728415e-33,2.761692736327065e-29,0.31682873
Prom1,Med10,12.042403310738267,2.1266826597274814e-33,2.8155151732132124e-29,0.2775424
Prom1,Srfbp1,12.041900907324367,2.1396762041801876e-33,2.83271732671415e-29,0.4300666
Prom1,Hsd17b1,12.037731447682129,2.2505974708571744e-33,2.9795659916678134e-29,0.55122423
Prom1,Mthfd2,12.036446943247038,2.285906596557151e-33,3.026311743182012e-29,0.3342589
Prom1,Huwe1,12.032925849169327,2.3855426866231146e-33,3.158219962820341e-29,0.27073127
Prom1,Cenpp,12.026432447895163,2.58073112622668e-33,3.4166299380115016e-29,0.37526608
Prom1,Mrgbp,12.021434330452903,2.741704732042267e-33,3.629742894750757e-29,0.31692696
Prom1,Upf1,12.02062861267318,2.7685717659745027e-33,3.665312160973644e-29,0.3069743
Prom1,Fam210a,12.017406919779866,2.8786390320304947e-33,3.811030214505172e-29,0.41031718
Prom1,Pusl1,12.017401490248897,2.8788281493490256e-33,3.811280586923175e-29,0.47095633
Prom1,Nol10,12.011572582986211,3.089141762809867e-33,4.0897147797839826e-29,0.53755236
Prom1,Cep63,12.007612356270378,3.240667568276771e-33,4.2903197936416166e-29,0.4941926
Prom1,Cops4,12.003017302862405,3.425755484073908e-33,4.5353576853654463e-29,0.2624678
Prom1,Dcst2,12.000786056662704,3.519379289886638e-33,4.65930624188092e-29,0.7763066
Prom1,Por,12.000372760328778,3.536998225951865e-33,4.6826319513376744e-29,0.28210354
Prom1,Rpap3,11.995966096296787,3.730389509696034e-33,4.93866267188658e-29,0.2995844
Prom1,Utp20,11.995002521954865,3.774056598553571e-33,4.9964735308250726e-29,0.508656
Prom1,Nosip,11.991244512528962,3.94926643556761e-33,5.228433834047959e-29,0.31415808
Prom1,Mettl6,11.989941074270183,4.011904593376144e-33,5.311360491170677e-29,0.30089545
Prom1,Pigt,11.988285214962703,4.092903537504718e-33,5.418594993302497e-29,0.3537377
Prom1,Dgcr6,11.986197143732001,4.197363919184419e-33,5.556890092608252e-29,0.26547515
Prom1,Nuf2,11.985285536944824,4.2437953854100286e-33,5.618360710744337e-29,0.3002963
Prom1,Dhcr7,11.983312548785456,4.3460409381658944e-33,5.753723598037828e-29,0.45188522
Prom1,Itpa,11.982151871610863,4.40732946830399e-33,5.834863483087652e-29,0.27480984
Prom1,Get3,11.975544401124008,4.7729424972804156e-33,6.318898572149543e-29,0.30619228
Prom1,Fbp1,11.97047515953619,5.0737223916572565e-33,6.717101074315041e-29,0.2811202
Prom1,Mtrex,11.969707518392195,5.1208822920054636e-33,6.779536066386034e-29,0.29493487
Prom1,Dhx36,11.965566005512814,5.3829268808273506e-33,7.126456897527329e-29,0.28430068
Prom1,Eif2b4,11.951617669458003,6.367362480605347e-33,8.429751188073418e-29,0.30645
Prom1,Ppp2r5d,11.940126174983416,7.311220207624383e-33,9.679324432873921e-29,0.37731647
Prom1,Fam114a2,11.926858555447396,8.574870780403093e-33,1.1352271426175656e-28,0.28300166
Prom1,Knop1,11.907439255885333,1.0825083142336695e-32,1.4331327572139552e-28,0.27117562
Prom1,Repin1,11.905108475409985,1.1131845410002243e-32,1.4737450138301969e-28,0.4987769
Prom1,Zfp239,11.901039491847458,1.1688208914264061e-32,1.547401978159419e-28,0.53332853
Prom1,Shq1,11.899847870269955,1.1856309106273267e-32,1.5696567625795179e-28,0.46315742
Prom1,Cox19,11.899205249748327,1.194795682306459e-32,1.581790003805521e-28,0.29911375
Prom1,Coa7,11.89179783120951,1.30565437806537e-32,1.7285558311207434e-28,0.521008
Prom1,Tex10,11.877829940425425,1.543217199394245e-32,2.043065250278041e-28,0.37461472
Prom1,Ppp3cb,11.871775867677039,1.6590797586423135e-32,2.196455692466559e-28,0.2901851
Prom1,Bcl2l12,11.867461947873686,1.7468708948816528e-32,2.3126823777338204e-28,0.26961434
Prom1,Pex7,11.861407071669912,1.8779244328454902e-32,2.4861841566441444e-28,0.25978076
Prom1,Dpp9,11.855199660457373,2.0224158841874673e-32,2.677476389075788e-28,0.28280926
Prom1,Ei24,11.844104667027443,2.308707908046596e-32,3.0564983994628883e-28,0.27324772
Prom1,Tysnd1,11.840247376426138,2.417388854866094e-32,3.2003811049572216e-28,0.35799515
Prom1,Prrc2a,11.820466716658142,3.0597988656488023e-32,4.0508677182324495e-28,0.2531854
Prom1,Pcca,11.818674134178835,3.125787662251259e-32,4.138230286054442e-28,0.4062488
Prom1,Pelo,11.817791994815558,3.158777992929765e-32,4.181906184839716e-28,0.28836805
Prom1,Vars2,11.811465988222492,3.405707464901726e-32,4.508816112783395e-28,0.64420295
Prom1,Ythdf1,11.802716798416373,3.7791001168627185e-32,5.003150644714553e-28,0.2838881
Prom1,Ddx49,11.793813010195848,4.2008184083273596e-32,5.561463490784592e-28,0.291978
Prom1,Dtd2,11.7806130700967,4.913439251556338e-32,6.504902225135436e-28,0.26507747
Prom1,Epop,11.764406054229429,5.954390829882067e-32,7.883018019680869e-28,0.5703118
Prom1,Mocs2,11.755304153677045,6.632150466612238e-32,8.780304002747941e-28,0.28679574
Prom1,Parp2,11.740189343283893,7.930869529338252e-32,1.0499678169890912e-27,0.30278802
Prom1,Trmu,11.73969600654839,7.977266895827159e-32,1.0561103643385574e-27,0.49140644
Prom1,Entpd5,11.739067591522595,8.036758601411382e-32,1.063986471240853e-27,0.27683055
Prom1,U2af1l4,11.728489108213662,9.106972401173433e-32,1.2056720761913507e-27,0.27477217
Prom1,Pnpo,11.727085291896314,9.25924022952441e-32,1.2258308139867367e-27,0.29307926
Prom1,Spdyaos,11.700647854470468,1.2648413459016122e-31,1.6745234578391442e-27,0.43277216
Prom1,Ccdc18,11.689187583939912,1.4476473489341807e-31,1.916540325253962e-27,0.41110063
Prom1,Lancl1,11.684442364003953,1.5308092560162889e-31,2.026638374039965e-27,0.2889123
Prom1,Sfxn2,11.684242891676739,1.5344071032267295e-31,2.031401563961867e-27,0.7361858
Prom1,Atp2a2,11.680631185282204,1.6010223133404288e-31,2.1195934406313935e-27,0.26332915
Prom1,Ndufaf1,11.678153232069489,1.6483792304288727e-31,2.1822892631647845e-27,0.33985758
Prom1,Polr1b,11.677356423028266,1.6639008052379493e-31,2.202838276054521e-27,0.5661454
Prom1,Cpn1,11.667920234489458,1.859126760240626e-31,2.4612979178825647e-27,0.49938893
Prom1,Eif2ak2,11.663499918702975,1.958240874016418e-31,2.592515093110336e-27,0.36028528
Prom1,Ankrd13c,11.66150047126335,2.004779586053011e-31,2.6541276939755815e-27,0.41297317
Prom1,Med1,11.660412739045968,2.030556871757998e-31,2.6882542425204135e-27,0.30544877
Prom1,Got1,11.659359252120417,2.05583621525065e-31,2.7217215653703355e-27,0.28011394
Prom1,Ext2,11.652321024702337,2.232929486667895e-31,2.956175347399626e-27,0.29823864
Prom1,Cr1l,11.65058930301222,2.278774927666848e-31,3.01687012673814e-27,0.26608342
Prom1,Dync2i2,11.650293753236605,2.2866921078859964e-31,3.0273516816302706e-27,0.4813323
Prom1,Slc52a2,11.636560235171162,2.686325327454915e-31,3.5564261010175614e-27,0.33135235
Prom1,Dusp2,11.626045723329835,3.0384963524153218e-31,4.0226653209626446e-27,0.45329309
Prom1,Wrnip1,11.61980984869573,3.268629368446185e-31,4.327338420885904e-27,0.40600228
Prom1,Desi2,11.611924801509243,3.5845448786292126e-31,4.7455789648172146e-27,0.3578074
Prom1,Gstcd,11.610689421159957,3.6367148736129434e-31,4.814646821176176e-27,0.45289063
Prom1,Bckdhb,11.609544588612732,3.6857336679502377e-31,4.87954280299932e-27,0.47727132
Prom1,Mtfr1l,11.594111727930263,4.414215551568176e-31,5.843979968721108e-27,0.26217866
Prom1,Nup88,11.591418651595713,4.555244986455925e-31,6.030688837568999e-27,0.30288613
Prom1,Glrp1,11.591276481842664,4.562813100833062e-31,6.0407082641928904e-27,0.36458778
Prom1,Pitpnb,11.589345034317356,4.666874932299355e-31,6.178475722871116e-27,0.26659966
Prom1,Zfp598,11.589140381045551,4.678038274642063e-31,6.193254871798627e-27,0.33518147
Prom1,Pqbp1,11.588422680527911,4.717397004572465e-31,6.2453618943534865e-27,0.26432776
Prom1,Spr,11.580428178759764,5.178674116016609e-31,6.856046662194388e-27,0.313712
Prom1,Slc25a32,11.579977723388742,5.205958136189977e-31,6.89216797650191e-27,0.46411538
Prom1,Opa3,11.576667648950483,5.410874074693208e-31,7.163456187486338e-27,0.44369578
Prom1,2410004B18Rik,11.574981156704485,5.518338274524363e-31,7.305728041642804e-27,0.31334162
Prom1,Mrps2,11.568797867789971,5.930780082816445e-31,7.851759751640692e-27,0.4799626
Prom1,Nxf1,11.56571510761741,6.147696725605269e-31,8.138935695028816e-27,0.34484458
Prom1,Usp36,11.560531611950084,6.530324957675298e-31,8.645497211466326e-27,0.5915606
Prom1,Cdadc1,11.560099781551815,6.563248095636626e-31,8.689084153813329e-27,0.33189702
Prom1,Diablo,11.547545826322635,7.595854615181259e-31,1.005615192503847e-26,0.27138257
Prom1,Ccdc32,11.533412473893087,8.95234270124334e-31,1.1852006502176058e-26,0.30583012
Prom1,Alg9,11.532591576331555,9.038134672843082e-31,1.1965586493376957e-26,0.5072212
Prom1,Cops2,11.531094497756925,9.196700929975726e-31,1.2175512361194863e-26,0.25410855
Prom1,Senp5,11.51825788527101,1.0674740940143991e-30,1.413228953065663e-26,0.37790895
Prom1,Slc25a33,11.517310931667453,1.0792679926899001e-30,1.4288428955221587e-26,0.52851844
Prom1,Nfix,11.515125658911252,1.1069805700499414e-30,1.4655315766891172e-26,0.27857673
Prom1,Mvd,11.508042670033213,1.2017500416176661e-30,1.590996880097628e-26,0.26391292
Prom1,Ints14,11.507826676088605,1.2047631630647664e-30,1.5949859515814442e-26,0.35877204
Prom1,Pold2,11.487772193670947,1.5198082562281804e-30,2.012074150420488e-26,0.2567656
Prom1,Med25,11.48647342747944,1.5428242680235038e-30,2.0425450484363167e-26,0.2948085
Prom1,Rexo4,11.485869925918182,1.5536365951022276e-30,2.0568594882558392e-26,0.30499518
Prom1,Nme4,11.482882152412822,1.6082834727840547e-30,2.12920648961881e-26,0.25842965
Prom1,Txnrd1,11.478124652986079,1.699262389938248e-30,2.2496534780392464e-26,0.2617483
Prom1,Ccdc137,11.474682759882816,1.7682499761983675e-30,2.3409861434890188e-26,0.70041585
Prom1,Mtf2,11.468851490060311,1.8915302940222954e-30,2.5041969562561168e-26,0.25782132
Prom1,Clstn3,11.458510454708993,2.13149017304522e-30,2.821879840094567e-26,0.28398204
Prom1,Zng1,11.446536505572048,2.447295269039714e-30,3.2399742066816774e-26,0.619509
Prom1,Tubd1,11.444851949703466,2.4953010087911437e-30,3.3035290055385954e-26,0.5341821
Prom1,Jmjd8,11.440772415657486,2.6154651910648583e-30,3.4626143664507656e-26,0.4338088
Prom1,Mrps9,11.438057786136806,2.69859038838782e-30,3.5726638151866345e-26,0.25775903
Prom1,Mrm3,11.43429625244533,2.818123368039946e-30,3.730913526948084e-26,0.5066056
Prom1,Ap1ar,11.434050013527969,2.82612904685566e-30,3.7415122451322087e-26,0.34863782
Prom1,Slc30a5,11.433921934689744,2.8303020444150943e-30,3.7470368766011435e-26,0.26360798
Prom1,Txnrd3,11.431262130464194,2.9183579496198354e-30,3.8636140895017e-26,0.7036693
Prom1,Dnajc12,11.41840612678484,3.383827528494465e-30,4.4798492649738225e-26,0.2842331
Prom1,Isyna1,11.413920687829277,3.562993527045722e-30,4.717047130455832e-26,0.25581488
Prom1,H2-Q7,11.41147979681151,3.664415854245268e-30,4.8513201494353103e-26,0.6856067
Prom1,Qars1,11.39624671730587,4.365360963966921e-30,5.779301380195807e-26,0.26650172
Prom1,Cpsf1,11.385461509067754,4.940598032670698e-30,6.540857735452736e-26,0.30443883
Prom1,Ints15,11.385420276903538,4.94293555758372e-30,6.543952384685087e-26,0.30141592
Prom1,Nup54,11.376780356623856,5.457763277411895e-30,7.225532802965608e-26,0.3213172
Prom1,Epb41l2,11.375322467566543,5.549735764831922e-30,7.347295179060981e-26,0.49092197
Prom1,Yme1l1,11.373729723562974,5.6519745772468825e-30,7.482649142817148e-26,0.25870812
Prom1,Gtf2h2,11.36181829548507,6.47820580858193e-30,8.576496669981617e-26,0.3723204
Prom1,Pithd1,11.360967173022654,6.541636232288781e-30,8.660472207927118e-26,0.2809657
Prom1,Exosc2,11.356255845671566,6.904062772672834e-30,9.140288704741565e-26,0.4629972
Prom1,Gcdh,11.35540312498152,6.971757644906829e-30,9.22990994609215e-26,0.3736303
Prom1,Lrwd1,11.349425432193625,7.465163227052037e-30,9.883129596294192e-26,0.28757918
Prom1,Zzz3,11.349266171328098,7.47877213739889e-30,9.90114643270239e-26,0.27061749
Prom1,Iars2,11.343878573420064,7.953937681666667e-30,1.05302180967585e-25,0.26391566
Prom1,Poglut1,11.340528240664923,8.264409067911481e-30,1.094125116500801e-25,0.3976612
Prom1,Anapc7,11.322895311110177,1.0107747736295601e-29,1.3381647228081746e-25,0.3332913
Prom1,Kat14,11.320629817708173,1.0372402824845753e-29,1.3732024099813293e-25,0.3622563
Prom1,Rapgef1,11.316704413651305,1.084734815292363e-29,1.4360804219655594e-25,0.45533347
Prom1,Npr1,11.308175913454983,1.1954901314696466e-29,1.5827093850526652e-25,0.56968474
Prom1,Poc1a,11.304490374662015,1.2467588233755127e-29,1.6505840062668412e-25,0.35584927
Prom1,Cdc23,11.300519711454285,1.3044372155109492e-29,1.7269444296149457e-25,0.3254404
Prom1,Wrap73,11.296382461835876,1.3673531472250197e-29,1.8102388316112036e-25,0.3775494
Prom1,Ppp1r7,11.295726998553588,1.377593533945429e-29,1.8237960795903532e-25,0.26341033
Prom1,Usp16,11.288490636554247,1.4958327918180288e-29,1.9803330330878884e-25,0.28217793
Prom1,Glt8d1,11.272079830965303,1.8026079484293233e-29,2.386472662925581e-25,0.4078672
Prom1,Tarbp2,11.270505319335271,1.8351364395249823e-29,2.429537132287124e-25,0.25968945
Prom1,Hebp2,11.262755352494327,2.0039340612440858e-29,2.6530083036810453e-25,0.564193
Prom1,Mmab,11.260214108975319,2.062569810445938e-29,2.7306361720493775e-25,0.4833815
Prom1,Erlin1,11.259640525329246,2.0760381939160494e-29,2.7484669649254576e-25,0.43895102
Prom1,Cwc22,11.259232240787382,2.0856783031953142e-29,2.7612295056002766e-25,0.3118658
Prom1,Ykt6,11.25885585423624,2.09460460388433e-29,2.7730470350824646e-25,0.2812004
Prom1,Rrp12,11.25860454516607,2.100585689414042e-29,2.7809653942152503e-25,0.5745907
Prom1,Mul1,11.258506852465732,2.1029153200850688e-29,2.7840495922606225e-25,0.41616964
Prom1,Nkapd1,11.24796980471563,2.369840516259439e-29,3.1374318594758716e-25,0.25435627
Prom1,Hypk,11.247816022970627,2.373975188436026e-29,3.1429057519704547e-25,0.3324542
Prom1,Dera,11.234129263765722,2.772133825860928e-29,3.6700279720572825e-25,0.28462565
Prom1,Zbtb12,11.230556549336306,2.886545712534164e-29,3.8214978688239796e-25,0.41890645
Prom1,Thap12,11.229655032370841,2.9161484289172956e-29,3.8606889050436075e-25,0.27944207
Prom1,Dgcr2,11.219439052592525,3.273401638110339e-29,4.333656428694279e-25,0.3297367
Prom1,Tnfaip8l1,11.218374172066003,3.3130524754825995e-29,4.386150172291413e-25,0.28198743
Prom1,Rad23a,11.201936628737707,3.989162173922322e-29,5.281251802055762e-25,0.25034535
Prom1,Bid,11.200240407783939,4.066285214525569e-29,5.383354995510401e-25,0.2567823
Prom1,Cenpl,11.20005010007061,4.075029817475975e-29,5.394931975356444e-25,0.40954924
Prom1,Eif3j1,11.19776141056752,4.1816675938910226e-29,5.536109727552325e-25,0.3639679
Prom1,5730455P16Rik,11.190914737103826,4.5174890351905244e-29,5.980703733688735e-25,0.44704962
Prom1,Prorp,11.188933850929148,4.6195467114831326e-29,6.115817891332519e-25,0.4916997
Prom1,Mtap,11.187012727695079,4.7207096339164336e-29,6.249747484341966e-25,0.44087934
Prom1,Ints10,11.18416376888726,4.874790826167514e-29,6.453735574763172e-25,0.34403396
Prom1,Scrn2,11.177216969920186,5.271731996817719e-29,6.979245990586978e-25,0.3366344
Prom1,Smim11,11.171317767067096,5.633878039935798e-29,7.458691137071003e-25,0.2549187
Prom1,Arl5a,11.169906664019836,5.724099713407512e-29,7.578135610580206e-25,0.3297875
Prom1,Ppp2r3c,11.162218472136598,6.241434346685478e-29,8.263034931576905e-25,0.32403553
Prom1,Lrrc47,11.161412526380886,6.298282186977352e-29,8.338295787339316e-25,0.34111047
Prom1,Gpat4,11.154244461691567,6.827028137338197e-29,9.038302551022039e-25,0.3107996
Prom1,Trim13,11.139516699466219,8.055530332606874e-29,1.0664716607338241e-24,0.33474946
Prom1,Med17,11.139300257682702,8.075130386035135e-29,1.0690665118071916e-24,0.2931533
Prom1,Mtus2,11.13521265954341,8.454298179289432e-29,1.119264535956128e-24,0.29109716
Prom1,Hormad2,11.124785106384493,9.503460211582088e-29,1.2581630974113527e-24,0.3570311
Prom1,4933440M02Rik,11.119705175961045,1.0060388982535889e-28,1.3318948973979264e-24,0.25799656
Prom1,Depdc1b,11.113214818742483,1.0819287158748218e-28,1.4323654269466766e-24,0.44485378
Prom1,Zfp251,11.107607139227623,1.1520532425465686e-28,1.5252032878074021e-24,0.43955398
Prom1,Nup43,11.107137464976036,1.1581272387460922e-28,1.5332446513759516e-24,0.3016101
Prom1,Usp39,11.106242887920166,1.1697842492345493e-28,1.5486773675616198e-24,0.26485932
Prom1,Ifrd1,11.096003981852549,1.3117873872647202e-28,1.7366753219997632e-24,0.253914
Prom1,Chmp1b2,11.095383929897883,1.3209161395067492e-28,1.7487608770929852e-24,0.26091003
Prom1,Ndc1,11.09179142183127,1.3750610357113866e-28,1.8204433051783048e-24,0.2818073
Prom1,Arcn1,11.086741688778135,1.4549102356905343e-28,1.9261556610306984e-24,0.251508
Prom1,Tcam1,11.085905125835481,1.4685755106980885e-28,1.9442471186131995e-24,1.637577
Prom1,Cnep1r1,11.08331910062864,1.5116286171136302e-28,2.0012451261967352e-24,0.28910172
Prom1,Aacs,11.06655124554182,1.8228128515986983e-28,2.4132219342315166e-24,0.26953804
Prom1,Eral1,11.06437083036698,1.867689457077165e-28,2.4726340722244587e-24,0.46928644
Prom1,Atad1,11.060791161192794,1.9437536251078826e-28,2.5733354242803256e-24,0.26932037
Prom1,Rpp25l,11.040071156663899,2.448391952174509e-28,3.2414261054838323e-24,0.25060523
Prom1,Med22,11.039357384621708,2.4679181412132673e-28,3.2672768271522446e-24,0.28148603
Prom1,Taf7,11.034952461644849,2.591885376993128e-28,3.431397050601202e-24,0.29335678
Prom1,Ankrd40,11.023904106356019,2.930662432769698e-28,3.879903994743803e-24,0.31767774
Prom1,Rmdn3,11.019128497706983,3.090365516489237e-28,4.091334907280101e-24,0.44251537
Prom1,Armc6,11.018139400816564,3.1245060765299196e-28,4.13653359471796e-24,0.5617497
Prom1,Sfswap,11.013789672361785,3.2791402583767588e-28,4.341253788064991e-24,0.2744044
Prom1,Shcbp1,11.01187794406805,3.3494818337065696e-28,4.434378999644127e-24,0.3230884
Prom1,Pmm2,11.003484980844052,3.676433380278115e-28,4.867230152150196e-24,0.31209874
Prom1,2410002F23Rik,10.99757355731354,3.9255274355012683e-28,5.197005771860129e-24,0.31605554
Prom1,Stk25,10.995800571595373,4.0034494672730383e-28,5.300166749722775e-24,0.30654383
Prom1,Mrps31,10.994703192294649,4.052445541485971e-28,5.365032652373277e-24,0.29218757
Prom1,Cnpy3,10.991878760564266,4.181304057790987e-28,5.535628442109487e-24,0.27102494
Prom1,Amd1,10.980876313159055,4.723196199655454e-28,6.253039448723856e-24,0.48284888
Prom1,Mrpl49,10.973911428369108,5.101662014633999e-28,6.754090341173951e-24,0.26547885
Prom1,Eefsec,10.961817238681986,5.831643602434213e-28,7.720512965262654e-24,0.33238578
Prom1,H2bc4,10.948456645781036,6.758939878817806e-28,8.948160505566894e-24,0.3836342
Prom1,Bod1,10.94726806986522,6.848195912759163e-28,9.066326568901856e-24,0.36993504
Prom1,Atpaf2,10.946923603312577,6.874281421205525e-28,9.100861173533995e-24,0.38215017
Prom1,Nek1,10.943888569946724,7.10841740305315e-28,9.410833799902065e-24,0.43442035
Prom1,Mlh1,10.940950668387156,7.342589420606932e-28,9.720854133941516e-24,0.44314432
Prom1,Hmga1,10.932880617900814,8.025942000275511e-28,1.0625544614164749e-23,0.38199687
Prom1,Agk,10.930749573801913,8.216686546171955e-28,1.0878071318477052e-23,0.31299067
Prom1,Pparg,10.929928637692392,8.291360257119351e-28,1.0976931844400308e-23,0.27896094
Prom1,Prmt6,10.92633747070803,8.626010546987007e-28,1.1419975363156099e-23,0.54259133
Prom1,Pfas,10.923838282670122,8.86677411126367e-28,1.1738722245901973e-23,0.35529566
Prom1,Pycr1,10.91531631277282,9.738968526295543e-28,1.289342043196267e-23,0.78389907
Prom1,Txnrd2,10.910741635356988,1.0241736971774413e-27,1.3559035576932146e-23,0.35225606
Prom1,Cars1,10.910513322136248,1.0267492742296846e-27,1.3593133641526794e-23,0.28675675
Prom1,Smtn,10.907001250181683,1.0671876893660684e-27,1.412849781951738e-23,0.40760112
Prom1,Letm1,10.898333351729459,1.173877360291973e-27,1.554096237290543e-23,0.29911566
Prom1,Gpt2,10.890517808037682,1.279109192690301e-27,1.6934126602026896e-23,0.54253435
Prom1,Tti2,10.88175748196437,1.4082132326760465e-27,1.864333498739818e-23,0.40525103
Prom1,Cbll1,10.879365771274054,1.4456529597212427e-27,1.9138999533749534e-23,0.28794575
Prom1,Elp1,10.874722143450212,1.5211855973701558e-27,2.0138976123583493e-23,0.28638315
Prom1,Vps33a,10.838651680222815,2.2577394151600655e-27,2.989021211730411e-23,0.38948488
Prom1,Atp13a1,10.835761239528566,2.330192101487452e-27,3.084941323159238e-23,0.30698562
Prom1,Gemin5,10.831782236544246,2.4337166916444704e-27,3.2219975280681143e-23,0.31820607
Prom1,Fastkd2,10.82784855802105,2.540543120845406e-27,3.363425037687233e-23,0.56644607
Prom1,Polr1g,10.823418164918255,2.6664346509386033e-27,3.5300928343776166e-23,0.25018764
Prom1,Mettl22,10.819084387623331,2.795561718097758e-27,3.701044158589622e-23,0.47176647
Prom1,Psmd5,10.814835060908864,2.928189311091075e-27,3.876629828953474e-23,0.25924534
Prom1,Med19,10.811986953654147,3.0205564417988235e-27,3.998914673297462e-23,0.30923963
Prom1,Odr4,10.807561802677084,3.169832006388184e-27,4.1965405932573166e-23,0.2773292
Prom1,Dcaf17,10.806186012691231,3.2177160132663397e-27,4.2599342299633073e-23,0.25352013
Prom1,Fdxr,10.795967704728152,3.596535446674328e-27,4.761453277852143e-23,0.30326915
Prom1,Rnft1,10.790770624593389,3.805847062836444e-27,5.0385609264891677e-23,0.3222189
Prom1,Ccdc25,10.789388790173275,3.863504382280293e-27,5.11489345170088e-23,0.3047936
Prom1,D030028A08Rik,10.787763439516215,3.932431876829399e-27,5.2061465617344414e-23,0.442811
Prom1,Rbm4,10.779490469999287,4.302624424736371e-27,5.696244475908482e-23,0.26371062
Prom1,Ttc32,10.77688882700492,4.426032402027557e-27,5.859624297044283e-23,0.33364987
Prom1,Tfap4,10.774215480162017,4.556497992285818e-27,6.032347691987194e-23,0.29034352
Prom1,Tmem101,10.767956011566293,4.877082251050621e-27,6.456769192165917e-23,0.35191584
Prom1,Ints4,10.766588815576355,4.950026790256247e-27,6.553340467620245e-23,0.37637568
Prom1,Pgam5,10.76454023064304,5.061355344463163e-27,6.700728340534781e-23,0.34256792
Prom1,Gypc,10.754042084552015,5.672026541312872e-27,7.509195938044111e-23,0.452142
Prom1,Rnaseh1,10.751668781130771,5.819901332860192e-27,7.704967374573608e-23,0.29341125
Prom1,Elp5,10.751474360157998,5.832183289078606e-27,7.721227456411166e-23,0.27050555
Prom1,Nthl1,10.73886686501814,6.685994261229339e-27,8.851587802441522e-23,0.45455456
Prom1,Ppcs,10.735386378823124,6.942792776445044e-27,9.191563356735593e-23,0.28000712
Prom1,Chd1l,10.73521851841065,6.955422138661887e-27,9.208283369374472e-23,0.33989406
Prom1,Mitd1,10.734103120798714,7.039922141486741e-27,9.320152923114296e-23,0.29934454
Prom1,Cdk8,10.731888258654113,7.210744030092311e-27,9.546304021439211e-23,0.30585456
Prom1,Nf2,10.720767580208415,8.132559235100263e-27,1.0766695171349237e-22,0.3378961
Prom1,Mtif2,10.715225281116162,8.634678449239741e-27,1.1431450798948493e-22,0.35142112
Prom1,4933404O12Rik,10.715129465291897,8.64362408424757e-27,1.1443293925135358e-22,0.48581028
Prom1,Rrn3,10.711150004167564,9.023386620953508e-27,1.1946061547480348e-22,0.3472607
Prom1,Rfk,10.707007542416893,9.436281731741916e-27,1.2492693384653122e-22,0.2843337
Prom1,Hccs,10.703506447944388,9.799816935155774e-27,1.297397764045273e-22,0.36765647
Prom1,Ccnc,10.702600623823734,9.89611251571747e-27,1.310146335955836e-22,0.35893893
Prom1,Stat5a,10.700059168026847,1.0171324871675572e-26,1.3465816997611288e-22,0.3025167
Prom1,Smim13,10.684817877196888,1.1988412474754243e-26,1.5871459275327144e-22,0.39645505
Prom1,Il11ra1,10.683550731006559,1.2153237405371058e-26,1.6089671000970743e-22,0.45649695
Prom1,Twnk,10.68323532664921,1.219461185508702e-26,1.6144446634949707e-22,0.42912698
Prom1,Taf4b,10.657729802007056,1.6046656244160659e-26,2.1244168201644296e-22,0.7114606
Prom1,Acad9,10.65764067393297,1.606203824379153e-26,2.126453243095561e-22,0.51103234
Prom1,Cdca2,10.655300321671456,1.6471216775366422e-26,2.1806243888907605e-22,0.34300244
Prom1,Bnip1,10.655188571559995,1.649101117518216e-26,2.1832449694823663e-22,0.34980345
Prom1,Nagpa,10.654670003567967,1.658317468035582e-26,2.195446495932307e-22,0.34313345
Prom1,Poglut2,10.653864530019701,1.6727342608500783e-26,2.2145328879394185e-22,0.46639013
Prom1,Mterf3,10.65332133241141,1.6825267841951572e-26,2.2274972095959685e-22,0.35017943
Prom1,Bora,10.643333595511905,1.873056332282613e-26,2.4797392783089515e-22,0.29872942
Prom1,Urb1,10.63672725482259,2.0106811518006864e-26,2.6619407768689288e-22,0.72547626
Prom1,Txlng,10.636592258016073,2.013595515780308e-26,2.66579910334155e-22,0.3818922
Prom1,Sephs1,10.627460385085715,2.2207757877610145e-26,2.940085065416807e-22,0.30707455
Prom1,Cstf1,10.626178164014762,2.2515100655371203e-26,2.9807741757645934e-22,0.3026321
Prom1,Abt1,10.623027441222446,2.32883425760241e-26,3.0831436736398308e-22,0.26323712
Prom1,Akt1s1,10.615028098593625,2.5371808519775895e-26,3.358973729933131e-22,0.3092072
Prom1,St6galnac6,10.608570824881275,2.718757570872704e-26,3.5993631480783726e-22,0.27901816
Prom1,Brms1,10.608255892078082,2.7279355638228516e-26,3.611513892945073e-22,0.2780453
Prom1,Appbp2,10.593089135562606,3.208261732874577e-26,4.247417708152653e-22,0.255978
Prom1,Cenpt,10.576147811917577,3.8444090849555645e-26,5.089613187572672e-22,0.37724018
Prom1,Schip1,10.571140143941458,4.0553406368516497e-26,5.368865469127899e-22,0.3156643
Prom1,Ufsp2,10.56419772290084,4.366865931940612e-26,5.781293807296176e-22,0.25066328
Prom1,Sdhaf3,10.561798534896974,4.4799479295795893e-26,5.931003063970418e-22,0.37891078
Prom1,R3hcc1,10.560693935268809,4.532982745804637e-26,6.001215857170759e-22,0.36875296
Prom1,Ubqln1,10.557865838204517,4.671620728680192e-26,6.184758682699707e-22,0.26072967
Prom1,Tfpt,10.557278218927447,4.700949912540921e-26,6.223587589212926e-22,0.26165056
Prom1,BC023719,10.554260848040498,4.8544519158530405e-26,6.426808891397841e-22,0.32646704
Prom1,Ccnf,10.553367132154504,4.9008641232356675e-26,6.4882540127517e-22,0.3305354
Prom1,Rhno1,10.548353002263939,5.1695310592072153e-26,6.843942169284432e-22,0.33612466
Prom1,Med24,10.54835063556828,5.169661256737754e-26,6.844114537795113e-22,0.28476834
Prom1,Slc25a26,10.545718964945369,5.316465526366453e-26,7.038468710356547e-22,0.44669724
Prom1,Azi2,10.53294901748732,6.089623159684036e-26,8.062052101105695e-22,0.2662413
Prom1,Nkrf,10.530506946767357,6.249698978168168e-26,8.273976477196838e-22,0.57591796
Prom1,Pdk1,10.529540567602721,6.314190009541478e-26,8.359356153631963e-22,0.2713276
Prom1,Fem1b,10.527098838391055,6.480091959349743e-26,8.578993744983124e-22,0.40389228
Prom1,Bag5,10.524098397881993,6.68988221032576e-26,8.856735058250273e-22,0.29665422
Prom1,9430038I01Rik,10.521044501959038,6.910322501779835e-26,9.148575960106323e-22,0.25623596
Prom1,Lcn4,10.514019056345536,7.44515187737868e-26,9.856636570461634e-22,0.25014472
Prom1,Ctps1,10.509433099435824,7.816196834714484e-26,1.0347862989478506e-21,0.3294313
Prom1,Zfp639,10.50780291785083,7.952461405177249e-26,1.052826365431416e-21,0.30814314
Prom1,2010204K13Rik,10.50324844744792,8.34576818231585e-26,1.1048962496567954e-21,0.5355327
Prom1,Acy1,10.502942730011368,8.37284882022714e-26,1.1084814553098711e-21,0.4241693
Prom1,Dnajc24,10.502106992392244,8.447324263326001e-26,1.1183412592217293e-21,0.2731682
Prom1,Fbxw8,10.490858421321018,9.515986692922211e-26,1.2598214782759715e-21,0.3250742
Prom1,Nars2,10.488967898347935,9.70830498079368e-26,1.2852824964072752e-21,0.4743557
Prom1,Fam185a,10.48810167865174,9.797705523852639e-26,1.297118234302851e-21,0.6055696
Prom1,Mtfp1,10.487977549336758,9.810583289986103e-26,1.2988231217612603e-21,0.4699962
Prom1,Tmem242,10.476971430896475,1.1021685549825754e-25,1.4591609499414315e-21,0.35722613
Prom1,Nup42,10.467935507682826,1.212586527327297e-25,1.6053433035286084e-21,0.5186851
Prom1,Mrpl1,10.460198249621772,1.3158006960688931e-25,1.7419885415256075e-21,0.25989604
Prom1,Mbtps1,10.456335521073726,1.3705412069551773e-25,1.8144595038879594e-21,0.25587285
Prom1,Hmgcr,10.437066869681756,1.6791902272078823e-25,2.2230799418005154e-21,0.30291092
Prom1,Phospho2,10.435769945284806,1.7022808030126022e-25,2.253649555108384e-21,0.3011644
Prom1,Mfng,10.421099303211482,1.9864375696268413e-25,2.629844698428975e-21,0.2732936
Prom1,Zfp322a,10.414724581635308,2.1241150480330116e-25,2.812115912090904e-21,0.26563597
Prom1,Cep78,10.404962057857105,2.3534983179805134e-25,3.1157964231744016e-21,0.4275508
Prom1,Elp3,10.404626508495799,2.361804318701338e-25,3.1267927375287012e-21,0.27455306
Prom1,Lhpp,10.404126131718929,2.374244353383758e-25,3.1432620994447575e-21,0.34617305
Prom1,Polr3g,10.403651439093071,2.3861058581348027e-25,3.1589655455846653e-21,0.47697568
Prom1,Aurkb,10.39897054713555,2.506261428134042e-25,3.318039504706658e-21,0.31841248
Prom1,Gtf2e1,10.393611528175194,2.651200196467905e-25,3.509923940103859e-21,0.42182493
Prom1,Tada1,10.391260883877566,2.7173673995839085e-25,3.5975227003091365e-21,0.2919215
Prom1,Ddx20,10.383668168423387,2.94247362198322e-25,3.895540828143585e-21,0.32715034
Prom1,Srbd1,10.381407992138358,3.0129835146910953e-25,3.988888875099541e-21,0.34060383
Prom1,Espl1,10.372417408547928,3.3104240740662556e-25,4.382670431656316e-21,0.3699913
Prom1,Gga2,10.372110551111712,3.321073801942926e-25,4.3967696063922395e-21,0.2701794
Prom1,Yae1d1,10.365727398549357,3.5504672282485137e-25,4.700463563478207e-21,0.51951337
Prom1,Ccdc43,10.365395685968707,3.5628081043284786e-25,4.716801649320473e-21,0.4022827
Prom1,Get1,10.356661253698054,3.9035044104995107e-25,5.167849489060302e-21,0.64614177
Prom1,4833439L19Rik,10.355790050022794,3.9392081334439277e-25,5.215117647866416e-21,0.28822732
Prom1,Spag5,10.336072114871497,4.8396961074804515e-25,6.40727367669337e-21,0.28296947
Prom1,Bub1,10.335735648216115,4.856711624947254e-25,6.42980052026767e-21,0.33237362
Prom1,Avpi1,10.321017790746827,5.661974106418576e-25,7.495887519487553e-21,0.32361746
Prom1,Uqcc1,10.319307580914463,5.763730938807101e-25,7.630603389886722e-21,0.33370495
Prom1,Cdk16,10.309065853578339,6.412153754607018e-25,8.48905035572423e-21,0.33731198
Prom1,Fdft1,10.303756502972115,6.77623367358945e-25,8.971055760465074e-21,0.36739898
Prom1,Nt5m,10.300624934857803,7.000502623543125e-25,9.267965423308743e-21,0.29124665
Prom1,Uevld,10.291799449240717,7.6728852940881285e-25,1.0158132840843273e-20,0.63208437
Prom1,Zfp326,10.291573292305317,7.690930966534092e-25,1.0182023506594485e-20,0.418432
Prom1,Btg3,10.290182653258945,7.802821731969199e-25,1.0330155690954022e-20,0.35511804
Prom1,Ttc9c,10.287276969022697,8.041845070221372e-25,1.0646598688466074e-20,0.27285933
Prom1,Zcchc9,10.280293427358025,8.646396064354327e-25,1.1446963749598694e-20,0.31227517
Prom1,Cd302,10.27742280907738,8.907766118090611e-25,1.179299156374016e-20,0.89048934
Prom1,Aopep,10.271337329237511,9.488016665545589e-25,1.2561185263515805e-20,0.28817475
Prom1,Drosha,10.259061045179143,1.0774931968100488e-24,1.4264932432568235e-20,0.308846
Prom1,Fkrp,10.254207295159455,1.1330181494145725e-24,1.5000027280099526e-20,0.37809157
Prom1,Slc38a1,10.252607515227236,1.1519329809674915e-24,1.525044073502862e-20,0.25768638
Prom1,Pemt,10.24912373497679,1.1942123172530523e-24,1.581017686811316e-20,0.6061952
Prom1,Ptges2,10.247538540812565,1.213955793419036e-24,1.6071560749074618e-20,0.31720996
Prom1,Ggct,10.24391529939333,1.260305582270983e-24,1.6685185603685545e-20,0.27731085
Prom1,Tpgs2,10.24183475182327,1.2877086876088494e-24,1.7047975315253556e-20,0.3417306
Prom1,Tsen15,10.235443626307102,1.3756325950561001e-24,1.821199992594771e-20,0.3492279
Prom1,Syne3,10.234107733265157,1.3947489070120225e-24,1.8465080779932166e-20,0.29580164
Prom1,Zcchc10,10.223893534015515,1.5498773112848384e-24,2.0518825724099974e-20,0.29232275
Prom1,Kctd5,10.213190045790157,1.730790271690418e-24,2.2913932406909446e-20,0.4095149
Prom1,1300002E11Rik,10.190185317506621,2.1934568439921685e-24,2.903917515761232e-20,0.28576446
Prom1,Tmem106a,10.189053339203157,2.219145568330545e-24,2.937926817912808e-20,0.6090703
Prom1,Pde12,10.185219748431477,2.3083776143606304e-24,3.056061123652039e-20,0.31060982
Prom1,Scyl3,10.18513846101432,2.3103076725741933e-24,3.0586163277209745e-20,0.4093995
Prom1,Pex19,10.182758529024557,2.3675299653657728e-24,3.1343729211477465e-20,0.31026793
Prom1,Tmem120a,10.181726160239673,2.3927864214467606e-24,3.1678099433533665e-20,0.26578474
Prom1,Hspb6,10.172472425454233,2.6314295030423186e-24,3.4837495190777255e-20,0.45113564
Prom1,Haus7,10.166742734547059,2.7908576603521117e-24,3.6948164565401606e-20,0.3933537
Prom1,Cox11,10.157635474366527,3.064174719621238e-24,4.0566609113065574e-20,0.42523265
Prom1,Mtres1,10.155617714981128,3.128228560783697e-24,4.1414617916215363e-20,0.25251865
Prom1,Gtf3c4,10.155078442591734,3.1455712377606895e-24,4.164421761671377e-20,0.4903276
Prom1,Dnm1l,10.151167240131269,3.274235847339619e-24,4.334760838292922e-20,0.31321025
Prom1,Pgm3,10.14734424169027,3.405033566035546e-24,4.5079239380744596e-20,0.43707895
Prom1,Gem,10.138683663989454,3.720794271181691e-24,4.9259595356174407e-20,1.4028168
Prom1,Ptdss2,10.138567835365052,3.725208094740698e-24,4.93180299662721e-20,0.3617487
Prom1,Caap1,10.136505366140224,3.8046756373236054e-24,5.0370100762527214e-20,0.31784296
Prom1,Opa1,10.131990808281966,3.984530886089473e-24,5.275120440093853e-20,0.2710036
Prom1,Gmds,10.130819931916536,4.032536684199076e-24,5.3386753162111565e-20,0.2741624
Prom1,Nuak2,10.12738923031483,4.1765183087966315e-24,5.52929258901586e-20,0.3300388
Prom1,Tmem185a,10.1204681740769,4.4826623303050564e-24,5.934596659090864e-20,0.28232455
Prom1,Ints2,10.1152460494647,4.7282745937260625e-24,6.259762734633934e-20,0.339612
Prom1,Trim65,10.114250944301405,4.776567255834833e-24,6.323697389999735e-20,0.57818365
Prom1,D5Ertd605e,10.11251320066979,4.862074633339451e-24,6.4369006070781e-20,0.3504424
Prom1,Ercc1,10.102204487073967,5.401409620619422e-24,7.150926196738053e-20,0.26130247
Prom1,Abraxas1,10.09836804533873,5.616910890756168e-24,7.43622832827209e-20,0.37631392
Prom1,Slc31a1,10.096061837347728,5.750531308759781e-24,7.613128399667073e-20,0.3410318
Prom1,Sgsm3,10.086675829828717,6.327609943917507e-24,8.377122804752388e-20,0.38349771
Prom1,Arfip2,10.078468517753057,6.878992041018598e-24,9.107097563104522e-20,0.25517142
Prom1,Cdc16,10.072709619138003,7.294037678094923e-24,9.656576482029868e-20,0.28449607
Prom1,Ess2,10.071477049677032,7.386041135077588e-24,9.778379858729218e-20,0.2876215
Prom1,Ttll4,10.052774957347234,8.931624865361626e-24,1.1824578159252256e-19,0.6714549
Prom1,Chmp7,10.047021753066916,9.468581470017476e-24,1.2535455008156136e-19,0.27793574
Prom1,Atpsckmt,10.046761376391174,9.493624866048321e-24,1.2568609960161372e-19,0.2532928
Prom1,Qrsl1,10.032556920443392,1.0963992154811254e-23,1.4515229213754619e-19,0.42818618
Prom1,Nherf2,10.031761944678317,1.1052642365928354e-23,1.4632593228252549e-19,0.33107543
Prom1,Rbbp9,10.031352394586968,1.1098589243407742e-23,1.469342229934751e-19,0.55885315
Prom1,Lss,10.021521984038573,1.2260023498306964e-23,1.623104510940859e-19,0.44644737
Prom1,Pter,10.014266572454492,1.3193684603228552e-23,1.746711904621428e-19,0.7046888
Prom1,Dzip3,10.012384325842287,1.344719081516236e-23,1.7802735920193448e-19,0.47676992
Prom1,Pcsk4,10.012372535220972,1.3448793914905348e-23,1.780485826394319e-19,0.62305355
Prom1,Taf13,10.006854840647922,1.4220152794158712e-23,1.8826060284186717e-19,0.31840372
Prom1,Tmem267,10.004896216321491,1.4504369367317866e-23,1.9202334605392122e-19,0.924036
Prom1,Nipsnap1,10.004439232923447,1.4571487576739397e-23,1.9291192402845289e-19,0.3029685
Prom1,Chuk,9.994727249262967,1.6072909593692373e-23,2.1278925011089332e-19,0.32303953
Prom1,Smyd2,9.99217815616891,1.649174031554627e-23,2.1833415003751705e-19,0.37628436
Prom1,Cdc27,9.989600598007634,1.6926235761433234e-23,2.240864352456146e-19,0.25615144
Prom1,Gtpbp6,9.980723941141596,1.8511120787779705e-23,2.450687281094155e-19,0.33056927
Prom1,Asb6,9.978559048919147,1.89194274545666e-23,2.504743000710072e-19,0.2910776
Prom1,Mtg2,9.972354287591,2.0139734740173682e-23,2.6662994822515937e-19,0.25853372
Prom1,Kif4,9.96884640265478,2.0863798163131944e-23,2.762158238817038e-19,0.2966516
Prom1,Timmdc1,9.96810272467643,2.102058127860658e-23,2.782914755474725e-19,0.35693836
Prom1,Plpp2,9.967318579457473,2.118715942214844e-23,2.804968035898232e-19,0.4456303
Prom1,Mettl8,9.949473903500229,2.5351987945964606e-23,3.356349684166254e-19,0.41095686
Prom1,Ccdc77,9.94751186660255,2.585670320111714e-23,3.423168936795898e-19,0.43886852
Prom1,Ofd1,9.942015701547657,2.7324123621806613e-23,3.6174407262909775e-19,0.32122707
Prom1,Riok2,9.937747983177843,2.852017264554769e-23,3.775785656544059e-19,0.270463
Prom1,Mettl18,9.93544737073548,2.91862868294549e-23,3.863972513351534e-19,0.4191954
Prom1,S1pr3,9.927952374912962,3.146504017859863e-23,4.1656566692446727e-19,0.49274135
Prom1,Cul2,9.923714310927007,3.2830636727295624e-23,4.346447996326668e-19,0.28428054
Prom1,Hmgcs1,9.92355501148784,3.2883095047584714e-23,4.35339295334974e-19,0.29891968
Prom1,Slc11a2,9.902321129099604,4.067238519199494e-23,5.38461707556821e-19,0.39351463
Prom1,Mipep,9.884786552808764,4.8461345147431246e-23,6.415797484068422e-19,0.27275515
Prom1,Ccnk,9.881123073144003,5.026635340453183e-23,6.654762527225969e-19,0.26369643
Prom1,Sh2b2,9.869988304594608,5.61711596238033e-23,7.436499822595319e-19,0.3929863
Prom1,Actr6,9.866902823900611,5.79255691857585e-23,7.668766104502568e-19,0.27902675
Prom1,Hsd17b4,9.85342452444321,6.62474720321892e-23,8.770502822341529e-19,0.25052524
Prom1,Dhx29,9.850812518430313,6.799206581939753e-23,9.001469593830039e-19,0.27832794
Prom1,Xpo4,9.85074615629092,6.803697739388209e-23,9.007415437176049e-19,0.2744279
Prom1,Sinhcaf,9.850626664086741,6.811791960148882e-23,9.018131376041105e-19,0.2860682
Prom1,Itfg2,9.842855431840643,7.359192808468411e-23,9.74283535913133e-19,0.3908074
Prom1,Acrbp,9.837383521081504,7.770539977644367e-23,1.0287417876403379e-18,0.44174337
Prom1,Thap2,9.823692618794615,8.902159157390471e-23,1.1785568508469246e-18,0.26136088
Prom1,Mtmr2,9.820210871088115,9.21505812489558e-23,1.2199815451549258e-18,0.33699274
Prom1,Zfp1006,9.819481611407411,9.281961699952948e-23,1.2288389094567707e-18,0.28358483
Prom1,Cep43,9.809901213521549,1.0206843261626733e-22,1.3512839794067631e-18,0.29163146
Prom1,Ppp2r1b,9.807361901305697,1.0466915157326195e-22,1.385714897678415e-18,0.25873494
Prom1,Kdm8,9.804277018385616,1.079170215712906e-22,1.4287134485823161e-18,0.6891575
Prom1,Palld,9.803615738415624,1.086261185810997e-22,1.4381011838951787e-18,0.97539425
Prom1,Slc25a10,9.786374915634967,1.2883221671553738e-22,1.7056097170969994e-18,0.30269766
Prom1,Aebp2,9.765432681318101,1.5843426249317548e-22,2.09751120114715e-18,0.25405097
Prom1,Zbtb25,9.753997653390671,1.7734387244549905e-22,2.347855527305962e-18,0.3588407
Prom1,Dhx33,9.750103861843783,1.842796379558196e-22,2.4396781268970956e-18,0.4590373
Prom1,Tsen54,9.724895586740901,2.3614754534592275e-22,3.1263573528346714e-18,0.47331762
Prom1,Kcnn4,9.71973387753289,2.48429920404433e-22,3.288963716234288e-18,0.32455516
Prom1,Cyp39a1,9.716950290248212,2.5531378236026956e-22,3.3800991646676088e-18,0.47331524
Prom1,Bap1,9.70893816714254,2.761993471409326e-22,3.656603156798806e-18,0.26961756
Prom1,Nek4,9.705086533202396,2.868328142340124e-22,3.79737962764409e-18,0.43654084
Prom1,Rpusd4,9.704906649680842,2.8733921371446454e-22,3.8040838503657964e-18,0.28322983
Prom1,Mtr,9.696648003196424,3.115665239968308e-22,4.124829211194043e-18,0.38684106
Prom1,Ints8,9.6791109157296,3.6991883165819643e-22,4.897355412322863e-18,0.33414936
Prom1,Hars2,9.677345598234487,3.7636049696013506e-22,4.982636619255228e-18,0.37837553
Prom1,Dmac2,9.673668162662644,3.9013813359021307e-22,5.165038750600831e-18,0.2614982
Prom1,Spryd7,9.670140527507463,4.0382319013009673e-22,5.3462152141323504e-18,0.41860366
Prom1,Mmachc,9.659696901470177,4.471850605360656e-22,5.920283016436972e-18,0.7402291
Prom1,Xpo5,9.65561478515247,4.653595154100232e-22,6.1608946245132965e-18,0.28161168
Prom1,Suv39h2,9.654542946981218,4.702515150844528e-22,6.225659808203071e-18,0.55175805
Prom1,Tmem115,9.652917312093422,4.777683975377511e-22,6.325175815002287e-18,0.25059795
Prom1,Pepd,9.652728474013049,4.786492505456467e-22,6.3368374279738164e-18,0.27622485
Prom1,Cluap1,9.652668985391049,4.789270735672367e-22,6.340515526956646e-18,0.2652843
Prom1,Tmem237,9.64101637244619,5.36540751282838e-22,7.103263006233492e-18,0.3021319
Prom1,Vcpkmt,9.630101438228962,5.967054465405184e-22,7.899783406749923e-18,0.26319385
Prom1,Ncoa5,9.627317206655944,6.130922367258561e-22,8.116728122013609e-18,0.25724626
Prom1,Hfe,9.625356050308634,6.249012859408618e-22,8.27306812457107e-18,0.891912
Prom1,Zfp958,9.624274854041044,6.315076398720336e-22,8.360529644265853e-18,0.25929093
Prom1,Spart,9.621504907293152,6.487496378675174e-22,8.588796455728062e-18,0.33882666
Prom1,Sgo2a,9.620878798829745,6.527110442151278e-22,8.641241514364076e-18,0.2902906
Prom1,Fam118a,9.61548651633889,6.878340520517184e-22,9.1062350151127e-18,0.30980158
Prom1,Akap1,9.615470659187412,6.879400481157089e-22,9.107638297003871e-18,0.27689147
Prom1,Dph2,9.61115363432767,7.174063660415479e-22,9.497742880024053e-18,0.42758536
Prom1,Polr3b,9.582586140647708,9.464482777812566e-22,1.2530028749546055e-17,0.27799964
Prom1,Nup160,9.579803871265971,9.722939439709087e-22,1.287219952423086e-17,0.2927227
Prom1,Ska2,9.566150330110547,1.109605596800497e-21,1.469006849604178e-17,0.28059363
Prom1,Slc39a9,9.557840309916315,1.20239575485562e-21,1.5918517398533552e-17,0.3222618
Prom1,Mios,9.555371445363068,1.2314138306940108e-21,1.630268770455801e-17,0.37220407
Prom1,Rai14,9.55298196477778,1.2601583419589299e-21,1.668323628919427e-17,0.3344741
Prom1,Foxk2,9.540907223604908,1.415882057318591e-21,1.8744862556840824e-17,0.25907183
Prom1,Sacm1l,9.510643714079139,1.8948632259609092e-21,2.5086094248496477e-17,0.2611518
Prom1,Ice1,9.501142345148729,2.0760025447508154e-21,2.7484197689956046e-17,0.30760264
Prom1,Erbb3,9.49988968822137,2.101127610466559e-21,2.7816828434966776e-17,0.43683934
Prom1,Phf7,9.498170332384468,2.136103911897373e-21,2.827987968960932e-17,0.34924483
Prom1,Ercc6l2,9.495046163867944,2.2011382841635954e-21,2.914086974404184e-17,0.31783652
Prom1,Gatc,9.493285338698055,2.23865167676199e-21,2.9637509548651986e-17,0.33658814
Prom1,Cstf2,9.490794651039815,2.29279668789098e-21,3.035433535098868e-17,0.28095388
Prom1,Tasp1,9.487652143281403,2.3629633310516102e-21,3.1283271539792265e-17,0.39406037
Prom1,Mfsd2a,9.480837044973336,2.522513827486096e-21,3.3395560562088425e-17,0.61406946
Prom1,Ogfod1,9.469897437518355,2.8011859786848224e-21,3.708490117180836e-17,0.51106024
Prom1,2010110K18Rik,9.464290149426734,2.9556168332297293e-21,3.9129411255128387e-17,0.94705915
Prom1,Scaf4,9.459952238600474,3.080838953706208e-21,4.0787226908116485e-17,0.28284693
Prom1,Nopchap1,9.448425503553128,3.4396551807523314e-21,4.553759493798012e-17,0.26690364
Prom1,Slc43a2,9.447852074274259,3.4585466953337646e-21,4.578769969952371e-17,0.30863404
Prom1,Lancl2,9.439563853979504,3.743342714457997e-21,4.955811419670942e-17,0.3885336
Prom1,Rdh11,9.437682442803869,3.811153905705183e-21,5.045586655763092e-17,0.2543254
Prom1,Ipo8,9.429724219128937,4.111685938694029e-21,5.443461014237025e-17,0.3165207
Prom1,Prpf3,9.420600349019598,4.485161384952016e-21,5.937905157537975e-17,0.28860974
Prom1,Pelp1,9.417111892665107,4.636659638415589e-21,6.138473695298399e-17,0.28225875
Prom1,Mrrf,9.395183241789681,5.711831312161656e-21,7.561893474170816e-17,0.33069968
Prom1,Cep85,9.395163621257266,5.712895992932502e-21,7.56330300504334e-17,0.26856208
Prom1,Hspa2,9.389952139577243,6.002752714986145e-21,7.947044319370157e-17,0.26704597
Prom1,St7l,9.379222194682928,6.6461185583753305e-21,8.798796359433101e-17,0.28245258
Prom1,Bud13,9.375386570009605,6.892273814553121e-21,9.124681303086876e-17,0.34163785
Prom1,Pex14,9.373786078805011,6.997633606371753e-21,9.264167131475564e-17,0.28146958
Prom1,Zfp68,9.366819175227782,7.475129881339213e-21,9.896324449904984e-17,0.25553632
Prom1,Nubpl,9.366104653828977,7.52588694097317e-21,9.963521721154379e-17,0.376477
Prom1,Afg2a,9.362888433717918,7.758608333416837e-21,1.027162157261055e-16,0.3565781
Prom1,Katnb1,9.36131310685971,7.875179495884915e-21,1.0425950134602039e-16,0.27723145
Prom1,Dhx37,9.356205650368885,8.265162315741864e-21,1.0942248389810653e-16,0.608418
Prom1,Aptx,9.355242559078118,8.340811382902769e-21,1.1042400189824976e-16,0.26010466
Prom1,Mccc1,9.355085535494794,8.353210053297543e-21,1.1058814789560618e-16,0.44071698
Prom1,Brf2,9.351994223279513,8.601047126138793e-21,1.1386926290295148e-16,0.33385515
Prom1,Spata24,9.334385264226004,1.015789858890051e-20,1.3448041941845385e-16,0.29009008
Prom1,Timm29,9.334106765349429,1.0184636442330113e-20,1.3483440186000837e-16,0.26124406
Prom1,Sgo1,9.328518061394835,1.07361460972029e-20,1.421358381808692e-16,0.30059028
Prom1,E330020D12Rik,9.317214008568536,1.1943514935285634e-20,1.5812019422824651e-16,0.5919664
Prom1,Rhbdd3,9.300208359318189,1.4017072614494516e-20,1.855720243432929e-16,0.2982056
Prom1,Amacr,9.2951583234121,1.469872783704528e-20,1.9459645783464246e-16,0.38923883
Prom1,Frmd6,9.288601704819587,1.563284920058363e-20,2.0696329056652668e-16,0.42144275
Prom1,Anapc10,9.28537063404811,1.6114534125271578e-20,2.1334031728447043e-16,0.25026572
Prom1,Trmt10a,9.282551693428857,1.6546746687634905e-20,2.1906237939759852e-16,0.65450287
Prom1,Alg14,9.252428488558232,2.1944900796869605e-20,2.905285416497567e-16,0.3239479
Prom1,Tbl2,9.248737776476167,2.271592430971356e-20,3.0073612193629784e-16,0.3630569
Prom1,Adck1,9.238723516220967,2.494553085105353e-20,3.302538829370977e-16,0.30458713
Prom1,Zfp984,9.231082357647603,2.6791082939109086e-20,3.546871470308652e-16,0.2554431
Prom1,Tbc1d7,9.220802398776001,2.948851588261036e-20,3.903984617698786e-16,0.25996208
Prom1,Car12,9.220506487114354,2.9570012981168236e-20,3.9147740185768626e-16,0.6011605
Prom1,Mir17hg,9.209081898626206,3.2892616053907495e-20,4.354653439376813e-16,0.8124852
Prom1,Fdxacb1,9.208733751270893,3.299946059652012e-20,4.368798588373299e-16,0.33320427
Prom1,Zfp605,9.205908367295493,3.387934205878232e-20,4.485286095162192e-16,0.44508123
Prom1,Steap3,9.204821439042671,3.4223976347901064e-20,4.530912228698622e-16,0.6155181
Prom1,Tyw5,9.204109461187231,3.445160072178824e-20,4.561047419557545e-16,0.37924266
Prom1,Sanbr,9.190045834248256,3.9267401039354355e-20,5.198611223600123e-16,0.27052546
Prom1,Rars2,9.180552985614726,4.288832578562378e-20,5.677985450758732e-16,0.29347372
Prom1,Mettl4,9.174895805192042,4.5201138423759783e-20,5.984178715921558e-16,0.40314102
Prom1,Zbed4,9.171689069809036,4.656644947705572e-20,6.164932246267407e-16,0.25446892
Prom1,Dyrk2,9.170141564195225,4.72398258164731e-20,6.254080539842873e-16,0.3247223
Prom1,Tada2a,9.165233796653723,4.9439686701113524e-20,6.54532012236042e-16,0.33343244
Prom1,Mtfmt,9.164506547202572,4.977417070543285e-20,6.589602459692255e-16,0.30888295
Prom1,Pigf,9.160705528806815,5.155911031699933e-20,6.825910614867541e-16,0.3883059
Prom1,Hdhd3,9.158859934249534,5.24484675578551e-20,6.943652619984437e-16,0.3395326
Prom1,Hspbap1,9.156564200231728,5.357592606462489e-20,7.092916851695689e-16,0.3161602
Prom1,Kif14,9.152220906200842,5.577489140178042e-20,7.38403787268171e-16,0.43490696
Prom1,Ago1,9.150706997252602,5.656214646064967e-20,7.48826256992541e-16,0.40582252
Prom1,Bag2,9.143152937724114,6.065752050509254e-20,8.030449139669201e-16,0.45027328
Prom1,Vac14,9.142815041056936,6.084740248663219e-20,8.055587615205235e-16,0.2730875
Prom1,Fastkd1,9.135234672154239,6.526507109230192e-20,8.640442761909851e-16,0.4755149
Prom1,Fam151b,9.134784439571218,6.55372080675941e-20,8.676470976068783e-16,0.6629958
Prom1,Cipc,9.132892489407237,6.669308371957829e-20,8.82949735363497e-16,0.31899786
Prom1,Polrmt,9.130519127305067,6.817160393184131e-20,9.02523864453647e-16,0.39102364
Prom1,Prcc,9.129778215688054,6.863976676342295e-20,9.087218721809564e-16,0.26272535
Prom1,Fastkd5,9.12903638432835,6.9111694240731e-20,9.149697200530377e-16,0.48402143
Prom1,Exog,9.120587000032307,7.471851795736908e-20,9.891984592376092e-16,0.6536436
Prom1,Elp6,9.095308714827794,9.431813375194803e-20,1.2486777727420399e-15,0.29921365
Prom1,Trp53rka,9.080595065297562,1.0798284950395327e-19,1.4295849445828373e-15,0.34364486
Prom1,Cfap418,9.075680922572891,1.129689036111224e-19,1.4955953149076496e-15,0.34474897
Prom1,Efcab2,9.075223359062624,1.1344458151194043e-19,1.5018928146365794e-15,0.6277695
Prom1,4930520O04Rik,9.052473986157844,1.3976515375767694e-19,1.8503508705978848e-15,0.3142419
Prom1,C1galt1c1,9.051967066695326,1.404156562298044e-19,1.85896287282638e-15,0.26657295
Prom1,Zfp954,9.047202551504348,1.4667778392532144e-19,1.9418671813873305e-15,0.38107657
Prom1,Ankrd24,9.045426746248815,1.4908170350779008e-19,1.973692672739633e-15,0.36339235
Prom1,Snhg5,9.042083855913848,1.537131015147999e-19,2.035007750954436e-15,0.26652098
Prom1,Aars2,9.03413539605187,1.6530397582058346e-19,2.1884593358887045e-15,0.34669042
Prom1,Ska3,9.032307566590893,1.6808922001582476e-19,2.225333183789504e-15,0.3340404
Prom1,Gtpbp10,9.02830978153638,1.7434369406657918e-19,2.3081361657474417e-15,0.45788646
Prom1,Pdxk,9.020866785544921,1.8660689039626502e-19,2.4704886219561525e-15,0.2580018
Prom1,Ndufaf5,9.020271346971548,1.876239862073246e-19,2.4839539533987703e-15,0.47097683
Prom1,Guf1,9.013834717461709,1.9897448046981944e-19,2.6342231469399394e-15,0.2679422
Prom1,Pomgnt2,9.012478775238115,2.0145073161500362e-19,2.667006235851033e-15,0.36043048
Prom1,Plpp7,9.011489660525537,2.032762588731738e-19,2.6911743912219482e-15,0.5735054
Prom1,Dhx8,9.007407593355378,2.1098470958187885e-19,2.793226570154494e-15,0.25241733
Prom1,Nup205,9.006482509597715,2.1277136001673077e-19,2.816880035261499e-15,0.25576282
Prom1,Rpap1,8.995669646796431,2.347964278672594e-19,3.1084699085346473e-15,0.3398633
Prom1,Batf,8.98918033097869,2.490810554151464e-19,3.297584092641123e-15,0.25198388
Prom1,Mrs2,8.973029518227802,2.884687522057007e-19,3.819037810451271e-15,0.2725103
Prom1,Ikzf4,8.961762107003477,3.195306256514703e-19,4.2302659529998155e-15,0.6216731
Prom1,Mtrr,8.95867711666535,3.2859681956073545e-19,4.350293294164577e-15,0.41232204
Prom1,Zfp280c,8.958362699882617,3.29534979657746e-19,4.362713595688899e-15,0.38270807
Prom1,Etfbkmt,8.940507029470487,3.8738881247590645e-19,5.1286404883685256e-15,0.30519938
Prom1,Lsm11,8.937928979004322,3.9653179264358364e-19,5.249684402808404e-15,0.25230193
Prom1,Sars2,8.937615442286207,3.9765818035536436e-19,5.264596649724669e-15,0.3301561
Prom1,Lactb2,8.937439035121173,3.9829331601487056e-19,5.2730052107208715e-15,0.29298568
Prom1,Fbxo21,8.927288515801852,4.365777003452238e-19,5.779852174870418e-15,0.4118464
Prom1,Slc39a8,8.920016705789127,4.6621787922223645e-19,6.172258503023188e-15,0.39941525
Prom1,Ankrd13b,8.911921652433032,5.015557286270317e-19,6.640096291293272e-15,0.40496182
Prom1,Fam149b,8.878392850898779,6.7833296311224205e-19,8.980450098642972e-15,0.3593719
Prom1,Ccdc149,8.87269656340546,7.139567359527632e-19,9.452073227278633e-15,0.46585512
Prom1,Efcab11,8.866004924467253,7.58171233714284e-19,1.0037428963143407e-14,0.42564487
Prom1,Map3k4,8.86573296454137,7.6002426704575575e-19,1.006196127141876e-14,0.25991368
Prom1,Zfp1001,8.847586053804653,8.943266929403e-19,1.1839991087836631e-14,0.644156
Prom1,Utp25,8.844050826082539,9.230959204842985e-19,1.2220866891291628e-14,0.41763306
Prom1,Endod1,8.793021268809053,1.4559089836147636e-18,1.9274779034075857e-14,0.49129057
Prom1,Poc5,8.77291791406154,1.7409495212509285e-18,2.304843071184104e-14,0.38922906
Prom1,B3gnt5,8.766213584974077,1.8477533961359172e-18,2.4462407211443408e-14,0.37060785
Prom1,Ddx51,8.758124475326508,1.985258704077219e-18,2.6282839983278303e-14,0.30811572
Prom1,Xpnpep3,8.749590495362636,2.1412835419701572e-18,2.8348452812142912e-14,0.29612136
Prom1,B4gat1,8.747744989285321,2.1765845297116278e-18,2.881580258885224e-14,0.29852152
Prom1,Oxnad1,8.742944158177286,2.2711295381424047e-18,3.00674839554673e-14,0.34065223
Prom1,Rad1,8.741483779685504,2.3006856374116628e-18,3.0458777153693e-14,0.26486874
Prom1,Dcaf4,8.720768160712902,2.7632069990873624e-18,3.658209746091759e-14,0.36619925
Prom1,Taco1,8.716865014947075,2.8601079593334733e-18,3.7864969273615853e-14,0.48991632
Prom1,Mettl14,8.715724308592568,2.8890558039830093e-18,3.824820978893106e-14,0.40207362
Prom1,Qser1,8.698488366734015,3.3633428195347145e-18,4.4527295587820084e-14,0.25647736
Prom1,Thap1,8.690943943927731,3.5944037188771115e-18,4.758631083421408e-14,0.29048824
Prom1,Fahd1,8.687585130818745,3.702249678862121e-18,4.9014083498455616e-14,0.3685367
Prom1,Pcsk9,8.682939408949089,3.8566986374879514e-18,5.105883326170299e-14,0.6052971
Prom1,Efl1,8.679258693435168,3.983566880965314e-18,5.2738441937099785e-14,0.267205
Prom1,Ccdc163,8.671627976128185,4.259854884772131e-18,5.639621881949824e-14,0.27952862
Prom1,Dph6,8.665194393869031,4.507432331022638e-18,5.96738966304087e-14,0.30078006
Prom1,Scoc,8.655023023072705,4.928121753700212e-18,6.524340389723711e-14,0.2810521
Prom1,As3mt,8.648645647110527,5.2114209340152886e-18,6.89940017454284e-14,0.35808635
Prom1,Ddx28,8.648223637167275,5.230724765257274e-18,6.924956516724105e-14,0.34361935
Prom1,2700038G22Rik,8.642424676506305,5.503243526355249e-18,7.285744104541715e-14,0.39280272
Prom1,Ddx31,8.62720411170008,6.286991822768768e-18,8.323348474163572e-14,0.48341918
Prom1,Ercc8,8.62190235735549,6.585084606160157e-18,8.717993510095432e-14,0.32619333
Prom1,Gm7125,8.617878343653754,6.82060906988779e-18,9.029804347624445e-14,0.30908847
Prom1,Tmem68,8.617592219694565,6.8376689538506255e-18,9.052389928002843e-14,0.44395065
Prom1,Entpd6,8.606044368037017,7.56250034304431e-18,1.0011994204156362e-13,0.35048103
Prom1,Cxcl9,8.601592398180166,7.861757094533757e-18,1.0408180217453241e-13,1.0172586
Prom1,Traip,8.59933042848321,8.018252021984252e-18,1.0615363851904951e-13,0.2866404
Prom1,Rdh13,8.598862659195559,8.050996365216407e-18,1.065871408791e-13,0.6174903
Prom1,Irgm1,8.59513658012433,8.31658211429178e-18,1.1010323061110888e-13,0.34287524
Prom1,Cd48,8.588837183931968,8.78539101332013e-18,1.163097916253452e-13,0.34989494
Prom1,Tmem218,8.580915102446696,9.41213316231576e-18,1.2460723093589834e-13,0.3788097
Prom1,Mfsd3,8.579658034536886,9.515560390651981e-18,1.2597650401184158e-13,0.3357978
Prom1,Zfp825,8.579260597945474,9.548492885099395e-18,1.264124973058309e-13,0.28879452
Prom1,Map2k3os,8.574403380182016,9.960176019983621e-18,1.3186277032856317e-13,0.7441721
Prom1,P3h1,8.571044922952359,1.025502297082266e-17,1.3576624911072118e-13,0.46314144
Prom1,3110009E18Rik,8.567653993841702,1.0561457434747468e-17,1.3982313497862172e-13,0.3611319
Prom1,Mars2,8.567140503249236,1.0608642137190457e-17,1.4044781325426447e-13,0.40161872
Prom1,Jmy,8.563500464493718,1.0949142811145727e-17,1.4495570167675827e-13,0.42992187
Prom1,Brms1l,8.554449357250503,1.1843270223816477e-17,1.5679305449310635e-13,0.38358688
Prom1,Dele1,8.550949663657425,1.2207985907837862e-17,1.6162152543386546e-13,0.26819515
Prom1,Erlin2,8.550051555697555,1.2303354319730746e-17,1.6288410783891536e-13,0.34780455
Prom1,Cog6,8.524166658352838,1.5391388490042406e-17,2.0376659221967141e-13,0.32467246
Prom1,Ppic,8.519996496199257,1.5955814857329735e-17,2.1123903289618836e-13,0.65497065
Prom1,Bloc1s5,8.5170600523011,1.636546494239334e-17,2.1666239037234545e-13,0.42068052
Prom1,Ncdn,8.514825052091833,1.6684199214479775e-17,2.2088211340049775e-13,0.27960277
Prom1,Pdp2,8.508930231153043,1.7554542258824543e-17,2.324045849645781e-13,0.5387387
Prom1,Alkbh8,8.504200521909693,1.8285125600343326e-17,2.420767778229453e-13,0.2995937
Prom1,Nup188,8.50003774363182,1.895290616532658e-17,2.5091752472275857e-13,0.26003528
Prom1,Fbxo36,8.497387262438032,1.9390567442680524e-17,2.5671172237364744e-13,0.39752674
Prom1,Etv4,8.4928115339401,2.0169723560170416e-17,2.6702697021309615e-13,0.8003216
Prom1,Nphp1,8.491137712031353,2.046239239224923e-17,2.7090161288098756e-13,0.3533218
Prom1,Cep104,8.461625416515304,2.636762906389994e-17,3.490810411769713e-13,0.35992384
Prom1,Fam72a,8.443455396018335,3.080919611288556e-17,4.078829473384919e-13,0.6688752
Prom1,Nkiras1,8.437404019326314,3.2446336717968124e-17,4.2955705180918e-13,0.3613801
Prom1,Fam237b,8.434920270114224,3.314286729217018e-17,4.3877842008104096e-13,0.7691331
Prom1,Ggps1,8.430174609990928,3.4514982103345226e-17,4.569438480661874e-13,0.26197004
Prom1,Ppihl,8.429012317676834,3.485948946865187e-17,4.615047810754821e-13,0.62442255
Prom1,Xkr8,8.422514463577182,3.684889487198712e-17,4.878425192102375e-13,0.40255952
Prom1,Pptc7,8.403686236051607,4.3267777070502416e-17,5.728221006363815e-13,0.33123326
Prom1,Acsf3,8.400589240416071,4.4424378683197524e-17,5.88134349386852e-13,0.32881403
Prom1,Gm17300,8.385591092991667,5.047149333823438e-17,6.681921003048849e-13,0.968719
Prom1,Kctd1,8.37520207711049,5.512919436780841e-17,7.298554042354155e-13,0.31222153
Prom1,Sec24d,8.370295359062396,5.747399202404269e-17,7.608981804063012e-13,0.26366973
Prom1,Mbip,8.366167999153902,5.952231474764945e-17,7.880159249441312e-13,0.2726953
Prom1,Afap1l1,8.34933836447557,6.864641812893651e-17,9.088099296089905e-13,0.26767468
Prom1,Pigh,8.345324356145946,7.101869702922824e-17,9.402165299699528e-13,0.35161304
Prom1,Gm46430,8.343885317785867,7.188870849065267e-17,9.517346117077507e-13,0.26135468
Prom1,Capn7,8.338354668523206,7.533134045464822e-17,9.973116162790878e-13,0.26293945
Prom1,Snapc4,8.335487892187125,7.717927481540589e-17,1.0217764192811587e-12,0.5367842
Prom1,Gopc,8.330586497634021,8.044283561684483e-17,1.0649827007314087e-12,0.25885606
Prom1,Nefh,8.319184241774506,8.857077987137395e-17,1.1725885547171197e-12,0.33946943
Prom1,Fntb,8.314137588860438,9.242187756768035e-17,1.2235732371185202e-12,0.51239634
Prom1,Ahcy,8.307714357972689,9.75630339763941e-17,1.2916370068134815e-12,0.3585217
Prom1,Zc3h8,8.301821662938593,1.0252702957187327e-16,1.3573553445020303e-12,0.3726287
Prom1,Zcchc3,8.29214457595264,1.1122462165592035e-16,1.4725027661027294e-12,0.37217999
Prom1,Tapbpl,8.284599149149592,1.18507551424046e-16,1.568921473302945e-12,0.27920365
Prom1,Dolpp1,8.275842475586723,1.2755053030889357e-16,1.688641470759442e-12,0.324929
Prom1,Galnt3,8.266590300036817,1.378446613255104e-16,1.824925471288432e-12,0.5056808
Prom1,Tmem119,8.265710563606964,1.3886510020095142e-16,1.838435061560396e-12,0.46358633
Prom1,Gm16062,8.258824146876531,1.4711447905817016e-16,1.947648588251115e-12,0.60750484
Prom1,Dcun1d2,8.242940886291512,1.6802860117091472e-16,2.22453065090174e-12,0.4633007
Prom1,Ldlrad3,8.233429519333173,1.8192843615277794e-16,2.408550566226627e-12,0.6595874
Prom1,Hdac8,8.230251060651879,1.8682146864777842e-16,2.4733294234279384e-12,0.26406884
Prom1,Pex12,8.225323067967958,1.946654323738593e-16,2.577175659197523e-12,0.29687977
Prom1,Faap100,8.22089175872085,2.0199551556077131e-16,2.6742186305090515e-12,0.2854228
Prom1,Kctd3,8.216061732726189,2.1029523377604183e-16,2.7840985999610177e-12,0.32630754
Prom1,Trit1,8.189172469463513,2.6302839240825774e-16,3.4822328870929244e-12,0.36331558
Prom1,Akap17b,8.187282097192677,2.671913910129787e-16,3.537346825620825e-12,0.508734
Prom1,Pyroxd1,8.18405407604255,2.744508259249776e-16,3.6334544844207788e-12,0.26672578
Prom1,Sbsn,8.18031937390003,2.8309254591077375e-16,3.747862215312734e-12,0.4178462
Prom1,Fam83a,8.173804233829236,2.9881453587007595e-16,3.9560056403839354e-12,0.5436826
Prom1,Tnip2,8.16563277340408,3.1975462332728496e-16,4.233231458229926e-12,0.34797478
Prom1,Elovl6,8.15337853909944,3.5389567688948707e-16,4.685224866339919e-12,0.4114778
Prom1,Zfp213,8.148359722759952,3.68893634621179e-16,4.883782828749789e-12,0.30550504
Prom1,Tm7sf2,8.122938165654642,4.550311793171697e-16,6.024157782980009e-12,0.32625747
Prom1,Extl2,8.115978766474585,4.818849518895278e-16,6.379674878065459e-12,0.25024462
Prom1,Abitram,8.114568267086046,4.875149106129789e-16,6.454209901605227e-12,0.27396917
Prom1,Ippk,8.114254142491776,4.887775258235808e-16,6.470925664378386e-12,0.28152418
Prom1,Tmem177,8.103727050602663,5.330061372971522e-16,7.0564682516769975e-12,0.2938416
Prom1,Pdss2,8.09632817389668,5.66428891943754e-16,7.498952100443358e-12,0.2507825
Prom1,Atg2b,8.0884044315455,6.045139169949931e-16,8.003159747096714e-12,0.26877093
Prom1,Usp2,8.084715202086938,6.230963066767448e-16,8.249172004093425e-12,0.45254278
Prom1,Xlr4c,8.075444540752198,6.723125935226091e-16,8.900746425645821e-12,0.3401289
Prom1,Plekha7,8.057944270526683,7.758817436011107e-16,1.0271898403535104e-11,0.32221937
Prom1,Amer1,8.036181032232719,9.26817829208811e-16,1.2270141240895448e-11,0.37655354
Prom1,Tifab,8.024565020129073,1.0188631412332886e-15,1.3488729126787507e-11,0.25861502
Prom1,Mxra7,8.02447435647491,1.019615853847814e-15,1.349869428909121e-11,0.31253242
Prom1,Pi4kb,8.012562194977239,1.123429916057415e-15,1.4873088658684117e-11,0.2886932
Prom1,Qprt,7.994250075913928,1.3036491515846866e-15,1.7259011117829666e-11,0.58185816
Prom1,Tmem41a,7.98366322194123,1.4205326014887243e-15,1.8806431111109222e-11,0.47135305
Prom1,Zfp770,7.981570932907487,1.4448250970658671e-15,1.9128039460055014e-11,0.4079373
Prom1,Edrf1,7.979306535644571,1.4715770065608022e-15,1.948220798985846e-11,0.27431464
Prom1,Zfp932,7.976273601528651,1.5081742297918228e-15,1.996671862821394e-11,0.29861236
Prom1,Tstd2,7.964536457692964,1.6584428140052802e-15,2.1956124414615903e-11,0.33867455
Prom1,Zfp61,7.954100035323117,1.8043829272920908e-15,2.388822557441999e-11,0.34468508
Prom1,2310057M21Rik,7.953249641126013,1.816817241511494e-15,2.405284346037067e-11,0.2505808
Prom1,Pus3,7.9480416145996955,1.8948300792180965e-15,2.508565541876838e-11,0.26937962
Prom1,H2-Q4,7.946394849008421,1.920177231055179e-15,2.5421226361939512e-11,0.6089692
Prom1,Mtrf1,7.938178736123483,2.0517154057711957e-15,2.7162660257004862e-11,0.2966416
Prom1,Gtpbp3,7.926560719353294,2.252985063152835e-15,2.982726925108038e-11,0.38904667
Prom1,Snrnp35,7.910187136909349,2.5700227165659597e-15,3.402453074461674e-11,0.32104588
Prom1,Srd5a1,7.90970026575487,2.5800933661395812e-15,3.415785607432192e-11,0.5597453
Prom1,Zfp317,7.90918592223044,2.5907744764627584e-15,3.429926329389046e-11,0.35862494
Prom1,Fkbp6,7.904940956931104,2.6806062519563856e-15,3.548854616965059e-11,0.49294853
Prom1,Sco1,7.888952403954919,3.047337075479652e-15,4.034369554227511e-11,0.35918617
Prom1,Tigar,7.878378412592025,3.3165700608972584e-15,4.3908071036218806e-11,0.3388698
Prom1,Tmem98,7.872339817303878,3.480691818318841e-15,4.608087898272314e-11,0.39684677
Prom1,Prps1l3,7.870547025878508,3.5309390923353473e-15,4.674610264342766e-11,0.31431866
Prom1,Lclat1,7.868012700978671,3.603190069545731e-15,4.7702633330715936e-11,0.361331
Prom1,1700048O20Rik,7.856209547275615,3.959324799327404e-15,5.2417501018295507e-11,0.7432251
Prom1,Ercc2,7.85108442207866,4.124551905071423e-15,5.460494267124056e-11,0.37236857
Prom1,Coil,7.848905581948403,4.196834180990688e-15,5.5561887722135716e-11,0.3060887
Prom1,Klhl42,7.833530879704271,4.743562753088767e-15,6.280002728814219e-11,0.39380145
Prom1,Arhgap39,7.83231246632785,4.789773265286029e-15,6.341180825912173e-11,0.29232812
Prom1,Ctdp1,7.8166591600061395,5.424371969648573e-15,7.181326050617746e-11,0.2811432
Prom1,Cwf19l1,7.812250959766929,5.6175565740354775e-15,7.437083148365569e-11,0.37221956
Prom1,Fez2,7.809953273840863,5.7209191127236835e-15,7.573924813334885e-11,0.3334806
Prom1,Nsmf,7.8029922684111375,6.045625522001242e-15,8.003803628577444e-11,0.27999473
Prom1,Trdmt1,7.786714434460177,6.877415210303575e-15,9.105009996920902e-11,0.36634016
Prom1,Acsl3,7.781412988584225,7.171895032101565e-15,9.494871832999263e-11,0.2513442
Prom1,Gfm2,7.780332273360676,7.233430982054305e-15,9.576339277141694e-11,0.30870652
Prom1,Mccc2,7.774397378269326,7.580741720983773e-15,1.0036143964410417e-10,0.35994506
Prom1,Spry1,7.766960634965329,8.039181432965395e-15,1.0643072299102886e-10,0.5652695
Prom1,Tut1,7.760157522910044,8.482396317701401e-15,1.1229844485004884e-10,0.26300287
Prom1,2610028E06Rik,7.759834641762511,8.504019039843281e-15,1.125847080684852e-10,0.36672258
Prom1,Eif2ak4,7.7570820337229,8.690571909216877e-15,1.1505448150612223e-10,0.26267838
Prom1,Lins1,7.756290385056919,8.744966163182052e-15,1.1577460703436718e-10,0.36144447
Prom1,Habp4,7.746378146344712,9.455066077921284e-15,1.2517561980559987e-10,0.37656975
Prom1,Tfb1m,7.7396040063108895,9.972693015008344e-15,1.3202848282569546e-10,0.4085698
Prom1,H2-Q6,7.719573079984578,1.16719983860649e-14,1.5452558663311322e-10,0.5936446
Prom1,Limk1,7.7085346062238775,1.2727061110440185e-14,1.684935620411176e-10,0.26179028
Prom1,Alg11,7.704749867196958,1.3109982433780203e-14,1.735630574408161e-10,0.43072748
Prom1,Nudt6,7.6955009929373785,1.4094083717173115e-14,1.8659157433165488e-10,0.33189273
Prom1,4930503L19Rik,7.6946577602852075,1.4187339967410867e-14,1.8782619382855247e-10,0.34019613
Prom1,Slc25a13,7.6811485477351935,1.5766852000990343e-14,2.0873735364111115e-10,0.3702259
Prom1,Slc25a38,7.677811220491665,1.6182973199901088e-14,2.142463821934905e-10,0.28377485
Prom1,Dusp19,7.668331881253283,1.742475532576449e-14,2.3068633575779607e-10,0.30997705
Prom1,Greb1,7.666460200293412,1.7680799347747206e-14,2.3407610256482526e-10,0.4657929
Prom1,Coprs,7.645450180254003,2.0821555888543632e-14,2.7565657840842915e-10,0.3475802
Prom1,Rbks,7.611712515701038,2.7048768747712428e-14,3.5809864945096483e-10,0.37809062
Prom1,Arf2,7.591926086142242,3.151848046455343e-14,4.172731628702229e-10,0.32376647
Prom1,Nemp1,7.58836180168337,3.239752519505517e-14,4.289108360573354e-10,0.26191092
Prom1,Med26,7.587737507336581,3.255395445101308e-14,4.309818029769621e-10,0.27036214
Prom1,Fam78a,7.575134012599147,3.587571054499458e-14,4.749585319051832e-10,0.3231287
Prom1,Ppargc1b,7.561183601422681,3.994179782830665e-14,5.287894614489517e-10,0.44274426
Prom1,Bcl9l,7.55376192326464,4.228628448725655e-14,5.598281203267895e-10,0.2568469
Prom1,Dag1,7.548934697988294,4.388328202565723e-14,5.809707707376761e-10,0.2797041
Prom1,Kifap3,7.546232766997361,4.4802900301084154e-14,5.931455970860531e-10,0.362154
Prom1,Ctu1,7.54495221490575,4.524533688937281e-14,5.990030150784067e-10,0.25702882
Prom1,Bhlha15,7.538920450537197,4.73877915636133e-14,6.273669725106765e-10,0.79109716
Prom1,Nxpe2,7.526576744742288,5.208786994730916e-14,6.89591310232426e-10,0.550302
Prom1,Pih1d2,7.523043162013142,5.351574673601262e-14,7.08494971038071e-10,0.6882305
Prom1,Zfp518b,7.504107345148853,6.184860693287812e-14,8.188137071843735e-10,0.7787008
Prom1,Tagap1,7.503007176408053,6.237013631645897e-14,8.257182346936002e-10,0.262465
Prom1,Lipt2,7.501315676047363,6.31804281917844e-14,8.364456888310337e-10,0.43252087
Prom1,Gas2,7.499913285570991,6.38600653326088e-14,8.454434049384079e-10,0.559248
Prom1,Ptcd1,7.497131091259913,6.522973556884373e-14,8.635764691959222e-10,0.26562524
Prom1,Adat1,7.495074841990158,6.626054384004135e-14,8.772233398983074e-10,0.44122982
Prom1,Aldh7a1,7.4948352557093285,6.638168638491843e-14,8.788271460499351e-10,0.39274144
Prom1,Cd276,7.4937800245722235,6.691784172324917e-14,8.859253065740958e-10,0.38413954
Prom1,Zfp324,7.4906451750965655,6.853587061803983e-14,9.073463911122293e-10,0.29694247
Prom1,Zfp318,7.473239422458848,7.824429656494299e-14,1.0358762422232803e-09,0.26666427
Prom1,Mterf2,7.4711996542951065,7.946697392378474e-14,1.0520632677769863e-09,0.39779186
Prom1,St8sia5,7.459095092080756,8.711871817726692e-14,1.1533647099488367e-09,0.9051757
Prom1,Gatb,7.452426268590583,9.163907399222562e-14,1.213209700583075e-09,0.2998011
Prom1,Ice2,7.443039311321129,9.839479079326307e-14,1.3026486353120097e-09,0.3327651
Prom1,Zfp566,7.440068277811031,1.0063327333451378e-13,1.332283905675628e-09,0.48674726
Prom1,Ormdl3,7.43640151385029,1.0346503930198608e-13,1.3697736553189937e-09,0.3474722
Prom1,Atxn7l2,7.436044998833597,1.0374451022451278e-13,1.3734735708623248e-09,0.46728134
Prom1,Mkks,7.428314108021967,1.0999051775658584e-13,1.4561644645794399e-09,0.3176024
Prom1,Armcx1,7.425352183608684,1.12480220862905e-13,1.4891256440039992e-09,0.27605224
Prom1,Zfp472,7.408320265205068,1.2790911237304653e-13,1.693388738706763e-09,0.2925887
Prom1,Plekhh2,7.4079501433513135,1.2826650277754407e-13,1.698120230271906e-09,0.5719037
Prom1,Slc25a22,7.4056173970021115,1.305416967934452e-13,1.728241523848421e-09,0.29451346
Prom1,Rab3a,7.405495224463847,1.3066194186879879e-13,1.729833448401027e-09,0.37820935
Prom1,Ccdc66,7.4001540283674165,1.360266238990045e-13,1.8008564737989206e-09,0.28973842
Prom1,Ccdc116,7.376602516220409,1.623798631797949e-13,2.1497470086373048e-09,0.60190105
Prom1,Paip2b,7.360269810774643,1.8353887401714033e-13,2.429871153112921e-09,0.30103397
Prom1,Usp50,7.3565597232098945,1.887104722736763e-13,2.4983379424312007e-09,0.43728828
Prom1,Lrrc40,7.353822073070895,1.9261809702855437e-13,2.550070986561031e-09,0.31546497
Prom1,Pigl,7.350269251363123,1.978079848932028e-13,2.6187799120011118e-09,0.4974022
Prom1,Plekhg4,7.317398613909685,2.528240147023776e-13,3.347137130644777e-09,1.4093027
Prom1,Cep68,7.317328002490557,2.5295703726499076e-13,3.3488982163512127e-09,0.2913785
Prom1,Ccnb1ip1,7.308834514267626,2.694693864852379e-13,3.567505207678065e-09,0.84320927
Prom1,Cyp2c23,7.303642211102744,2.800805484886965e-13,3.7079863814418533e-09,0.28240752
Prom1,Gtf2h3,7.302830944722238,2.8177513730062454e-13,3.730421042722968e-09,0.45281076
Prom1,Sergef,7.302667764712975,2.821172053510756e-13,3.73494968164289e-09,0.28029704
Prom1,Qtrt2,7.2865622106296,3.179640039712793e-13,4.2095254485757665e-09,0.5273299
Prom1,Il12rb1,7.28482236571378,3.2209441222807883e-13,4.264207923487536e-09,0.33129835
Prom1,Ptrh1,7.28172569448449,3.295766955127675e-13,4.363265871893529e-09,0.37201118
Prom1,Dtwd2,7.276213333165049,3.4332052651831657e-13,4.545220450575993e-09,0.3562305
Prom1,Foxo4,7.265762543910796,3.7093970735084306e-13,4.910870785617811e-09,0.36901236
Prom1,Sema6b,7.259568972521303,3.883257440239256e-13,5.141044525132751e-09,0.39445734
Prom1,Zscan12,7.255170839216775,4.0115518536061147e-13,5.310893498989135e-09,0.3496015
Prom1,Dtx2,7.241072965394481,4.451488191599525e-13,5.893325216858611e-09,0.26377797
Prom1,Gm42067,7.2119270524920065,5.516552700712318e-13,7.303364120473037e-09,0.36693335
Prom1,Jpx,7.205707042989197,5.774343096519065e-13,7.64465282548159e-09,0.36668825
Prom1,Mylpf,7.204137901265936,5.841222761628749e-13,7.7331948141203e-09,0.3562255
Prom1,Thtpa,7.193251933742738,6.326604708332497e-13,8.375791973361393e-09,0.2638321
Prom1,Lmf1,7.178241908343487,7.061353803889793e-13,9.348526300969697e-09,0.26124382
Prom1,Xrcc2,7.17507955861848,7.226514942348427e-13,9.567183132175082e-09,0.42281675
Prom1,Hspa12b,7.173652585460799,7.302277969004297e-13,9.667485803164789e-09,1.0154438
Prom1,Ciart,7.163511828186655,7.863607425439945e-13,1.0410629870539943e-08,0.71332216
Prom1,Btbd19,7.161693497236784,7.96864334199048e-13,1.0549686920461197e-08,0.340127
Prom1,Elp4,7.15668038592258,8.265409769290575e-13,1.0942575993563792e-08,0.26001358
Prom1,Galr3,7.132818590863488,9.833412443063034e-13,1.3018454733371151e-08,0.5670657
Prom1,A130010J15Rik,7.13075992908542,9.981628460424005e-13,1.321467791875534e-08,0.3530023
Prom1,Spg11,7.126694104042634,1.0280822228490922e-12,1.3610780548299132e-08,0.27026725
Prom1,Mon1a,7.1231425944779545,1.0549357698799468e-12,1.3966294657440617e-08,0.2566533
Prom1,Ubxn2b,7.110630523732217,1.1551399892692978e-12,1.5292898317936233e-08,0.33462286
Prom1,AI597479,7.1060689257760155,1.1939480428260528e-12,1.5806678138974112e-08,0.31653643
Prom1,Ccnjl,7.103480625977454,1.2165340932561954e-12,1.610569486061877e-08,0.60605097
Prom1,Champ1,7.09434111916465,1.2996919182241411e-12,1.7206621305369405e-08,0.2661097
Prom1,Zfp146,7.09377683081952,1.3050051705552118e-12,1.727696345298045e-08,0.39536834
Prom1,Mdc1,7.069826250031224,1.5512780755154754e-12,2.053737044174938e-08,0.32879066
Prom1,Ddias,7.069688455316207,1.5528191887201926e-12,2.055777323946663e-08,0.36635113
Prom1,Slc25a15,7.0688812661063345,1.5618771103633585e-12,2.0677691064100504e-08,0.39528036
Prom1,Pex10,7.068246416136279,1.5690375159239951e-12,2.077248767331777e-08,0.264405
Prom1,Tmem69,7.064613161980645,1.6106404378998816e-12,2.132326875735653e-08,0.37842298
Prom1,Ube3d,7.063991101344748,1.617871099520531e-12,2.1418995486552308e-08,0.58361435
Prom1,Pak6,7.061413734187055,1.6481705315779344e-12,2.1820129667560275e-08,0.55546856
Prom1,Gm17491,7.044375394709183,1.8629527304071656e-12,2.4663631197860464e-08,0.27295423
Prom1,Sgcb,7.037567567439145,1.95624683198881e-12,2.5898751808699855e-08,0.3544519
Prom1,B4galt4,7.0251075968881045,2.1390134705576558e-12,2.8318399336712806e-08,0.36224937
Prom1,Rabl2,7.016669565626233,2.2721911019682044e-12,3.008153799895706e-08,0.37659502
Prom1,Gm13205,7.009749252288236,2.3874561052547115e-12,3.1607531377467124e-08,0.55568457
Prom1,Fancf,7.009109739049974,2.398392888294528e-12,3.175232344813126e-08,0.26759768
Prom1,Rsad1,7.000694437973315,2.5469688815835105e-12,3.3719321023284094e-08,0.64906645
Prom1,Dffa,6.966441056993657,3.2505899265189255e-12,4.303456003718405e-08,0.29850888
Prom1,Togaram1,6.965647237040321,3.2689733043865786e-12,4.327793757677391e-08,0.25100088
Prom1,9930014A18Rik,6.964898605939601,3.286403576971343e-12,4.3508696955523606e-08,0.6995263
Prom1,Rpusd2,6.958477057466569,3.4397074218098352e-12,4.5538286557340406e-08,0.83757496
Prom1,Pak4,6.954600526868659,3.5356244983954013e-12,4.680813273425672e-08,0.2732768
Prom1,Msantd2,6.922691808609659,4.431411680717505e-12,5.8667459241019045e-08,0.2938714
Prom1,Frmd4a,6.919153405325256,4.543506480447165e-12,6.015148229464001e-08,0.44049978
Prom1,Pcnx4,6.9086164584577565,4.894031353553601e-12,6.479208108969612e-08,0.25951314
Prom1,Tmem186,6.904857782793305,5.0253747324379724e-12,6.653093608274631e-08,0.38322163
Prom1,Jmjd4,6.9023874233813896,5.113574361370867e-12,6.769861097018891e-08,0.53259516
Prom1,Cyb5rl,6.888492771688313,5.638659854428635e-12,7.46502178127807e-08,0.74823236
Prom1,Zfp72,6.871003618224286,6.375177671805396e-12,8.440097719703164e-08,0.8047638
Prom1,Zfp157,6.8585468050191345,6.956454046209977e-12,9.209649511777388e-08,0.31979084
Prom1,Mdfi,6.8566299744922805,7.050393512832189e-12,9.334015971638535e-08,1.0910392
Prom1,Zfp955b,6.852664575965334,7.248691645698603e-12,9.59654286974038e-08,0.31543732
Prom1,Slc10a3,6.84777730632957,7.50062026449395e-12,9.930071168163541e-08,0.2848618
Prom1,Vps8,6.84737363903859,7.521807965461777e-12,9.958121565474846e-08,0.3204074
Prom1,Klhl7,6.8456777637318975,7.611463701753694e-12,1.0076816794751716e-07,0.38857126
Prom1,Serpinb9,6.837814765059598,8.041027315487568e-12,1.0645516062973991e-07,0.54411554
Prom1,Akr1b10,6.820892012919643,9.047693594340568e-12,1.1978241549547478e-07,0.27562976
Prom1,Cmtr2,6.775515879098404,1.2396312581477511e-11,1.6411478226618078e-07,0.4889388
Prom1,Cep135,6.773450804684657,1.2574634728103376e-11,1.6647558916536058e-07,0.2642951
Prom1,Zfp39,6.762014928984131,1.3608567680375603e-11,1.801638275204926e-07,0.45734978
Prom1,Gm10762,6.7506032276126495,1.472317238742186e-11,1.94920079237078e-07,0.34409714
Prom1,Kctd14,6.749569291805524,1.4828468045407407e-11,1.9631408845314867e-07,0.7569661
Prom1,Rpusd3,6.742330183684964,1.5586636824239295e-11,2.0635148491610404e-07,0.29502535
Prom1,Bbof1,6.731487935758205,1.6793675987766765e-11,2.223314764020442e-07,0.4141779
Prom1,Scfd2,6.725251307064256,1.7528964085072375e-11,2.320659555222732e-07,0.30438852
Prom1,Adal,6.724734375910783,1.7591305147576506e-11,2.3289128884876537e-07,0.35564518
Prom1,1700113A16Rik,6.722395979389104,1.7876035025310078e-11,2.3666082770008013e-07,0.438087
Prom1,Zdhhc9,6.703344777284116,2.0370206449836093e-11,2.6968116318938005e-07,0.27975798
Prom1,Tubb2a,6.700832399501018,2.0723562157174874e-11,2.7435923939883814e-07,0.37198114
Prom1,Ubiad1,6.699675922658652,2.0888226230008664e-11,2.765392270590847e-07,0.40720272
Prom1,Gm6710,6.697762681837662,2.11634583677207e-11,2.801830253302543e-07,0.46063757
Prom1,Fut4,6.69114835219371,2.2142604356861224e-11,2.9314593908048575e-07,0.3042593
Prom1,C030034I22Rik,6.688730276748265,2.251152013001342e-11,2.980300150012477e-07,0.25967455
Prom1,E2f5,6.671715351406966,2.5283060244127486e-11,3.347224345720038e-07,0.73936796
Prom1,Mettl17,6.670909573795111,2.542228345281558e-11,3.3656561063182545e-07,0.30444765
Prom1,Calr3,6.6643127788759,2.6590663009121566e-11,3.520337875777604e-07,0.826334
Prom1,Etv5,6.662530967103565,2.6915158185801302e-11,3.5632977922182343e-07,0.42584038
Prom1,Fitm2,6.65042454905485,2.922487888346512e-11,3.869081715381947e-07,0.34460115
Prom1,Zfp952,6.61692916891439,3.6673710270939394e-11,4.855232502769667e-07,0.325953
Prom1,Zfp54,6.61570884497374,3.697755298066652e-11,4.895458239110441e-07,0.40002728
Prom1,Nmnat1,6.611605331765568,3.801744607828771e-11,5.03312968630451e-07,0.30739355
Prom1,Tspoap1,6.601628266810401,4.0666619164893886e-11,5.383853711240302e-07,0.6254339
Prom1,Map3k6,6.574627758827691,4.8775034731787115e-11,6.457326848141296e-07,0.29481363
Prom1,Zbtb32,6.546641767631997,5.884528814684214e-11,7.790527697760431e-07,1.0479045
Prom1,2810002D19Rik,6.524046302187459,6.843556767413974e-11,9.06018480437936e-07,0.39133787
Prom1,Zfp428,6.516110828239771,7.215367305705253e-11,9.552424776023186e-07,0.51560974
Prom1,Kpna2,6.514424745487602,7.296875238716266e-11,9.660333128536464e-07,0.8086667
Prom1,Gprasp1,6.51012765795159,7.508696612259671e-11,9.940763444970579e-07,0.2757969
Prom1,Thada,6.495595219090045,8.270575667215551e-11,1.0949415125826669e-06,0.27238083
Prom1,Tnfaip6,6.486156378566951,8.805377450692686e-11,1.1657439206972047e-06,0.2540896
Prom1,3010003L21Rik,6.484605214356464,8.896442356393386e-11,1.1778000035629204e-06,0.41399097
Prom1,Sdr42e1,6.480906332196764,9.117326318445233e-11,1.2070428312989644e-06,0.3172617
Prom1,Gm32856,6.41627435818469,1.3964967970113197e-10,1.848822109563286e-06,0.35997343
Prom1,Bpgm,6.411996113829232,1.4362649933372023e-10,1.9014712246791222e-06,0.3429432
Prom1,Fstl3,6.411384270005326,1.4420420621349468e-10,1.909119486060456e-06,0.30872583
Prom1,1700086O06Rik,6.409632460011726,1.4587086417006334e-10,1.9311843707474685e-06,0.36280727
Prom1,Gm15491,6.3861335986184145,1.701323807189316e-10,2.2523825883379354e-06,0.7631335
Prom1,Spa17,6.372484438789525,1.8599029642572007e-10,2.462325534380108e-06,0.6179681
Prom1,Tmem265,6.371855894116938,1.867543255618443e-10,2.4724405161132566e-06,0.37678242
Prom1,Bpnt1,6.370386719418483,1.8855216477330403e-10,2.496242109433772e-06,0.285326
Prom1,Ccsap,6.355590327430732,2.076276985696905e-10,2.7487831013641325e-06,0.38772154
Prom1,2610021A01Rik,6.324084971353248,2.5473752894341594e-10,3.3724701456818835e-06,0.57233095
Prom1,Lix1l,6.313770523811209,2.7231764843129594e-10,3.605213347581927e-06,0.3347659
Prom1,1700066M21Rik,6.3058579602864855,2.8660178608225087e-10,3.794321045942919e-06,0.30858564
Prom1,Klhl3,6.3058434703704584,2.8662860347938505e-10,3.794676081463579e-06,0.4006524
Prom1,Usp42,6.303400246671397,2.911856471153255e-10,3.855006782159794e-06,0.27243423
Prom1,Ccdc62,6.3009329251897634,2.9585941516148063e-10,3.916882797322842e-06,0.41401243
Prom1,Cdr2,6.299795070147223,2.9803942255567794e-10,3.94574391521462e-06,0.25458145
Prom1,Smpdl3b,6.294860058792185,3.07677305353232e-10,4.073339845571438e-06,0.47647524
Prom1,Slc46a1,6.292240226739348,3.129167161026309e-10,4.1427044044827305e-06,0.8092413
Prom1,Fosl1,6.289648630779167,3.1818533502227764e-10,4.212455650359934e-06,0.3643732
Prom1,Kcnip3,6.2882700333831565,3.2102316423852723e-10,4.250025671353862e-06,0.32698584
Prom1,Zfp111,6.281761778846264,3.3475753167958997e-10,4.431854961906092e-06,0.33297348
Prom1,Plcxd2,6.268546132927621,3.6443465788639475e-10,4.82475043575798e-06,0.6316018
Prom1,Eno1b,6.240161111463926,4.3712043404752377e-10,5.7870374263551675e-06,0.27550316
Prom1,Parp12,6.240040663248069,4.3745715847784795e-10,5.791495321088229e-06,0.33664894
Prom1,2500002B13Rik,6.196635128167647,5.768300916142397e-10,7.636653582880919e-06,0.27645206
Prom1,Arv1,6.192908083654899,5.906417639414356e-10,7.819506312820667e-06,0.2716732
Prom1,Uros,6.189736329593966,6.026493613408373e-10,7.978474894791344e-06,0.39187336
Prom1,Zfp267,6.1894303160550574,6.038203844764757e-10,7.993978070084062e-06,0.94956064
Prom1,Serpinf1,6.1888023688077825,6.062303090023519e-10,8.025883060882137e-06,0.9506984
Prom1,Ms4a2,6.183604599869668,6.265418479590677e-10,8.294787525130097e-06,0.6568861
Prom1,Swsap1,6.1698584674572885,6.835114742996055e-10,9.049008408252477e-06,0.26734734
Prom1,Ctnnd1,6.167689981353902,6.929483343616601e-10,9.173942998614018e-06,0.43548584
Prom1,1700030K09Rik,6.130547297483944,8.757727587091905e-10,1.1594355552550973e-05,0.33967924
Prom1,Cabcoco1,6.130008813527487,8.78742048603787e-10,1.1633665981465535e-05,0.30746794
Prom1,Tfpi2,6.128341693499131,8.879972127194637e-10,1.175619509919298e-05,0.32096004
Prom1,Exd2,6.125226575066118,9.055465206541569e-10,1.1988530386940384e-05,0.25042677
Prom1,Asb16,6.124616780214543,9.090212256570601e-10,1.2034532006473818e-05,0.71797466
Prom1,Nepro,6.119051651968685,9.413389073086054e-10,1.2462385793858628e-05,0.2569189
Prom1,Gm38037,6.115333113282249,9.635547331214455e-10,1.2756501111794817e-05,0.6134095
Prom1,Arrdc2,6.113482499118421,9.748006580079421e-10,1.2905385911367145e-05,0.30590868
Prom1,Adrm1b,6.110713903323797,9.918643706982074e-10,1.3131292403673567e-05,0.6008339
Prom1,Fbxl19,6.104301629683309,1.0325113704841836e-09,1.3669418033840107e-05,0.37919283
Prom1,Map4k5,6.09425348724862,1.0994931872130652e-09,1.455619030551377e-05,0.48965597
Prom1,Il21r,6.0929413281401175,1.1085470034074842e-09,1.4676053778111684e-05,0.33242083
Prom1,Zfp81,6.084489419026634,1.168631193421418e-09,1.5471508369706152e-05,0.38768625
Prom1,Gm10734,6.071663625562087,1.26591883653044e-09,1.6759499476826496e-05,0.38546944
Prom1,Zdhhc1,6.067233940623824,1.3013194086361517e-09,1.7228167650934014e-05,0.543519
Prom1,Pam16l,6.066651613385466,1.306044348985917e-09,1.7290721136224556e-05,0.36211538
Prom1,Taf1a,6.038625260132804,1.5543274542031203e-09,2.057774116619511e-05,0.26705265
Prom1,1110002L01Rik,6.03754440927663,1.5647710665777846e-09,2.071600415042329e-05,0.29917192
Prom1,Zfp874a,6.027502871175589,1.665122939158423e-09,2.2044562591518362e-05,0.38242006
Prom1,Rab26os,6.020993861975241,1.7334933294599079e-09,2.294971818871972e-05,0.43727493
Prom1,Dolk,6.0179986318700065,1.765866861616747e-09,2.3378311380944113e-05,0.25071836
Prom1,Snhg10,5.989233009485947,2.1083292709931694e-09,2.791217121867857e-05,0.4144702
Prom1,Rab42,5.973748847798784,2.3186266668374264e-09,3.069629844226069e-05,0.49260426
Prom1,Tarbp1,5.966688417150082,2.4211712055631906e-09,3.205388559045108e-05,0.45809984
Prom1,Nhlrc1,5.931308134609145,3.0053060552742238e-09,3.9787246865775445e-05,0.71844625
Prom1,Slc29a2,5.919013605463929,3.238781754099962e-09,4.2878231642529396e-05,0.67164135
Prom1,1700008O03Rik,5.910141640979748,3.4181369093699014e-09,4.525271454314813e-05,0.46179247
Prom1,Ercc6,5.900320227777467,3.627967279880271e-09,4.803065881833491e-05,0.26905155
Prom1,Tmem201,5.899604268742169,3.6437444760016506e-09,4.8239533117785855e-05,0.29041243
Prom1,Mthfr,5.8836871672731865,4.012258876347872e-09,5.311829526396947e-05,0.30082273
Prom1,Ppm1l,5.8701585211254965,4.3537864940691045e-09,5.7639779394980875e-05,1.1354823
Prom1,Slc25a43,5.867218583336023,4.431662842108675e-09,5.867078436667675e-05,0.50289106
Prom1,Ttll5,5.851783146392965,4.8633046701350375e-09,6.438529052791776e-05,0.32643414
Prom1,Hmx2,5.829802799377524,5.5492915235814246e-09,7.346707048069448e-05,2.0393963
Prom1,Ranbp6,5.829165645209332,5.570518827268847e-09,7.374809875421227e-05,0.4655099
Prom1,Immp2l,5.826524328315631,5.65936203345388e-09,7.492429396089591e-05,0.28441286
Prom1,Slc5a6,5.8057993288790355,6.405964882761753e-09,8.480856908288285e-05,0.5756836
Prom1,Mllt11,5.799158157768261,6.664865185475494e-09,8.823615019051007e-05,0.29470158
Prom1,1700120C14Rik,5.784980345691293,7.2520808626526435e-09,9.601029854065835e-05,0.44040966
Prom1,Rwdd3,5.782260353020634,7.370352205527098e-09,9.757609284897325e-05,0.49520016
Prom1,2810455O05Rik,5.774852292070684,7.702062071665893e-09,0.00010196759976678475,0.9325962
Prom1,Vmn1r43,5.736315320501045,9.675844754023374e-09,0.00012809850869851546,0.6050043
Prom1,Focad,5.736201018807865,9.682373609865843e-09,0.0001281849442210139,0.7047477
Prom1,Armc9,5.715641672317702,1.0929082228961052e-08,0.00014469011962921536,0.38166237
Prom1,Zfp764,5.713469652260248,1.1069562229653191e-08,0.0001465499343583786,0.34026432
Prom1,Ccdc171,5.7099280066737474,1.1302397387612074e-08,0.00014963243901459624,0.2906227
Prom1,Zfp82,5.703959732147149,1.1705574131178941e-08,0.000154970095922678,0.55642986
Prom1,Gm15446,5.703715322240805,1.1722379270898357e-08,0.00015519257916742334,0.3039403
Prom1,Slc25a14,5.7002397088339185,1.1963907784524894e-08,0.00015839017515932507,0.28800917
Prom1,Irgq,5.692397174485157,1.2526803973365812e-08,0.00016584235780339,0.27623844
Prom1,Klc2,5.6801187437128835,1.346012632397939e-08,0.00017819861240316314,0.3521657
Prom1,Stk11ip,5.6800583878281765,1.3464876941457514e-08,0.00017826150582795602,0.31493473
Prom1,Mettl25,5.66355625450555,1.4826753219719352e-08,0.00019629138587586451,0.29275846
Prom1,Zfp868,5.659390255426466,1.51911755171703e-08,0.00020111597267181758,0.26272058
Prom1,Zfp764l1,5.6571083713009696,1.5394456676043755e-08,0.00020380721193414327,0.3580222
Prom1,Zbed5-ps,5.65170746545107,1.588617909283184e-08,0.00021031712501000074,0.26041698
Prom1,2900060B14Rik,5.643733237179081,1.6640183819129377e-08,0.0002202993935814538,0.51628256
Prom1,Gm1976,5.630904316493795,1.7926716583987912e-08,0.00023733180085541597,0.26447392
Prom1,Catsperz,5.618000058887061,1.9318043412265764e-08,0.00025575157673498645,0.31452417
Prom1,Otos,5.594650072630488,2.210671801605926e-08,0.0002926708398146085,0.34942245
Prom1,Btf3l4,5.542508637512589,2.9816869102160124e-08,0.00039474553004349786,0.39177752
Prom1,Miga2,5.5209558315399025,3.371605309241546e-08,0.0004463668268904883,0.39486837
Prom1,Ighmbp2,5.516960728773877,3.4491246943810915e-08,0.0004566296182891127,0.25787282
Prom1,Gpsm1,5.516597079595585,3.456266025160598e-08,0.0004575750590710116,0.27428532
Prom1,Mid1,5.507704623528107,3.6354272293734644e-08,0.00048129421089675297,0.40161705
Prom1,Prdm11,5.5035211174378125,3.72279914497188e-08,0.0004928613788028271,0.29763412
Prom1,Lipt1,5.492502950148173,3.962769297721545e-08,0.0005246310273253553,0.560369
Prom1,Dnajc27,5.488091447470699,4.062997211673849e-08,0.0005379002008535008,0.5071907
Prom1,Gm10658,5.477445105100409,4.315108104028463e-08,0.0005712771618923282,0.388268
Prom1,Zfp74,5.472792030750126,4.429998893155393e-08,0.0005864875534648424,0.27995872
Prom1,Wdsub1,5.468348307031699,4.5424858083712504e-08,0.0006013796961702698,0.5204773
Prom1,Myo19,5.4604892841069965,4.748241512618188e-08,0.0006286196938555219,0.5028324
Prom1,Gm26569,5.460348389034054,4.7520114660557454e-08,0.0006291187979911201,0.4791646
Prom1,Gstk1,5.458057579025573,4.813715699961826e-08,0.0006372878215179462,0.28230906
Prom1,Bend3,5.457919721175805,4.817453649326851e-08,0.0006377826886343818,0.38849354
Prom1,Katnal2,5.443920984216459,5.212034705195128e-08,0.000690021274620783,1.2208514
Prom1,Ift88,5.4327233522069225,5.550041839328701e-08,0.0007347700391087267,0.44081545
Prom1,Tnfrsf12a,5.416952267622979,6.062351648590134e-08,0.0008025947347568478,0.41600132
Prom1,Zbed5,5.4071248318316325,6.404450810985867e-08,0.0008478852428664189,0.6555586
Prom1,Slc41a1,5.404023395941051,6.516243945030954e-08,0.000862685535882648,0.31882524
Prom1,Mylk,5.3995858619244,6.679490996741249e-08,0.000884297813058574,0.6062026
Prom1,Bbs5,5.3963432897980805,6.801276072648468e-08,0.0009004209392579306,0.3600192
Prom1,Pigw,5.393052367959299,6.927075332418806e-08,0.0009170755032589257,0.32902193
Prom1,Mex3a,5.384252301741248,7.274640476310406e-08,0.0009630896526587347,0.6838465
Prom1,4833445I07Rik,5.375088501661031,7.654507512314664e-08,0.0010133802495553383,0.4792943
Prom1,Ghr,5.3742646712798265,7.689583800679852e-08,0.0010180239993720056,0.45777893
Prom1,Clu,5.369776890226176,7.883411093073998e-08,0.0010436847946120665,0.6424041
Prom1,Armcx2,5.362429512616827,8.211001342615692e-08,0.0010870544677488915,0.31722975
Prom1,Rhobtb3,5.359992528019055,8.322539406032672e-08,0.0011018209919646655,0.32831573
Prom1,Rexo5,5.3594966211011625,8.345415482934956e-08,0.0011048495557857588,0.26245832
Prom1,Igll1,5.33889457927243,9.35149973204237e-08,0.0012380450495250894,0.6840725
Prom1,Gm15651,5.328910556340591,9.880363677669892e-08,0.001308061347286717,1.0307627
Prom1,Wdr62,5.311861370083573,1.0851113866213031e-07,0.0014365789647479432,0.3693347
Prom1,Intu,5.272470319607029,1.3459960996581922e-07,0.0017819642363374806,0.43522644
Prom1,Erp27,5.26975186791738,1.3660830215429342e-07,0.0018085573122206906,0.9974313
Prom1,Zfp94,5.261163562928776,1.431466221676387e-07,0.001895118130877369,0.36425877
Prom1,Zfp956,5.25092209570755,1.5133968128636555e-07,0.0020035860405501933,0.28553152
Prom1,Slc1a4,5.2460639929194635,1.5538295092620378e-07,0.0020571148873120117,1.1696539
Prom1,Dagla,5.228587814742347,1.7080969925958185e-07,0.002261349608497604,0.64718294
Prom1,Creb5,5.2270795260099465,1.72208443659415e-07,0.0022798675856069953,0.41056252
Prom1,Arrdc3,5.220011594421449,1.7891192961428668e-07,0.0023686150361635415,0.25039387
Prom1,Nherf4,5.21241608280057,1.863968942823083e-07,0.00246770848340348,0.28953314
Prom1,Ccl17,5.208465754839278,1.9040848370212678e-07,0.0025208179157324563,0.5081711
Prom1,Nr1d1,5.195347893489698,2.0433735145859345e-07,0.0027052221959603185,0.85777426
Prom1,Uchl4,5.191152983028497,2.0899581268703465e-07,0.0027668955641636517,0.35335636
Prom1,Gm17399,5.185098591323429,2.1590062155687916e-07,0.002858308328791523,0.28179836
Prom1,Mtx3,5.184753450610855,2.1630081282725198e-07,0.002863606461019989,0.3034129
Prom1,Gdpd1,5.177498019173658,2.2488133097888024e-07,0.0029772039408293956,0.6715112
Prom1,Pex26,5.167784077975377,2.368857501979141e-07,0.003136130446870185,0.25072002
Prom1,Mrm1,5.163816073500922,2.4196546013963337e-07,0.0032033807267886063,0.28753567
Prom1,Zfp563,5.162854519068635,2.4321216056207435e-07,0.0032198857936813026,0.33150148
Prom1,Slc39a10,5.1568344163107955,2.511597189631864e-07,0.0033251035193536246,0.4045763
Prom1,Gm6277,5.146762929510315,2.6501990906624985e-07,0.003508598576128082,0.4549265
Prom1,Zfp667,5.121833246032438,3.0257941895201353e-07,0.004005848927505707,0.32193327
Prom1,Ccdc168,5.116437594744277,3.113602351687273e-07,0.00412209815339878,1.3767982
Prom1,Pkn3,5.110595597657625,3.211447565092132e-07,0.004251635431425474,0.32610703
Prom1,Gm26901,5.105748499260774,3.294876757901811e-07,0.004362087339786208,0.5826726
Prom1,Pkd1l2,5.086267951800116,3.65178030253154e-07,0.004834591942521506,0.26826048
Prom1,Zfp286,5.082306818853693,3.7287846220673805e-07,0.004936537961155005,0.5766654
Prom1,Lyrm7,5.082206034861251,3.7307641598484756e-07,0.004939158671223397,0.59327173
Prom1,Depdc7,5.0700215118884735,3.9777074008516867e-07,0.005266086827987548,0.25365877
Prom1,Gm17494,5.06001157965888,4.1923101723906876e-07,0.005550199437228031,0.26754284
Prom1,4930509E16Rik,5.055317393455203,4.296755797474822e-07,0.005688475000276917,0.33107042
Prom1,Dusp18,5.053194839779804,4.344802638386832e-07,0.0057520842129603275,0.42582846
Prom1,Zfp599,5.047697641767511,4.471660853997546e-07,0.005920031804607351,0.5198159
Prom1,Lrrc51,5.039583388585016,4.665463176818317e-07,0.00617660669978977,0.50795364
Prom1,Eif3j2,4.996054073903823,5.85152592068321e-07,0.007746835166392502,0.42702866
Prom1,Chchd6,4.985352927591137,6.184881097288274e-07,0.008188164084699946,0.69810724
Prom1,BC024978,4.984901954687554,6.199324080073404e-07,0.00820728514960918,0.402246
Prom1,Nicn1,4.977387748029401,6.444813476072807e-07,0.00853228856097279,0.32679558
Prom1,2310034G01Rik,4.97004465504865,6.693748357977927e-07,0.008861853451126977,0.48071575
Prom1,Ftx,4.968734780195632,6.739116970420772e-07,0.00892191695714006,0.3525915
Prom1,B020010K11Rik,4.963372628851619,6.927948117128372e-07,0.009171910512266252,0.28486395
Prom1,Cyp2u1,4.9479874065021905,7.498475907382085e-07,0.009927232253783143,0.68747187
Prom1,Hoga1,4.945905533042321,7.579070941807786e-07,0.010033932019859328,0.36963558
Prom1,Gm38408,4.919437319449189,8.679335627075018e-07,0.011490572436684617,0.522223
Prom1,Zfp661,4.918328929107448,8.728615153572924e-07,0.011555813601815193,0.559381
Prom1,Aoc2,4.898781093724971,9.643300720717846e-07,0.012766765824158357,0.65820885
Prom1,Gpam,4.89760627857674,9.701116731564954e-07,0.012843308440918843,0.262115
Prom1,Fkbp7,4.892681431694549,9.94713456002855e-07,0.013169011444021798,0.26946497
Prom1,Prss36,4.8817190635951295,1.051650091208983e-06,0.013922795557515726,0.36723185
Prom1,Armcx6,4.880388892956512,1.0587684995464196e-06,0.014017036165495048,0.5520592
Prom1,Ccnj,4.8801818243684405,1.0598807901077288e-06,0.014031761780236221,0.30088377
Prom1,Spire1,4.877002418273066,1.077101154892315e-06,0.014259742189619359,0.43086004
Prom1,Chtf8,4.874693522922163,1.0897750801660735e-06,0.014427532286318646,0.858902
Prom1,Zfp335os,4.869340223752916,1.119714774966734e-06,0.014823903905784593,0.30583572
Prom1,Mmaa,4.8691214178416615,1.1209551883100126e-06,0.014840325738036257,0.28595114
Prom1,Tmem86b,4.85694027705631,1.1921353132393712e-06,0.015782679411976034,0.30719805
Prom1,Taf9b,4.848592089803486,1.2434080563847626e-06,0.016461479258477872,0.3917637
Prom1,Gm12728,4.846716556859783,1.2552156061733567e-06,0.01661779941012907,0.55348253
Prom1,6430710C18Rik,4.8382802197404695,1.3096740919372029e-06,0.01733877530315663,0.9535556
Prom1,Neurl1b,4.82982771024009,1.3665123867177395e-06,0.018091257487756154,0.44530344
Prom1,Nt5dc3,4.827809572736907,1.3804299740274265e-06,0.0182755124261491,0.28092718
Prom1,Plekha6,4.817086427173459,1.456696034201631e-06,0.019285198796795393,1.1595702
Prom1,Zfp58,4.80648484603212,1.5360712039485456e-06,0.020336046669074796,0.35772467
Prom1,Zfp955a,4.803943434932083,1.5557079608114868e-06,0.020596017693183276,0.62542963
Prom1,Spmip7,4.800963262800043,1.5790423766968242e-06,0.020904942025089256,0.28173923
Prom1,Gm5165,4.783808428339721,1.7200462733974589e-06,0.02277169261350896,0.3527708
Prom1,Setmar,4.780456464301148,1.7489763142285369e-06,0.0231546974240716,0.2772336
Prom1,Zfp850,4.780092466557648,1.752145896276063e-06,0.023196659520798798,0.43793154
Prom1,Slc39a14,4.771750220319685,1.8263190755242014e-06,0.024178638240864903,0.3381815
Prom1,Gm14295,4.761245546266316,1.9240177836319263e-06,0.025472071437503074,0.28372288
Prom1,BC002059,4.759486782824981,1.9408583385189442e-06,0.025695023543652305,0.26125193
Prom1,Large2,4.751930663951392,2.014834698390302e-06,0.026674396571989206,0.9769926
Prom1,Nek3,4.740789730909174,2.1288678218594014e-06,0.028184081093596616,0.32911444
Prom1,Rtn4ip1,4.734702346645074,2.1937681078571636e-06,0.02904329597992099,0.3346758
Prom1,Meiob,4.732056494209465,2.222565314051551e-06,0.029424542192728484,0.43998575
Prom1,1110019D14Rik,4.702525276872928,2.5696339606864587e-06,0.03401938400552803,0.33201838
Prom1,Nr6a1,4.685230487404489,2.7964505686743594e-06,0.03702220907867985,1.1027718
Prom1,Gm38575,4.675642238460807,2.9303508421034953e-06,0.03879491479860817,0.26533365
Prom1,Fancc,4.657408732534191,3.2021430474856986e-06,0.04239317180566316,0.4065714
Prom1,Vmn1r88,4.656347287289909,3.2186882336667765e-06,0.042612213525514454,0.6852069
Prom1,Tmem147os,4.650400491781107,3.312910626155744e-06,0.043859623779675894,0.41589785
Prom1,Zfp184,4.64887893839926,3.337440169183864e-06,0.044184370399825174,0.4504366
Prom1,Zfp963,4.6340765356712135,3.58534339993714e-06,0.047466361271767794,0.25668383
Prom2,Rps24,45.26152632095344,0.0,0.0,0.43763685
Prom2,Rpl32,43.912392904094446,0.0,0.0,0.3192625
Prom2,Rpl18a,42.94164180380492,0.0,0.0,0.3820777
Prom2,Rpl10a,41.991599669855844,0.0,0.0,0.4131689
Prom2,Fau,41.97024929062104,0.0,0.0,0.34953547
Prom2,Rpl19,41.01578060818429,0.0,0.0,0.32529068
Prom2,Eef1a1,40.3851269131552,0.0,0.0,0.4037323
Prom2,Rps16,40.31846950145818,0.0,0.0,0.31007147
Prom2,Eef2,40.05036487328679,0.0,0.0,0.5810797
Prom2,Rpl37,39.757793864187065,0.0,0.0,0.35290432
Prom2,Rpl13,39.5466061114613,0.0,0.0,0.30051517
Prom2,Rpl23,38.44168886761533,0.0,0.0,0.28434372
Prom2,Rpl24,38.30418463104562,0.0,0.0,0.3509307
Prom2,Rps4x,38.230815989485436,0.0,0.0,0.35167074
Prom2,Rplp0,38.189513687038904,0.0,0.0,0.40687275
Prom2,Rps5,38.167065214341825,0.0,0.0,0.35518265
Prom2,Rps10,37.969929633434035,0.0,0.0,0.26111746
Prom2,Rpl28,37.63423152376631,5.92557322203567e-310,7.844866388653021e-306,0.32056475
Prom2,Rps7,37.45742785172467,4.546988152205654e-307,6.019757614705065e-303,0.32840252
Prom2,Rpl6,37.30513676737671,1.3547460175967053e-304,1.793548252696278e-300,0.34906864
Prom2,Rps11,37.283504581023806,3.0372451357687944e-304,4.021008835244307e-300,0.3290372
Prom2,Ypel3,37.13825458839967,6.783943116908749e-302,8.981262292475493e-298,1.263914
Prom2,Rpl34,36.7854281478914,3.15722893294058e-296,4.179855384320034e-292,0.28458357
Prom2,Rpl39,36.42217692745216,1.8973711016454424e-290,2.511929601468401e-286,0.32345676
Prom2,Rpl11,36.30537753409862,1.3307908183320947e-288,1.76183396438986e-284,0.32617664
Prom2,2410006H16Rik,36.04515197566862,1.6427045696761087e-284,2.1747765797942003e-280,0.9500421
Prom2,Rps20,35.39313824058472,2.177314414930428e-274,2.8825465539263937e-270,0.32999706
Prom2,Rpl18,34.51586902353856,4.636936312590436e-261,6.138839984238479e-257,0.30691195
Prom2,Rpl22,33.97992478616205,4.410371068214361e-253,5.838890257208992e-249,0.30513477
Prom2,Rpl36,33.93061387890758,2.3565262237350425e-252,3.1198050676028227e-248,0.33935118
Prom2,Rps15a,33.69093975665511,7.846581386004152e-249,1.0388089096930898e-244,0.25790644
Prom2,Prr13,33.3699327052411,3.744228792953398e-244,4.956984498991003e-240,0.5618217
Prom2,Mt1,33.16904338150252,3.010098320325416e-241,3.985069166278818e-237,0.9013014
Prom2,Rps27a,33.104290916037705,2.578013408324605e-240,3.4130319512809446e-236,0.2896347
Prom2,Rps8,32.9408922017327,5.7123870775849446e-238,7.562629252014708e-234,0.2783532
Prom2,Rps14,32.780286434953126,1.1245245695703713e-235,1.4887580776542145e-231,0.2626586
Prom2,Glipr1,32.43900345589908,7.741403111866349e-231,1.024884357979986e-226,0.9967873
Prom2,Vim,32.344541290316165,1.655528743393715e-229,2.1917545033789395e-225,0.58342457
Prom2,Eif3f,32.078032463086544,8.928205263533749e-226,1.182005094839233e-221,0.38666725
Prom2,Rpsa,32.048524200000735,2.3017748227657303e-225,3.0473196878595503e-221,0.26761627
Prom2,Rps26,32.043337718732005,2.7184113295401203e-225,3.5989047591781654e-221,0.29120684
Prom2,Rpl3,31.728100618814615,6.367049021211044e-221,8.429336199181301e-217,0.32589674
Prom2,Cpa3,31.64660015078622,8.445652541752946e-220,1.1181199400026725e-215,2.030779
Prom2,Gas5,31.559350002562677,1.334559416098644e-218,1.766823210972995e-214,0.5933142
Prom2,Plac8,31.179902116672064,1.9954822500246077e-213,2.641818950807578e-209,0.4520955
Prom2,Rpl27a,30.96947517653571,1.389355321735987e-210,1.8393675104462732e-206,0.2753234
Prom2,Stmp1,30.9320368091266,4.431741913603827e-210,5.867183119420106e-206,0.8591597
Prom2,Tmt1a,30.416686685840236,3.3052057297283436e-203,4.375761865587354e-199,1.387865
Prom2,Rps9,30.373762417361394,1.220200963520456e-202,1.6154240556047317e-198,0.25091696
Prom2,Rpl15,29.41620952593876,3.4075265687262656e-190,4.511224424336703e-186,0.25158262
Prom2,Rpl21,29.35633970110848,1.9833460670548854e-189,2.6257518581739627e-185,0.32807446
Prom2,Tcf25,29.31194468458468,7.305189648318459e-189,9.671340575408808e-185,0.83532405
Prom2,S100a10,29.072422367571946,8.014040617841468e-186,1.060978837396032e-181,0.76532793
Prom2,Ramp1,28.21625048905079,3.695271045088626e-175,4.892169336592832e-171,0.6287992
Prom2,Rpl14,27.464010490238035,4.7265716319731744e-166,6.257508183569285e-162,0.2909341
Prom2,Alox5ap,27.459624614266772,5.33241131013282e-166,7.059579333484841e-162,0.31849933
Prom2,S100a4,27.423765266812133,1.4284115449732899e-165,1.8910740443901385e-161,1.6240231
Prom2,Gm2a,27.39447512844769,3.191355485417012e-165,4.225035527143582e-161,1.2278353
Prom2,Lgals1,27.15892123089261,1.986622073077122e-162,2.630088962546802e-158,0.6590581
Prom2,Uqcrh,27.03858313719996,5.203292252987895e-161,6.888638613730674e-157,0.302464
Prom2,Napsa,26.69063390183868,6.045944154145332e-157,8.004225465673005e-153,0.5830195
Prom2,Naca,26.495425776909496,1.0943141984335805e-154,1.4487625673062172e-150,0.25836086
Prom2,Gabarap,26.366074864752186,3.3577277737612376e-153,4.445295799682502e-149,0.38163304
Prom2,Fbxw4,26.2623895304849,5.160370282731612e-152,6.831814217308381e-148,0.6742016
Prom2,Sat1,26.187283383165493,3.7096047693955354e-151,4.9111457542027495e-147,0.7483912
Prom2,Rpl29,25.623891813627267,8.265488417882715e-145,1.0942680116434928e-140,0.30534744
Prom2,Ldhc,25.590793696597387,1.9315970943534993e-144,2.5572413932145977e-140,1.3347512
Prom2,Ptpn6,25.51189735433398,1.4546250233649165e-143,1.925778068432813e-139,0.6286754
Prom2,Itgb7,25.365836927264418,6.010445596139215e-142,7.957228924728707e-138,1.217053
Prom2,Ssr4,24.932006884318398,3.347212912690175e-137,4.431375175110523e-133,0.3129418
Prom2,2810001G20Rik,24.83948663045128,3.3591381644582015e-136,4.447163015926213e-132,1.160212
Prom2,Ctla2a,24.653362873900885,3.386878497315618e-134,4.4838884425961465e-130,1.078124
Prom2,Lgals3,24.339365247743437,7.513711257979005e-131,9.947402334438405e-127,0.55448544
Prom2,Eef1b2,24.323755036443035,1.099224173707658e-130,1.4552628835715684e-126,0.29591823
Prom2,Ftl1,24.29123521397378,2.4264115114766087e-130,3.2123262000438824e-126,0.28724098
Prom2,Gsn,24.03193673534492,1.289708367193249e-127,1.7074449073271424e-123,0.9707576
Prom2,Adgre1,24.009007974703344,2.2392187940807312e-127,2.96450176148348e-123,1.2625163
Prom2,Mt2,23.91064287081188,2.3736857607467236e-126,3.1425225786525873e-122,0.972006
Prom2,Il15,23.71758814848536,2.374482761942412e-124,3.143577728535559e-120,1.8937323
Prom2,Ahnak,23.6160229804391,2.6384560048537475e-123,3.4930519048258763e-119,1.7018981
Prom2,Pnrc1,23.561528812002354,9.563431164284069e-123,1.266102651839568e-118,0.74648654
Prom2,Pld3,23.529447873732654,2.0382273289135e-122,2.6984091607485827e-118,1.2650025
Prom2,Ifitm1,23.48671320059234,5.576168899758781e-122,7.38229000639065e-118,0.6482773
Prom2,Myl12b,23.196564743983647,4.931645254258151e-119,6.529005152112366e-115,0.36937284
Prom2,Fth1,23.18994788813045,5.751285128321191e-119,7.614126381384425e-115,0.41953468
Prom2,Actg1,23.006636794611605,4.000154838774456e-117,5.295804991053502e-113,0.31424046
Prom2,Grina,22.962196319026624,1.113059615199531e-116,1.4735796245626592e-112,0.3975966
Prom2,Cyp11a1,22.937930404765808,1.9446271489113516e-116,2.574491882443738e-112,0.8519097
Prom2,Serpina3g,22.784738490955238,6.496946427191953e-115,8.601307374959426e-111,0.9800462
Prom2,Fcer1g,22.703223822291744,4.163206499962946e-114,5.511669085300944e-110,0.2774999
Prom2,Milr1,22.62756350021553,2.3207646842639111e-113,3.072460365496992e-109,1.4592719
Prom2,Neat1,22.57726709260878,7.249508471282348e-113,9.597624265130702e-109,1.0595994
Prom2,Rps2,22.431899227984886,1.9225278749596845e-111,2.5452346536591263e-107,0.27094126
Prom2,Grcc10,22.413828358799385,2.8853444847628926e-111,3.819907563377594e-107,0.550717
Prom2,Plin3,22.413494114690316,2.907084782964117e-111,3.8486895441661945e-107,0.61229753
Prom2,Rpl36a,22.399065125719588,4.01923738064814e-111,5.3210683682400725e-107,0.2717433
Prom2,Spint2,22.116959905551635,2.170727253148695e-108,2.873825810443557e-104,0.44112456
Prom2,Selenow,22.10868021611027,2.6078404034865895e-108,3.4525199101758957e-104,0.43998146
Prom2,Slc27a3,22.079016660152515,5.029103449073141e-108,6.658030056227931e-104,0.99390787
Prom2,Slpi,21.728281552550385,1.1087430462728326e-104,1.467864918960603e-100,0.502233
Prom2,Ly6c2,21.65763163062343,5.150407266418901e-104,6.818624180011984e-100,0.25487328
Prom2,Pold4,21.603327018957707,1.6713395348465245e-103,2.2126864101833137e-99,0.6305624
Prom2,Caly,21.580300368458587,2.7507524579932163e-103,3.641721179137219e-99,1.1943351
Prom2,Rpl35,21.480618274658706,2.363398747931383e-102,3.128903602386358e-98,0.2744801
Prom2,Cd33,21.47739879229313,2.5329921362733604e-102,3.353428289212302e-98,0.7336067
Prom2,Ubb,21.466064485159233,3.232623618246696e-102,4.2796704081968005e-98,0.25227118
Prom2,Smad7,21.330273954848177,5.945866196662972e-101,7.871732257762109e-97,0.69211614
Prom2,Tespa1,21.15103506259969,2.6995334229524443e-99,3.573912298646741e-95,1.2423909
Prom2,Rcn3,21.11191873154349,6.1811707289959506e-99,8.183251928117739e-95,1.3091062
Prom2,Pik3ip1,21.03341090956193,3.244627670060853e-98,4.2955625723935627e-94,1.5639397
Prom2,Il12a,20.972682015222272,1.1650753603436994e-97,1.5424432695590238e-93,1.105085
Prom2,Man2b1,20.77873288991916,6.7414460473400205e-96,8.925000422073453e-92,0.5379453
Prom2,Gclm,20.661419600063848,7.706509989876019e-95,1.020264857559686e-90,0.3936423
Prom2,4930519L02Rik,20.478397105958695,3.355186112862533e-93,4.441930894818707e-89,0.67652977
Prom2,Cdkn2a,20.448917532568082,6.142310120801937e-93,8.131804368929684e-89,0.7777466
Prom2,Cox7a2l,20.348169590721184,4.819367175323236e-92,6.380360203410432e-88,0.34924805
Prom2,Upp1,19.80192312464052,2.8654309401458398e-87,3.793544021659077e-83,1.2818259
Prom2,Glb1,19.463689778156542,2.231275574565001e-84,2.953985733166605e-80,0.75815606
Prom2,Nfkb1,19.447238416983772,3.075549166098355e-84,4.071719540997612e-80,0.5537883
Prom2,Perp,19.374385154122265,1.26969019314727e-83,1.6809428467076708e-79,0.5544062
Prom2,Dap,19.344476877124773,2.2689494162001027e-83,3.003862132107316e-79,0.40148854
Prom2,Itga2b,19.330178023851634,2.993831664271405e-83,3.963533740328913e-79,1.5360171
Prom2,Capg,19.27203416473505,9.223839276585547e-83,1.2211440818271606e-78,0.5628563
Prom2,Ckm,19.157018656445675,8.458134751997666e-82,1.1197724598169711e-77,0.4533136
Prom2,Ikzf2,19.125774328905017,1.540685026367143e-81,2.0397129064074604e-77,1.0746891
Prom2,Krt18,19.121858203642603,1.6608376314769412e-81,2.1987829403123227e-77,0.986494
Prom2,Calr,19.084422361142543,3.4021694364245773e-81,4.504132116882498e-77,0.37500048
Prom2,Sqstm1,19.08048755508568,3.668211229866274e-81,4.85634484721996e-77,0.69953823
Prom2,Flot1,19.017549516074318,1.220563895228918e-80,1.6159045408935646e-76,0.529948
Prom2,Grn,18.948089071914172,4.5791212531525065e-80,6.062298627048603e-76,0.48160082
Prom2,Nucb1,18.900239291197742,1.1353644517624748e-79,1.5031089976883403e-75,0.33594537
Prom2,Cd68,18.8576750729484,2.5415239074359123e-79,3.3647235010544045e-75,1.0486066
Prom2,Creg1,18.852171076621786,2.820267067860766e-79,3.733751571140868e-75,0.39413452
Prom2,Galnt6,18.77601747087368,1.186529608399272e-78,1.5708465485597963e-74,0.7010082
Prom2,Npc2,18.74494396328725,2.1289602989049387e-78,2.8185305397202485e-74,0.4002493
Prom2,Nsa2,18.693895404965645,5.55081529802404e-78,7.348724373054026e-74,0.37198877
Prom2,Cdk6,18.6863422719388,6.394994752409686e-78,8.466333552715183e-74,0.5059757
Prom2,Serpine2,18.631251760242,1.792818564234033e-77,2.373512497189436e-73,0.88146996
Prom2,1500009L16Rik,18.575466913342257,5.076165292543752e-77,6.720335230798674e-73,0.92398596
Prom2,Glod5,18.56321809064992,6.376788184243957e-77,8.442229877120574e-73,1.3469175
Prom2,Crip1,18.451434697149484,5.0778930158699774e-76,6.722622563710263e-72,0.3918848
Prom2,Mxd4,18.293204769537393,9.37385389534654e-75,1.2410045172049284e-70,0.52227044
Prom2,Thy1,18.281646935260103,1.158736912318615e-74,1.5340517982186143e-70,0.36521792
Prom2,Scin,18.2452621774769,2.2565167439068252e-74,2.987402517258246e-70,2.2619288
Prom2,Selplg,18.158316123816657,1.103579942090648e-73,1.4610294853338088e-69,0.47150263
Prom2,Anxa1,18.07243858061483,5.253926098118849e-73,6.955672761299543e-69,0.4905373
Prom2,Fxyd5,18.03411438192218,1.0516684422849789e-72,1.3923038507410835e-68,0.2965095
Prom2,Nkg7,17.95317096924281,4.532691098342875e-72,6.000829745096132e-68,0.32442403
Prom2,Rabac1,17.878944354864274,1.720640561306658e-71,2.2779560391138846e-67,0.31668508
Prom2,Cd53,17.740875969416514,2.0274955927481222e-70,2.684201415239239e-66,0.4867437
Prom2,Serf1,17.711745653816955,3.4035105125153984e-70,4.505907567519136e-66,0.6355665
Prom2,Abtb1,17.620482978484624,1.7153421445814997e-69,2.2709414652114477e-65,0.6028812
Prom2,Ly6c1,17.61666636512148,1.8350488458187385e-69,2.429421166979428e-65,0.2904718
Prom2,Jund,17.45480969812179,3.16430424898082e-68,4.189222395225707e-64,0.49603713
Prom2,Ndufa6,17.428856335628428,4.983267446559566e-68,6.597347772500209e-64,0.25828087
Prom2,Slc48a1,17.40844061395122,7.119692445149824e-68,9.425760828133852e-64,0.36460316
Prom2,Snap47,17.342992004332597,2.2282979349776036e-67,2.950043636116849e-63,0.8885746
Prom2,Runx1,17.232882894333898,1.5046187960006052e-66,1.991964824025201e-62,0.5467412
Prom2,Fcgrt,16.97727982101465,1.209641076575596e-64,1.6014438212784316e-60,0.9639919
Prom2,mt-Co1,16.97343372679298,1.291542873463303e-64,1.7098736101780668e-60,0.5602374
Prom2,Smim3,16.943476539816242,2.1503262378862638e-64,2.8468169063376244e-60,0.8185059
Prom2,Rsu1,16.935161539253624,2.4767755260443762e-64,3.2790031189301496e-60,0.31286228
Prom2,St8sia4,16.917612599306025,3.336850303174409e-64,4.4176561163726006e-60,0.89332634
Prom2,Rab44,16.869303169021702,7.568391958103481e-64,1.0019794113333199e-59,0.4586325
Prom2,Serpinb6a,16.83197845841411,1.4226773011056155e-63,1.8834824789337244e-59,0.422993
Prom2,Trgc2,16.79753200096902,2.544116948271257e-63,3.368156427816317e-59,1.112057
Prom2,Gm1604a,16.68397573682772,1.7142088657590643e-62,2.2694411173784253e-58,0.707767
Prom2,Eif4b,16.67545261791462,1.977082428159726e-62,2.6174594266406615e-58,0.31473732
Prom2,Zfas1,16.66059736359584,2.5348004763127285e-62,3.355822350590421e-58,0.626507
Prom2,Sipa1l1,16.65692647536972,2.6952370966047248e-62,3.568224392194995e-58,0.6682739
Prom2,Tmsb10,16.600108072386586,6.956556676237672e-62,9.209785383671054e-58,0.3767712
Prom2,Supt4a,16.589553113297317,8.293514974020311e-62,1.0979784474105491e-57,0.3864883
Prom2,Gyg1,16.586182336320434,8.772217631878807e-62,1.1613538922844353e-57,0.47206604
Prom2,Trpv2,16.585165263485667,8.921993094959371e-62,1.1811826658416711e-57,0.9754691
Prom2,Chd3,16.543734207212616,1.7765978504037318e-61,2.3520378941495004e-57,0.9740271
Prom2,Bnip3,16.535107783677066,2.050111307432593e-61,2.71414235991001e-57,0.99976987
Prom2,Dkkl1,16.524993577595943,2.424656575905781e-61,3.2100028408416633e-57,0.76031184
Prom2,Emilin2,16.47830238426655,5.253952290328164e-61,6.955707437165456e-57,0.46522546
Prom2,Oaf,16.453108141236314,7.967259728313665e-61,1.0547855154314462e-56,0.7631879
Prom2,Rab19,16.267467388644704,1.6796248471980104e-59,2.223655335205446e-55,1.6125019
Prom2,Dapp1,16.233533218403913,2.9214801148914643e-59,3.86774752410481e-55,0.64329827
Prom2,Trgc1,16.23269726270953,2.9615466683012952e-59,3.9207916341640845e-55,1.3237348
Prom2,Tacstd2,16.12558938264931,1.6864248372756558e-58,2.2326578420692408e-54,0.85073817
Prom2,Msrb1,16.08971938030972,3.0119944161999996e-58,3.9875794076071796e-54,0.2584598
Prom2,Bckdha,16.069196993733534,4.1948514861629534e-58,5.553563882531134e-54,0.7225182
Prom2,Tpd52,16.06286713904163,4.645711703486005e-58,6.150457724245122e-54,0.9541713
Prom2,Aldh1b1,16.050067806417278,5.710163889380237e-58,7.559685973150496e-54,1.2324644
Prom2,H2aj,16.00562370401234,1.1673749585083017e-57,1.5454877075691405e-53,0.30242682
Prom2,Neurl3,15.99776809358149,1.324384540788959e-57,1.7533526935505028e-53,1.2488711
Prom2,Bst2,15.97574463111842,1.885887654265669e-57,2.496726665482319e-53,0.43959492
Prom2,Timp2,15.96810195686906,2.1317466088670136e-57,2.8222193354790395e-53,0.3654076
Prom2,Hvcn1,15.835204400839034,1.7788019588928467e-56,2.3549559133782395e-52,0.5340054
Prom2,Rnase4,15.803514450178174,2.942449332392206e-56,3.8955086711540415e-52,0.9955709
Prom2,Mgst1,15.788213885319553,3.7504994415510786e-56,4.965286210669473e-52,0.26944065
Prom2,Trf,15.718282318067358,1.1335534748301702e-55,1.5007114453276623e-51,0.5151745
Prom2,Ndrg1,15.702123839059213,1.4626220019214133e-55,1.9363652683437592e-51,0.9498194
Prom2,Rgs1,15.676124132995746,2.2029278359215674e-55,2.916456161976563e-51,1.8292003
Prom2,Atxn7,15.633642408764736,4.295318374311364e-55,5.686571995750815e-51,0.882167
Prom2,Aldoc,15.499384689563575,3.502301275477802e-54,4.636696658605062e-50,1.0141487
Prom2,Plek,15.436004657173536,9.372944271821628e-54,1.2408840921464654e-49,1.0855682
Prom2,Rec8,15.432461477407179,9.902044100401873e-54,1.3109316184522039e-49,2.02307
Prom2,Trgc4,15.419764355432491,1.2054340034910016e-53,1.595874077221737e-49,1.9119027
Prom2,Stra8,15.311777381542877,6.37964370364263e-53,8.446010299252478e-49,1.2624953
Prom2,Gapdh,15.296793258448336,8.031766072816484e-53,1.0633255103801743e-48,0.27176285
Prom2,Il4,15.279679491012422,1.0445317456110182e-52,1.382855578014427e-48,0.60033846
Prom2,Pnpla2,15.253089744858388,1.5702346548488997e-52,2.0788336595544585e-48,0.45185098
Prom2,Ube2b,15.234421511174281,2.0896851102873063e-52,2.766534117509365e-48,0.43192297
Prom2,Ctsw,15.195157950544415,3.807447431749094e-52,5.040679654892625e-48,1.352395
Prom2,Tcp11l2,15.15118929841073,7.440783400501117e-52,9.850853143923428e-48,0.42405784
Prom2,Clic3,15.15082810230339,7.481791441597702e-52,9.905143689531198e-48,1.0523965
Prom2,Sytl1,15.145335901031721,8.133798626180686e-52,1.076833600120061e-47,0.6587251
Prom2,Rab37,15.139625854324636,8.871697837908561e-52,1.1745240767607144e-47,0.88259256
Prom2,Arhgap45,15.086898268345529,1.9751134796917763e-51,2.614852735763943e-47,0.3812587
Prom2,Fut8,15.07648164156277,2.3126890234465062e-51,3.0617689981408296e-47,0.6500434
Prom2,Ncbp2as2,15.073409707570967,2.4227958597680346e-51,3.207539438746901e-47,0.5249642
Prom2,Lair1,15.02949325107359,4.705919343148007e-51,6.230166618393646e-47,0.95281994
Prom2,Lat2,14.977859657783936,1.0246399347497373e-50,1.3565208096151772e-46,0.4808968
Prom2,Ptgds,14.952782640306433,1.493747290447164e-50,1.9775720378230003e-46,1.3420146
Prom2,Uba52rt,14.875638037862496,4.744404014724467e-50,6.281116475093722e-46,0.3908079
Prom2,Selenom,14.859784309679696,6.011842992597071e-50,7.959078937899263e-46,0.34587014
Prom2,Cox6b2,14.843309777279645,7.6867886214348145e-50,1.017653945591755e-45,0.44438303
Prom2,Bin1,14.825097977961875,1.0083267964889908e-49,1.3349238458717749e-45,0.5252
Prom2,Tbca,14.794424455011063,1.5913975155183578e-49,2.1068511707947538e-45,0.27867806
Prom2,Cd1d1,14.744758520582137,3.3250699273527198e-49,4.4020600768222656e-45,0.96300125
Prom2,Bphl,14.727707489443638,4.2797959593061795e-49,5.666021870525451e-45,0.70355
Prom2,Stx3,14.681114359168348,8.517900307103246e-49,1.127684821657399e-44,0.75997627
Prom2,Ndfip1,14.652764915143392,1.2934326764857766e-48,1.7123755203995196e-44,0.37101296
Prom2,Slc25a4,14.572307645226399,4.2141170933783516e-48,5.5790696199236e-44,0.3649273
Prom2,Rpl9,14.507984336056476,1.0784321468259708e-47,1.4277363191829028e-43,0.3481763
Prom2,Cd37,14.49281749449634,1.3451019284925852e-47,1.7807804431313336e-43,0.28858525
Prom2,Znrf1,14.346423072644717,1.1217543208172565e-46,1.4850905453299657e-42,0.4329188
Prom2,1700012B09Rik,14.230890159928874,5.8926881249933475e-46,7.801329808678693e-42,0.9439255
Prom2,Pdgfrb,14.138779790655999,2.190496390406463e-45,2.8999981712591164e-41,0.9171119
Prom2,1700097N02Rik,14.110921139696735,3.253009218225137e-45,4.3066589040082594e-41,0.5066865
Prom2,Fgl2,14.059682999654958,6.718648966862976e-45,8.894819367229894e-41,0.5597331
Prom2,Dab2,14.047804203523578,7.945975177316094e-45,1.0519676537248777e-40,0.7018292
Prom2,Atp6v1f,14.038143235240451,9.106745549793008e-45,1.2056420433370965e-40,0.31848007
Prom2,Adgrg1,14.006661796485936,1.419207372884455e-44,1.87888864096173e-40,0.94137216
Prom2,Pink1,13.977844112340781,2.128381600671665e-44,2.817764401129217e-40,0.7254758
Prom2,Cd48,13.976335388624099,2.1739728728637703e-44,2.8781226863843455e-40,0.44837052
Prom2,Adam8,13.953600831622813,2.9911423228545446e-44,3.959973321227132e-40,0.66599834
Prom2,2210408F21Rik,13.917497171697134,4.959695888107335e-44,6.566141386265301e-40,1.5102446
Prom2,Scand1,13.9025972905224,6.108387582558419e-44,8.086894320549092e-40,0.32193333
Prom2,Wfdc12,13.874661968151328,9.021740122114377e-44,1.1943881747667224e-39,0.47707468
Prom2,Cyp4f18,13.834418586011694,1.5800885699009983e-43,2.0918792576919317e-39,0.2783357
Prom2,Arhgef28,13.802092790506386,2.4755992308275502e-43,3.277445821692594e-39,1.4878561
Prom2,Rnh1,13.792073749891525,2.8446349664128758e-43,3.7660122320340064e-39,0.31123346
Prom2,Gm17745,13.790733791966915,2.897970939899664e-43,3.836623727333165e-39,1.177645
Prom2,Ptms,13.784489364021878,3.159945625602623e-43,4.183452013735313e-39,0.42633915
Prom2,Csrp2,13.768663717244062,3.9342292504648946e-43,5.208526104690474e-39,0.76144874
Prom2,Ppp4r4,13.763396607154903,4.231687584922586e-43,5.602331193679011e-39,1.2122033
Prom2,Gstt2,13.72267157777118,7.427720990919804e-43,9.83355981987873e-39,0.5820117
Prom2,Rhoj,13.69586514046149,1.0747259596504075e-42,1.4228296979811744e-38,0.46361268
Prom2,Cstb,13.676088675615018,1.4107986082162776e-42,1.86775627741753e-38,0.2543764
Prom2,Epcam,13.583457710682534,5.019949876872012e-42,6.645911641990856e-38,1.3267319
Prom2,Tmem205,13.573554100493109,5.746654345374638e-42,7.607995687841483e-38,0.34382385
Prom2,Csf2rb,13.547456839144344,8.202295132943775e-42,1.0859018526504264e-37,0.3568737
Prom2,Fgf3,13.5376882728581,9.369120140232222e-42,1.2403778153653438e-37,0.9393102
Prom2,Sirt3,13.479182402201632,2.073922448965464e-41,2.745665930185378e-37,0.59827447
Prom2,Esyt1,13.451705994942525,3.00850220331929e-41,3.982956066974408e-37,0.39988393
Prom2,Gpr34,13.44328635594637,3.371254002200694e-41,4.4632031735134994e-37,1.2554202
Prom2,Calcoco1,13.355921967369175,1.0939523824801011e-40,1.4482835591654058e-36,1.0711999
Prom2,Arfgap3,13.306003049324552,2.136070631830171e-40,2.8279439094799632e-36,0.614586
Prom2,Cbr2,13.227044425337475,6.124887535505373e-40,8.108738608255563e-36,1.7524812
Prom2,Zfp462,13.193659964421467,9.543686731450897e-40,1.2634886863767842e-35,0.96746266
Prom2,Ldlrad4,13.176873088949067,1.1923106020255834e-39,1.5785000060216698e-35,0.9572425
Prom2,Cd34,13.167340061831945,1.3528030492675642e-39,1.7909759569253284e-35,0.9120623
Prom2,Coro7,13.153223651880277,1.6307096943795335e-39,2.1588965643890643e-35,0.5371336
Prom2,Cyb5a,13.108228606776654,2.9541796215682714e-39,3.9110384009942345e-35,0.37740377
Prom2,Akr1c13,13.081989041182535,4.173737878259072e-39,5.525611577027185e-35,0.66459644
Prom2,Rras,13.06708250545414,5.077582169744105e-39,6.72221103452422e-35,1.0258081
Prom2,Clec4e,13.064756794844028,5.235166855735912e-39,6.930837400308774e-35,0.60046303
Prom2,Ubxn6,13.011674491144639,1.0501540728126378e-38,1.3902989769966512e-34,0.5071615
Prom2,Mical1,12.997128008693794,1.2702464182794345e-38,1.6816792331601432e-34,0.6159432
Prom2,Pnpla7,12.966554079819652,1.89353371400218e-38,2.506849283967486e-34,0.78107154
Prom2,Dok3,12.963062204045087,1.981754363091693e-38,2.6236446012970923e-34,0.39684355
Prom2,Tnfaip8l2,12.92065896716216,3.4418107484172045e-38,4.556613249829537e-34,0.47393984
Prom2,Atp6v1g1,12.87899713727231,5.909847933854397e-38,7.824047679629836e-34,0.2871467
Prom2,Dcxr,12.860353349695435,7.523197639517487e-38,9.959961354957201e-34,0.7738379
Prom2,Tspan32,12.84946728574808,8.660457324443562e-38,1.1465579451830832e-33,0.28232569
Prom2,Pim2,12.843334369465797,9.374799795537474e-38,1.2411297449312062e-33,1.1782215
Prom2,Il2rg,12.836352195952216,1.0259587296928642e-37,1.358266762240383e-33,0.4978406
Prom2,Ubl3,12.745648890111521,3.2963658912426843e-37,4.3640588034161895e-33,0.6168473
Prom2,Hscb,12.685837833600372,7.085212816330287e-37,9.380113247539667e-33,0.7776675
Prom2,Paip2,12.669293159435892,8.749927195588549e-37,1.158402861423968e-32,0.31553128
Prom2,Gm20342,12.666001828406394,9.124795434998842e-37,1.2080316676394967e-32,0.6919176
Prom2,Stx5a,12.663427755118295,9.429057776869148e-37,1.2483129590797066e-32,0.5751874
Prom2,Kxd1,12.610922999424007,1.8382742116107997e-36,2.4336912287515376e-32,0.4521094
Prom2,Gng2,12.60457050643421,1.9925506133147258e-36,2.6379377569673657e-32,1.285115
Prom2,Gm12195,12.597719090604818,2.1733902767408496e-36,2.8773513873772106e-32,1.4798238
Prom2,Mfsd10,12.56628278765614,3.235837506489679e-36,4.283925274841686e-32,0.26224422
Prom2,Ptprcap,12.553662049257127,3.7954250016574364e-36,5.02476315969428e-32,0.3025176
Prom2,Gm32817,12.545227749434469,4.221987483357404e-36,5.589489229216867e-32,1.4437459
Prom2,Sdf2,12.541901783090553,4.4030053602051057e-36,5.829138796375539e-32,0.4827141
Prom2,G430095P16Rik,12.500381689739545,7.429371808585251e-36,9.835745337386015e-32,0.7544521
Prom2,Dhrs1,12.479821599148819,9.62019545541621e-36,1.273617676342552e-31,0.62617934
Prom2,Cpne7,12.41774113886182,2.0939035919766943e-35,2.7721189654179457e-31,1.2550857
Prom2,Ltb,12.384940180805712,3.153199184106726e-35,4.174520399838894e-31,0.33451658
Prom2,Tob1,12.356771116739466,4.477841840233338e-35,5.928214812284916e-31,0.5724346
Prom2,Cpne2,12.264858872709086,1.3985574629288508e-34,1.8515502251715057e-30,0.3621527
Prom2,Sh3glb1,12.227980696854575,2.2034832603434592e-34,2.9171914883687056e-30,0.39502484
Prom2,Itm2c,12.166718576182193,4.675013937431427e-34,6.189250951765467e-30,0.89562833
Prom2,Muc13,12.157506215737927,5.233192221165298e-34,6.928223181600738e-30,0.70681953
Prom2,Ptgr1,12.148753255491641,5.824703549773104e-34,7.711325029544612e-30,0.75417554
Prom2,Ak1,12.1263386873108,7.659819434260208e-34,1.014083494901709e-29,1.36005
Prom2,Hdc,12.119905449606865,8.285466933112633e-34,1.0969129672747815e-29,0.34095132
Prom2,Gm16124,12.112274073701814,9.093746646498604e-34,1.2039211185299502e-29,1.4589546
Prom2,Gdi2,12.108344161776643,9.540059018117618e-34,1.2630084134085914e-29,0.26857007
Prom2,Akr1c12,12.099294958742565,1.0652209654801471e-33,1.4102460361991668e-29,1.2515434
Prom2,Hbp1,12.038501078076255,2.2297015534238007e-33,2.95190188657777e-29,0.5578169
Prom2,Cd72,12.001913340707363,3.471764747169422e-33,4.596269348777597e-29,1.2844281
Prom2,Gnai3,11.972399181378684,4.9574073473303386e-33,6.563111587130635e-29,0.3910917
Prom2,Plec,11.94372077761397,7.001936733224838e-33,9.269864041116363e-29,0.4153743
Prom2,Pde6d,11.940356863762041,7.290970355235976e-33,9.652515653296909e-29,0.45749372
Prom2,Tmem43,11.920256903454527,9.28218747879687e-33,1.2288688003179177e-28,0.45831987
Prom2,Bbc3,11.920234985836617,9.284629730721802e-33,1.2291921300502593e-28,0.8612237
Prom2,Tbc1d10c,11.910336608544387,1.0455432804960726e-32,1.3841947490487506e-28,0.4249533
Prom2,Mir22hg,11.870870629964942,1.677131115559053e-32,2.22035388388863e-28,0.980041
Prom2,Tec,11.846470906857196,2.2444538506915665e-32,2.971432452930565e-28,0.5983956
Prom2,Myb,11.762778994336244,6.070283774990456e-32,8.0364486897098655e-28,0.31216335
Prom2,Naga,11.71704638911681,1.0424335786761001e-31,1.3800778148092889e-27,0.7287946
Prom2,Rin3,11.705616785124414,1.1928865555999934e-31,1.5792625109588313e-27,0.48718083
Prom2,B9d2,11.702053199181394,1.244064519339243e-31,1.6470170171532238e-27,0.41953987
Prom2,Ccl9,11.638840066819052,2.6154838376039314e-31,3.462639052603845e-27,0.3665818
Prom2,Glud1,11.63734515962515,2.661722825646078e-31,3.523854848872842e-27,0.39990893
Prom2,Nfe2,11.616171107539417,3.4108254346760285e-31,4.5155917929675944e-27,0.308283
Prom2,Nherf1,11.604564782840022,3.9067013263877387e-31,5.1720818860047275e-27,0.27316895
Prom2,Os9,11.569054593716395,5.913062214648738e-31,7.828303065973465e-27,0.3550495
Prom2,1110038B12Rik,11.548989543946384,7.4693427333149875e-31,9.888662844635711e-27,0.30505234
Prom2,F7,11.534477933166167,8.842196041870202e-31,1.170618333983196e-26,0.7146877
Prom2,Ogt,11.50158249406726,1.2951872958776226e-30,1.7146984610123846e-26,0.59342045
Prom2,Evl,11.410449154012698,3.708096045521921e-30,4.909148354666471e-26,1.3447893
Prom2,Hmox1,11.379004482525822,5.3203581160784575e-30,7.04362210987627e-26,0.9960599
Prom2,Pbxip1,11.266126490749892,1.9286949069311083e-29,2.5533991872860943e-25,0.6139853
Prom2,Mgst3,11.264527146249156,1.9640339877798147e-29,2.600184596421697e-25,0.7806169
Prom2,Lgals3bp,11.244509804062929,2.4646199879681094e-29,3.26291040207098e-25,0.56077635
Prom2,Zyx,11.236128841737042,2.7100757325889965e-29,3.5878692623745724e-25,0.4391042
Prom2,Gm15821,11.234842313549144,2.749843795922564e-29,3.6405182014218824e-25,1.0593529
Prom2,Gata2,11.22609693312998,3.035953888208625e-29,4.019299352599399e-25,0.5879545
Prom2,Lat,11.201151298986366,4.024687092134366e-29,5.328283241276687e-25,0.7243378
Prom2,Atp1b1,11.17920427942327,5.155011510332285e-29,6.824719738528912e-25,0.56077814
Prom2,Gpr141,11.176647541270757,5.305656884843336e-29,7.024159149844093e-25,0.7553294
Prom2,Cnppd1,11.127074047918866,9.262618921461571e-29,1.2262781190122974e-24,0.51472616
Prom2,Clec2d,11.125485271162145,9.429137038188155e-29,1.2483234524857298e-24,0.4803247
Prom2,Btg2,11.099855373231634,1.2564704207586659e-28,1.663441190042398e-24,0.6788237
Prom2,Sting1,11.074788980421975,1.6627139153548117e-28,2.201266952538235e-24,0.89867234
Prom2,Plxdc1,11.051433026898879,2.157432055778664e-28,2.8562242986453732e-24,0.8530079
Prom2,Epcip,11.009467558064424,3.4403082384347098e-28,4.554624076863712e-24,0.77454007
Prom2,Map1lc3a,11.006701567539206,3.547547829276548e-28,4.696598571179222e-24,0.44704163
Prom2,Cbfa2t3,10.978309686642756,4.859309174874683e-28,6.4332394166165934e-24,0.5151007
Prom2,Ppt1,10.964052859730863,5.689311555204329e-28,7.532079567935012e-24,0.42979565
Prom2,Hsd3b7,10.961077252515807,5.879528842839409e-28,7.783908235035093e-24,0.4466656
Prom2,2900052L18Rik,10.94918677060429,6.704684305340324e-28,8.876331551840056e-24,1.386272
Prom2,Parp8,10.931026845280453,8.191616470761272e-28,1.0844881045640847e-23,0.6929122
Prom2,B3gnt8,10.903682832004499,1.1068462157353944e-27,1.4653537050120887e-23,1.0642285
Prom2,Tnfrsf13b,10.895356324775097,1.2129085498530996e-27,1.6057696291505184e-23,0.4344303
Prom2,Kdm5b,10.841000934340544,2.2005016652806525e-27,2.913244154665056e-23,0.64662635
Prom2,Ube2h,10.745400474454984,6.229100330135512e-27,8.246705927066405e-23,0.76592445
Prom2,Orai1,10.74281466468004,6.406100912845942e-27,8.481036998516742e-23,0.28115135
Prom2,C4a,10.660884146562799,1.5511573718516232e-26,2.0535772445943639e-22,1.2721899
Prom2,Atp13a2,10.558463886395288,4.641957264089268e-26,6.145487221927781e-22,1.0820742
Prom2,Glmp,10.537987579740166,5.772080536889969e-26,7.64165742278863e-22,0.3345844
Prom2,Crlf2,10.523610182115,6.724649248925547e-26,8.902763140652531e-22,0.36729813
Prom2,Stab1,10.522139446513627,6.83046998155682e-26,9.042859208583074e-22,0.77655375
Prom2,Dynlt2b,10.473697727181507,1.1409712317492352e-25,1.5105318137128124e-21,0.27466583
Prom2,Ano10,10.397887457736662,2.5349069137645124e-25,3.355963263132838e-21,0.72491765
Prom2,Sun2,10.362637715942197,3.667073916050393e-25,4.854839157459115e-21,0.29779494
Prom2,Igfbp4,10.349654988713786,4.199965612305825e-25,5.5603344741316814e-21,0.57301533
Prom2,Myo1g,10.313194277209034,6.142509153769387e-25,8.132067868675291e-21,0.48508155
Prom2,AC149090.1,10.30934229203644,6.393737660858653e-25,8.46466928921077e-21,0.62875634
Prom2,Spns3,10.298900798717929,7.127100732009338e-25,9.435568659107163e-21,0.36907023
Prom2,Acap1,10.279225509231388,8.742730386155015e-25,1.1574500758230624e-20,0.45340276
Prom2,Tst,10.269639819909269,9.656450468587523e-25,1.2784174775363021e-20,0.26274312
Prom2,Ccn6,10.269385462365108,9.681942781771871e-25,1.281792404878778e-20,1.940949
Prom2,Pdcd4,10.254998327539424,1.1237794805872179e-24,1.4877716543494178e-20,0.5273668
Prom2,Car9,10.241911278879433,1.2866903631920146e-24,1.7034493718299082e-20,0.9187118
Prom2,Lxn,10.229120615555649,1.4684672864335572e-24,1.9441038405093865e-20,0.8919022
Prom2,Txnip,10.195546709045095,2.0757333167337875e-24,2.7480633380238615e-20,0.336501
Prom2,Flt3l,10.180229344758834,2.429880090223595e-24,3.2169182514470176e-20,0.9090655
Prom2,Ass1,10.173824398340273,2.5951465033877505e-24,3.435714455835043e-20,0.29869443
Prom2,Bcl2,10.164736695443425,2.8489072851985704e-24,3.7716683548743874e-20,0.7615777
Prom2,Aga,10.161172308799554,2.955017138459393e-24,3.9121471896063904e-20,0.46890536
Prom2,Fcgr2b,10.127727826477622,4.162084354771933e-24,5.510183477282561e-20,0.31501144
Prom2,Il3ra,10.11047717990852,4.964189484362131e-24,6.572090458347025e-20,0.5427382
Prom2,Tprg1l,10.073444255362775,7.239742587406055e-24,9.584695211466875e-20,0.33007026
Prom2,Sfxn3,10.072818786407154,7.285943965049101e-24,9.645861215328505e-20,1.215193
Prom2,Tcn2,10.05928616054301,8.360232172926477e-24,1.1068111373737362e-19,0.5137483
Prom2,Zmat3,10.049848891961508,9.20083964789911e-24,1.218099160985363e-19,1.5152373
Prom2,Maf1,10.044556076225804,9.70838143134981e-24,1.2852926176964014e-19,0.29185706
Prom2,Smpd1,10.026781729457474,1.1624379945762135e-23,1.538951661019449e-19,0.563712
Prom2,Fcgr3,9.982757270285154,1.8135579081796303e-23,2.4009693146390125e-19,0.35324293
Prom2,Tcf7,9.962036775489908,2.2343750493127583e-23,2.9580891277851606e-19,0.66624427
Prom2,Itga1,9.947386276053626,2.5889346877402997e-23,3.4274906330993827e-19,1.1767457
Prom2,Cela1,9.939671868637376,2.797470947877211e-23,3.7035717878946397e-19,0.40204775
Prom2,Csf2rb2,9.939221935957741,2.8101342338820364e-23,3.720336712236428e-19,0.7502601
Prom2,Fam20a,9.926840005872204,3.1817928049460836e-23,4.21237549446812e-19,1.6731005
Prom2,Snhg11,9.918348389428948,3.4644119315330075e-23,4.586534956156548e-19,1.0856123
Prom2,Slc50a1,9.895324424952047,4.361938145776156e-23,5.774769911193053e-19,0.35882336
Prom2,Smim24,9.87430043035416,5.380709100750998e-23,7.123520778484247e-19,0.7460203
Prom2,Lgals9,9.872435196835252,5.481734305516237e-23,7.257268047072947e-19,0.38195094
Prom2,Surf1,9.800744391733335,1.1175896627206688e-22,1.4795769544758934e-18,0.48481303
Prom2,Rapgef3,9.775814860565013,1.4300190883328517e-22,1.8932022710438624e-18,0.52511203
Prom2,Ptprn,9.721675820844832,2.437365634870632e-22,3.22682836400523e-18,0.66890615
Prom2,Lamp2,9.71147870420631,2.694000295212544e-22,3.5665869908318864e-18,0.32776967
Prom2,Klrb1f,9.710793614080101,2.7121707132464287e-22,3.590642807266947e-18,0.9967427
Prom2,Anxa6,9.698058769181428,3.072892975374504e-22,4.068203010098306e-18,0.61076474
Prom2,Gsta4,9.627900561800262,6.096223866912423e-22,8.070790777405357e-18,0.8002074
Prom2,Oit3,9.606488017579016,7.506571929112994e-22,9.937950576952693e-18,1.4392929
Prom2,Arid5a,9.593895980119308,8.48202725305e-22,1.1229355880312895e-17,0.6328913
Prom2,Slc2a6,9.559753026605266,1.1803804676476092e-21,1.5627057011186698e-17,1.1479597
Prom2,Jup,9.553303637287033,1.2562504190874248e-21,1.6631499298298416e-17,1.5263162
Prom2,Rbm47,9.547738071422422,1.3255879545854825e-21,1.75494589307572e-17,1.1584942
Prom2,Tmem156,9.545801815575897,1.3505874998795217e-21,1.7880427910904987e-17,0.7049409
Prom2,Ly96,9.534461292393555,1.5066576058852101e-21,1.9946640044314296e-17,1.4232788
Prom2,mt-Co3,9.533164576107483,1.5256026524199317e-21,2.0197453515387476e-17,0.31508303
Prom2,Saraf,9.530697266521742,1.5623032548047296e-21,2.0683332790359816e-17,0.3660576
Prom2,Eml5,9.527303264185875,1.6142191769611264e-21,2.137064768378835e-17,0.9408171
Prom2,Snx20,9.512423639666745,1.8627122590179265e-21,2.4660447597138328e-17,0.4145491
Prom2,Gm6566,9.505848720397385,1.9842328257315632e-21,2.6269258379860165e-17,0.46560782
Prom2,Ube2r2,9.473310676561399,2.7111185441569394e-21,3.589249840609372e-17,0.33719045
Prom2,Tap2,9.470473158864417,2.785789165923719e-21,3.688106276766412e-17,0.3079307
Prom2,Col18a1,9.469479484968389,2.812416207000622e-21,3.723357816448124e-17,0.8718462
Prom2,Dyrk1b,9.448763798155495,3.428558040673074e-21,4.539067990047082e-17,1.2361526
Prom2,Chdh,9.447836111348874,3.459074056411108e-21,4.579468143282666e-17,0.86383414
Prom2,Grk3,9.427094703063645,4.21604821405929e-21,5.581626230593094e-17,1.4695587
Prom2,Acads,9.361553757237983,7.85726038578707e-21,1.0402227024743502e-16,0.3296587
Prom2,Flnb,9.35335410966122,8.49113882583e-21,1.1241418691516337e-16,0.8083048
Prom2,Trp53inp1,9.346981132972523,9.018502944680561e-21,1.1939596048462594e-16,0.5619482
Prom2,Papss2,9.337785256746058,9.837018872584362e-21,1.3023229285414437e-16,0.51952374
Prom2,Exoc3l,9.31474027582049,1.2225127054564221e-20,1.6184845707537574e-16,1.317168
Prom2,Gda,9.307648860481438,1.3069325813185016e-20,1.730248044407564e-16,0.34505892
Prom2,Cd84,9.303225633773003,1.362481750223171e-20,1.8037895891204561e-16,0.38318458
Prom2,Rab11bos1,9.289610626077389,1.5485377803402262e-20,2.0501091673924255e-16,0.8534908
Prom2,F2rl2,9.287281464718419,1.5827924564713832e-20,2.0954589331224641e-16,1.0275211
Prom2,Nenf,9.267679174569667,1.902401338563286e-20,2.5185891321239343e-16,0.3745216
Prom2,Rhod,9.249870852447657,2.2476408121669134e-20,2.9756516712277766e-16,1.9157844
Prom2,Klhl24,9.21873813282976,3.006169790235189e-20,3.979868185292367e-16,0.61486065
Prom2,Ica1l,9.211406513686171,3.218791775514967e-20,4.261358431604265e-16,1.2286882
Prom2,Gm13056,9.188520030111597,3.9828313507134436e-20,5.272870425209528e-16,1.0038042
Prom2,Fnbp1l,9.170043069463576,4.728300881504422e-20,6.259797537023704e-16,0.7445053
Prom2,Arl8a,9.164639168936057,4.971300763925233e-20,6.581505081360616e-16,0.5285883
Prom2,Anxa4,9.146014866997467,5.9072563765422e-20,7.820616716904219e-16,0.41355777
Prom2,Fes,9.117117483955035,7.714893665412543e-20,1.0213747723639665e-15,0.4124244
Prom2,Ctsa,9.069878110187846,1.1915023092164467e-19,1.5774299071716537e-15,0.41257435
Prom2,Osbpl5,9.05570146900574,1.3569278144704824e-19,1.7964367335774714e-15,0.83761907
Prom2,Abca1,9.039965370121225,1.567214581992718e-19,2.0748353851001594e-15,1.1978283
Prom2,Crebrf,9.023579067649493,1.8204242187587682e-19,2.4100596232147333e-15,0.81308055
Prom2,Sod3,9.017111530005007,1.9311377736997528e-19,2.5566332986011028e-15,1.1100974
Prom2,Cyth1,9.011579286282169,2.03110172776845e-19,2.688975577392651e-15,0.69299734
Prom2,Noxred1,8.977933547050077,2.758996355291742e-19,3.652635274770737e-15,0.9442909
Prom2,Tgif1,8.958691746296378,3.285532318195613e-19,4.349716236059172e-15,0.6464206
Prom2,Capn2,8.953739473735526,3.436392567552084e-19,4.549440120182204e-15,0.7497847
Prom2,Evi2a,8.948281414817883,3.610595840400785e-19,4.7800678331066e-15,0.48171854
Prom2,Plekha4,8.930103360728125,4.256109510570505e-19,5.634663381044291e-15,2.0226383
Prom2,Klhdc2,8.908097592101617,5.191568941221659e-19,6.873118121283354e-15,0.3559978
Prom2,Ttc12,8.902688831405865,5.450983326193488e-19,7.21655682554756e-15,1.0494099
Prom2,Tmem191,8.885946975678195,6.337858175973933e-19,8.39069043917189e-15,0.8223753
Prom2,Niban2,8.880448827192359,6.65911229732478e-19,8.815998770428277e-15,0.9454422
Prom2,Dock10,8.857253127633909,8.201017014473315e-19,1.0857326425461222e-14,0.78688693
Prom2,Gstp3,8.851911079193954,8.603323628541399e-19,1.1389940151825958e-14,0.5620943
Prom2,Epb41l4aos,8.84544735243056,9.116235526784872e-19,1.2068984213910492e-14,0.49808472
Prom2,Fbxo9,8.841808589283817,9.418147047115788e-19,1.2468684875676592e-14,0.29743072
Prom2,Gm32846,8.829349200579573,1.0528653100316834e-18,1.3938883839509457e-14,0.3788182
Prom2,Ampd2,8.818373014639022,1.1613481177883764e-18,1.5375087731400316e-14,0.49780196
Prom2,Chpf2,8.817058140665381,1.1750623298181368e-18,1.5556650184462314e-14,0.53149986
Prom2,Ccn3,8.798544706629311,1.3860178588674171e-18,1.8349490433545735e-14,0.42600638
Prom2,Krcc1,8.789001351247041,1.5089525271252703e-18,1.9977022506611453e-14,0.30159795
Prom2,Fam234a,8.773073207178461,1.7385492686714508e-18,2.3016653767941336e-14,1.0367568
Prom2,Tmem179b,8.759363197943829,1.9635648485389545e-18,2.599563502980722e-14,0.2500344
Prom2,Zbp1,8.748873608727749,2.1549285484293623e-18,2.852909905265633e-14,1.4957819
Prom2,Akap13,8.738450954306593,2.363284623324085e-18,3.1287525128187564e-14,0.28595868
Prom2,Hcfc1r1,8.733451475733577,2.470167172956293e-18,3.2702543202768364e-14,0.27614367
Prom2,Gm36738,8.715144922104027,2.9038695508026487e-18,3.8444328983076265e-14,0.99986243
Prom2,Itga4,8.708272779784421,3.085400840297625e-18,4.084762172470026e-14,0.48654896
Prom2,Anxa7,8.707389343863818,3.109535412289047e-18,4.1167139323294694e-14,0.43319547
Prom2,Snap23,8.70175072632325,3.2680281131202033e-18,4.326542418959837e-14,0.42553592
Prom2,Cmas,8.696218979879525,3.4312597648650064e-18,4.5426448027047817e-14,0.39931893
Prom2,Cttn,8.685742811142909,3.7627537618353406e-18,4.981509705293807e-14,1.3891206
Prom2,Snx14,8.672745776695086,4.21823015110562e-18,5.58451489704873e-14,0.43674102
Prom2,Wbp2,8.660494704539623,4.697212619752611e-18,6.218639787290482e-14,0.3029375
Prom2,Itgb3,8.641960735758973,5.525642052565581e-18,7.315397513391573e-14,0.94619656
Prom2,Cir1,8.630976604060955,6.083032705772092e-18,8.053326999171672e-14,0.54454875
Prom2,Pabpc1l,8.629035158377222,6.1871672751686764e-18,8.191190755595811e-14,1.0800915
Prom2,Fn3k,8.619240613129332,6.7399594342101384e-18,8.923032294950802e-14,1.4715734
Prom2,Bri3,8.616124501666764,6.9258446811648586e-18,9.169125773394156e-14,0.3523267
Prom2,Rita1,8.603969519399133,7.700543915611216e-18,1.0194750089877689e-13,0.49762118
Prom2,Trp53cor1,8.589005085853453,8.772563632596872e-18,1.1613996993195e-13,1.0327463
Prom2,Gpr18,8.570918953167565,1.0266248173326151e-17,1.3591485956666493e-13,1.1907454
Prom2,Borcs8,8.566392891637882,1.0677712415388225e-17,1.413622346673247e-13,0.33125028
Prom2,0610009L18Rik,8.56628497992774,1.0687718737357135e-17,1.4149470836387111e-13,0.99330425
Prom2,Dbp,8.557478127551313,1.1536325759020868e-17,1.5272941672367727e-13,0.8985183
Prom2,Ddx17,8.552085209182412,1.2088448167760432e-17,1.6003896529298036e-13,0.34706473
Prom2,Uqcc3,8.521347657995536,1.5770735580378596e-17,2.0878876834863222e-13,0.25664544
Prom2,Fam204a,8.488736941287268,2.0889497148943986e-17,2.765560527548694e-13,0.29863963
Prom2,Morrbid,8.479267442889746,2.2661622455386657e-17,3.0001721968686396e-13,0.35777432
Prom2,Mpnd,8.474762882011811,2.355588339325098e-17,3.1185634024324974e-13,0.32816112
Prom2,Nop53,8.468582758983336,2.4839672125060076e-17,3.2885241926367037e-13,0.2671662
Prom2,Rnf217,8.460609519855822,2.6598361921899244e-17,3.521357134840241e-13,0.5632322
Prom2,Nedd4,8.460419943997886,2.6641638849084795e-17,3.527086567230336e-13,0.25327188
Prom2,Htatip2,8.43026468062621,3.448842552123111e-17,4.565922654755787e-13,0.26663733
Prom2,Renbp,8.391655322178135,4.7934450627011876e-17,6.346041918510102e-13,0.84268117
Prom2,Prr7,8.380629196360465,5.264550969533991e-17,6.969739028566051e-13,0.88014007
Prom2,Tspan31,8.374978829821423,5.5233799771479315e-17,7.312402751746147e-13,0.4500786
Prom2,Appl2,8.372023515568129,5.663713855254798e-17,7.498190772971827e-13,0.7357204
Prom2,Stk24,8.35459089043268,6.565987490991487e-17,8.69271083932363e-13,0.30104846
Prom2,Abcg1,8.350946111431682,6.77183141072934e-17,8.965227604664573e-13,0.59063435
Prom2,Igbp1,8.31988884853542,8.804584082613543e-17,1.165638886697207e-12,0.33187973
Prom2,Kctd15,8.317657931840634,8.971850288051927e-17,1.1877832596351945e-12,1.4806905
Prom2,Tuba1a,8.30467965364002,1.0008911925500567e-16,1.32507984981702e-12,0.5283271
Prom2,Cd74,8.269633457282191,1.3437148494118305e-16,1.7789440891363224e-12,1.743372
Prom2,Dennd1c,8.267479009060917,1.368213222699446e-16,1.8113774855317965e-12,0.5993166
Prom2,Cngb1,8.257284450284544,1.4902398904805132e-16,1.9729285910071514e-12,0.71840835
Prom2,Fndc3a,8.237665081241373,1.7560393396232489e-16,2.3248204817272193e-12,0.4401754
Prom2,Snhg20,8.19637358137522,2.477475727066596e-16,3.2799301150634664e-12,0.55827725
Prom2,Snx1,8.174264665841442,2.976757348674846e-16,3.9409290539106285e-12,0.43094915
Prom2,Mettl27,8.149173309569731,3.6642050022605377e-16,4.851041002492726e-12,1.0343349
Prom2,Xdh,8.132032724694538,4.2215081239538173e-16,5.5888546053024585e-12,1.0618906
Prom2,Snapin,8.128686642805276,4.339665365003653e-16,5.745282976728336e-12,0.4049582
Prom2,Ric8a,8.123849487308213,4.516257728892788e-16,5.979073607281162e-12,0.36293343
Prom2,Gm5617,8.117745089322279,4.749250206357168e-16,6.287532348196255e-12,0.46032214
Prom2,Ccng2,8.113962941949804,4.899508764654061e-16,6.486459653525512e-12,0.59162974
Prom2,Cndp2,8.104255531842531,5.306946286634389e-16,7.025866188875268e-12,0.3839721
Prom2,Trim12a,8.090455607485014,5.944196203462809e-16,7.869521353764413e-12,0.50907505
Prom2,Matk,8.082339458394763,6.3535951573727465e-16,8.41152462884578e-12,1.0125184
Prom2,Camk1,8.050935382450875,8.216364376586155e-16,1.087764479816241e-11,0.4898957
Prom2,Stk17b,8.033239908452282,9.49317789064036e-16,1.2568018209418774e-11,0.3620441
Prom2,Samd11,8.031677531729956,9.614881450744457e-16,1.2729141552640586e-11,0.9575834
Prom2,Pbx4,8.029249303533913,9.807089088813198e-16,1.2983605244679793e-11,0.78729177
Prom2,Def8,8.022353548407658,1.037380465573298e-15,1.3733879983724892e-11,0.4554776
Prom2,Slc66a3,8.010061462226721,1.1465113065588788e-15,1.5178663187532996e-11,0.49084175
Prom2,Klc3,8.00010073246529,1.2431746694271566e-15,1.6458389448546126e-11,0.8737304
Prom2,Selenop,7.967754074827023,1.6158401047299268e-15,2.1392107146519502e-11,0.30048454
Prom2,Eva1b,7.963926566144278,1.6666418787763192e-15,2.206467183311969e-11,0.7230239
Prom2,2610035D17Rik,7.957316049707922,1.7581122017880884e-15,2.3275647439472504e-11,1.5449924
Prom2,Apobr,7.94890994887181,1.881597593612292e-15,2.4910470541833132e-11,0.3159747
Prom2,Rara,7.937736426937568,2.0590430504559713e-15,2.7259670944986604e-11,0.8012612
Prom2,Pcnx2,7.886346143957152,3.1116276526498406e-15,4.119483849343124e-11,1.290072
Prom2,Dmwd,7.873751389263207,3.4416251153451814e-15,4.556367490205486e-11,0.7604151
Prom2,Gmpr,7.86625156240234,3.654253543236304e-15,4.8378662658905433e-11,0.68184614
Prom2,Trps1,7.829404564470495,4.901859167490616e-15,6.489571351840826e-11,0.9191015
Prom2,Traf3ip3,7.826516635788966,5.015729678688024e-15,6.640324521615075e-11,0.5381403
Prom2,Il16,7.811853749589706,5.635292897609282e-15,7.460564267144928e-11,0.35319573
Prom2,Tfr2,7.794519151344673,6.46542078575229e-15,8.559570578257456e-11,0.83896446
Prom2,Il18rap,7.793284193808796,6.528954696033665e-15,8.643683122078969e-11,0.41539747
Prom2,Amdhd2,7.7883372630517345,6.789674776876761e-15,8.988850437107144e-11,0.3447182
Prom2,Aox1,7.762017484854804,8.358887816813406e-15,1.1066331580679268e-10,1.1158237
Prom2,Pla2g3,7.74282963799317,9.722828096414741e-15,1.2872052116843476e-10,0.65191936
Prom2,Egln3,7.691971355714931,1.4488506026340082e-14,1.9181333128271635e-10,0.5419733
Prom2,Cdkn1a,7.686744201793204,1.509264643633806e-14,1.9981154617067958e-10,0.34533125
Prom2,1700012B07Rik,7.675613662390456,1.646286036352098e-14,2.1795180835265425e-10,1.0255921
Prom2,A430093F15Rik,7.674636506761154,1.6588838134120534e-14,2.1961962805762174e-10,1.2053809
Prom2,C4b,7.646169787362121,2.0705423452642012e-14,2.741191010895276e-10,1.5710554
Prom2,Ebpl,7.644525391913962,2.09717423465341e-14,2.7764489692576495e-10,0.33537924
Prom2,Ggh,7.643757184581791,2.109730976567614e-14,2.793072839877864e-10,0.37010098
Prom2,Cercam,7.635939392851881,2.2417976933005182e-14,2.967915966160556e-10,0.8265052
Prom2,Zbtb4,7.6345396155107,2.2662879821596696e-14,3.0003386595811865e-10,1.0238824
Prom2,Traf1,7.606599492411566,2.8140161970764045e-14,3.725476043309452e-10,0.46652365
Prom2,Mpp1,7.605201253026296,2.844608798730413e-14,3.7659775886391936e-10,0.3678052
Prom2,Lyset,7.604072369825057,2.8695465127436815e-14,3.79899262822136e-10,0.7100413
Prom2,Gm15013,7.587932930620032,3.250490759489425e-14,4.30332471648805e-10,0.3490904
Prom2,Lsm10,7.581334610622036,3.420182388740041e-14,4.52797946445294e-10,0.4219247
Prom2,Dctn2,7.573207370159577,3.641203631088682e-14,4.820589487198306e-10,0.26223427
Prom2,Nudt7,7.568213620579366,3.7839139463484834e-14,5.009523673570758e-10,0.6471257
Prom2,Rnf150,7.555038767591724,4.187351131350407e-14,5.543634162794804e-10,1.4154973
Prom2,Tmem38a,7.527396102403369,5.1762165716224095e-14,6.852793119170908e-10,0.86952496
Prom2,Cmc1,7.5157568582356795,5.6582626733922667e-14,7.490973953304022e-10,0.26409394
Prom2,Slc24a3,7.506556937640615,6.070274171390216e-14,8.036435975503507e-10,0.89824486
Prom2,Hmcn2,7.497754594873135,6.492029667880561e-14,8.594798077307074e-10,2.0905085
Prom2,Slc36a3os,7.497063288174212,6.526347287874027e-14,8.640231174416424e-10,1.0232136
Prom2,Rpl9-ps6,7.494855701615991,6.637133978361833e-14,8.78690167395323e-10,0.32056332
Prom2,Aff3,7.491632953777689,6.80219296409145e-14,9.00542326516067e-10,0.8550925
Prom2,Tnfsf8,7.461430205459073,8.558829660859557e-14,1.1331034588011968e-09,1.9571385
Prom2,Trim45,7.460864412938569,8.595667046887802e-14,1.137980360337476e-09,0.43844855
Prom2,Atp2b1,7.455179255155153,8.974572818604804e-14,1.18814369545509e-09,0.33518726
Prom2,D730003I15Rik,7.444623059644863,9.722161023665675e-14,1.2871168979230986e-09,0.8115065
Prom2,Socs1,7.441148769034439,9.981346066569771e-14,1.321430405753172e-09,0.47435242
Prom2,Commd4,7.439830640093057,1.0081446460854114e-13,1.3346826969524762e-09,0.26671934
Prom2,AB124611,7.437006571449845,1.0299242919897553e-13,1.3635167701652371e-09,0.28000438
Prom2,Irf7,7.434881774441161,1.0466152722701597e-13,1.3856139589584644e-09,0.79786587
Prom2,Iffo1,7.420483462638369,1.1669357888570064e-13,1.5449062908677908e-09,0.6450261
Prom2,Wdr45,7.40296495779099,1.3317690262939113e-13,1.7631290139105092e-09,0.5478065
Prom2,Spsb2,7.402722949683888,1.334199245916452e-13,1.7663463816687906e-09,0.5440601
Prom2,Ccdc102a,7.3732675702650115,1.6649584554058697e-13,2.204238499111831e-09,0.9521885
Prom2,Clec18a,7.370552272116498,1.699226218593811e-13,2.2496055907963463e-09,0.6619444
Prom2,Rpl35rt,7.3596085573641705,1.8445030463824056e-13,2.441937583105667e-09,0.30893323
Prom2,Ptov1,7.343856127481606,2.075261999627163e-13,2.747439361306401e-09,0.34218273
Prom2,Rsph9,7.3365966427446745,2.1909362585150197e-13,2.9005805126480346e-09,1.0230012
Prom2,Haao,7.325188362237508,2.3856339122035934e-13,3.1583407363663375e-09,0.73713017
Prom2,Phlda3,7.315607435049267,2.5621968954386067e-13,3.3920924698711712e-09,0.5903208
Prom2,Sprn,7.314223894508548,2.58873201907408e-13,3.427222320052174e-09,2.4683585
Prom2,Nt5c3b,7.312298166309235,2.6261156786070196e-13,3.4767145469078333e-09,0.41682792
Prom2,Frat2,7.311574737656079,2.640296001759653e-13,3.495487876729605e-09,0.33033425
Prom2,Pik3cd,7.301818673690147,2.8390371613044664e-13,3.758601297850983e-09,0.29454255
Prom2,Gm47730,7.286305569086895,3.185699863007936e-13,4.217548048636207e-09,1.0575182
Prom2,Gm43569,7.2822344684497295,3.2833576447626814e-13,4.346837185901314e-09,1.668941
Prom2,mt-Nd4,7.281172473629173,3.3093126280838575e-13,4.381198988320219e-09,0.2580707
Prom2,Mdp1,7.2789726811095665,3.363717843538632e-13,4.453226053060795e-09,0.4020326
Prom2,Ccnd2,7.276757195087124,3.4193988036045e-13,4.5269420760919974e-09,0.70935273
Prom2,Stk19,7.276644949798447,3.4222437860855915e-13,4.530708548398715e-09,0.48138845
Prom2,a,7.272786057794058,3.5214781472933336e-13,4.662084919201644e-09,0.6634238
Prom2,BC028528,7.266019133137477,3.702361696024401e-13,4.901556649366705e-09,0.28558573
Prom2,Cdc42ep2,7.2525223893116575,4.090805951355815e-13,5.415817998999964e-09,0.518466
Prom2,Wbp1,7.251562455105576,4.119909690480614e-13,5.454348439227285e-09,0.29398137
Prom2,Gnat2,7.2452237292260495,4.317259475394799e-13,5.715619819475174e-09,0.99911
Prom2,Qrfp,7.2386236147674685,4.5326097715340295e-13,6.000722076533902e-09,0.77493477
Prom2,Rida,7.235429964361503,4.640565681539822e-13,6.143644905790571e-09,0.26751506
Prom2,Gns,7.23283641042109,4.730090587887024e-13,6.262166929303631e-09,0.70632577
Prom2,Nt5e,7.228058752325922,4.899467757561513e-13,6.486405364235688e-09,0.51333416
Prom2,Rasgrp4,7.205756733284376,5.772237532851873e-13,7.641865269742593e-09,0.55933833
Prom2,Isoc2b,7.187953448637616,6.576967638668414e-13,8.707247456833114e-09,0.8404548
Prom2,Fndc3b,7.176238795963924,7.165535445092535e-13,9.486452375758006e-09,0.5412524
Prom2,Satb1,7.172170023587652,7.381818186333687e-13,9.772789096887169e-09,0.90608835
Prom2,D930028M14Rik,7.137619448390886,9.49610928248411e-13,1.2571899079080712e-08,1.4262242
Prom2,Gm43101,7.120954444138115,1.071822172522307e-12,1.4189853742022821e-08,1.3939018
Prom2,Sla2,7.111809539867318,1.1453124578942918e-12,1.5162791630062527e-08,0.8545692
Prom2,Adgrb2,7.107058236079675,1.1854242485815994e-12,1.5693831626971793e-08,1.432127
Prom2,Zfp750,7.100399033850331,1.243971877168394e-12,1.6468943681832368e-08,1.3448787
Prom2,Por,7.099938564989411,1.2481235928413199e-12,1.6523908245626234e-08,0.25756222
Prom2,2900093K20Rik,7.099746181823847,1.2498621972618013e-12,1.6546925629548988e-08,1.013932
Prom2,Il17rb,7.097594168767328,1.2694730647182393e-12,1.680655390380477e-08,1.1538336
Prom2,Paxx,7.062131447491805,1.6396776388582051e-12,2.170769226084378e-08,0.28271663
Prom2,Tonsl,7.061219926495964,1.6504713002122226e-12,2.1850589543509616e-08,0.53226507
Prom2,Arap3,7.059718461977847,1.6684028677237975e-12,2.2087985565795355e-08,0.36420274
Prom2,Dtx3,7.056000879390719,1.7136274105191451e-12,2.2686713287862964e-08,0.96949124
Prom2,Vmac,7.041493345493294,1.9019030075620257e-12,2.5179293917113658e-08,0.7878561
Prom2,Inpp4b,7.039307938222314,1.9319697913697664e-12,2.5577348067944337e-08,1.405971
Prom2,Prmt2,6.998646467384516,2.5844708819219317e-12,3.4215810005764455e-08,1.0041275
Prom2,Krt8,6.993113997016507,2.6885087793028945e-12,3.559316772919102e-08,1.32829
Prom2,Gm15738,6.96430080965119,3.3003873933475065e-12,4.369382870052764e-08,2.2819633
Prom2,Sv2c,6.949607351898313,3.663042918076785e-12,4.849502519241855e-08,1.2755756
Prom2,Amn1,6.940558676229913,3.905523171457449e-12,5.170522126692516e-08,0.668237
Prom2,Zeb2,6.939356352759804,3.938904054173791e-12,5.214715077320681e-08,0.5042058
Prom2,Ubald1,6.9325150468083745,4.13423558117724e-12,5.4733144859205476e-08,0.34700644
Prom2,Rxra,6.929161298279116,4.23342899350726e-12,5.6046366445042614e-08,0.6842365
Prom2,Rgs2,6.9269894004393135,4.298907788085921e-12,5.691324020646951e-08,0.4747107
Prom2,Nisch,6.894444303883734,5.407576664978188e-12,7.159090746764623e-08,0.3212869
Prom2,Tpgs1,6.854432430331943,7.159620201083929e-12,9.478621184215013e-08,0.41809285
Prom2,Serhl,6.829654210261343,8.511955307669203e-12,1.1268977631823257e-07,0.2551256
Prom2,Gm5914,6.8167333679847015,9.313388473124572e-12,1.232999499956962e-07,0.85920763
Prom2,Tspan13,6.815571182486323,9.3889969711741e-12,1.243009309013739e-07,0.8401959
Prom2,Slfn4,6.813078294559721,9.553211316036839e-12,1.2647496461301172e-07,0.5166881
Prom2,Yipf3,6.811958543163249,9.627885558921793e-12,1.2746357691456562e-07,0.27774075
Prom2,Bcas1os2,6.806394005621827,1.000753997328265e-11,1.32489821706289e-07,1.0757523
Prom2,Yipf2,6.804123267936538,1.0166646139527136e-11,1.3459622824119975e-07,0.5279205
Prom2,Tspan17,6.7634604294659,1.3473418553175288e-11,1.7837458822548763e-07,0.6389346
Prom2,Gm16201,6.756131473891914,1.4172482454395429e-11,1.8762949521374108e-07,0.8029165
Prom2,Cfap410,6.753368054059662,1.4445187490778319e-11,1.9123983719041417e-07,0.66491246
Prom2,Pnisr,6.742672035414156,1.5549994968100233e-11,2.05866383382679e-07,0.346403
Prom2,Slc25a23,6.728876678925822,1.7097788291516013e-11,2.263576191913805e-07,0.89910626
Prom2,Kctd10,6.705061069372799,2.013221543030119e-11,2.665304000817575e-07,0.5114124
Prom2,Gpt,6.698136953333716,2.1109339097421176e-11,2.7946654031075897e-07,0.3515678
Prom2,Kcnip2,6.697564023368115,2.119223933990918e-11,2.8056405662105765e-07,1.3068056
Prom2,Mrpl52,6.697458613400717,2.1207526339597776e-11,2.8076644120993494e-07,0.26526445
Prom2,Cfap126,6.685756978484045,2.2973399643223625e-11,3.041448378766376e-07,1.7494798
Prom2,Far2,6.683175707324092,2.33818942537816e-11,3.095528980258146e-07,0.7022219
Prom2,Klhdc9,6.639943160033057,3.138041401241839e-11,4.1544530111040707e-07,1.1972833
Prom2,Tbc1d17,6.6220071627916415,3.543538811201489e-11,4.691291032149651e-07,0.59601545
Prom2,Gm11697,6.613432800049545,3.755085041385526e-11,4.971357086290298e-07,0.9634485
Prom2,Porcn,6.595710058863307,4.232253279729853e-11,5.603080117034352e-07,1.6616693
Prom2,Tmsb15b2,6.574946736487278,4.867058749267417e-11,6.443499078155134e-07,0.56425154
Prom2,Chrnb1,6.560340405218267,5.368508411950291e-11,7.10736828658099e-07,1.0569453
Prom2,Ino80b,6.559036700657196,5.41564740635723e-11,7.169775601276337e-07,0.43440783
Prom2,C030034L19Rik,6.558112398158435,5.449313130247788e-11,7.214345653135047e-07,1.1633749
Prom2,Stn1,6.5449631042844905,5.95100758602102e-11,7.878538943133228e-07,1.0012069
Prom2,Tns1,6.534141789278139,6.397531582784259e-11,8.46969206244808e-07,1.1687527
Prom2,Nectin2,6.528724580504484,6.633209609816903e-11,8.781706202436598e-07,0.7884636
Prom2,Rit1,6.51549117199952,7.245218462450991e-11,9.591944722438868e-07,0.41583872
Prom2,Uba52,6.507151154441511,7.6589338713936e-11,1.0139662552337987e-06,0.37755263
Prom2,Zfp467,6.506489303624578,7.692737751022391e-11,1.0184415508578544e-06,0.4859171
Prom2,Cd244a,6.478385898618228,9.270899863026716e-11,1.227374432866107e-06,0.72699594
Prom2,Gm19391,6.472550927898346,9.636202589779885e-11,1.275736860860959e-06,1.2774615
Prom2,Ttll9,6.470071653391517,9.795645544782677e-11,1.2968455136737788e-06,1.2035213
Prom2,Cep164,6.46376931842064,1.021265218132147e-10,1.3520530222851494e-06,0.8640194
Prom2,Gtf2f2,6.444398227720492,1.1605998184043031e-10,1.5365180995854568e-06,0.3682652
Prom2,Hba-a1,6.430453285519077,1.2722397631853422e-10,1.6843182224810746e-06,1.2736135
Prom2,Gm26782,6.427880145226423,1.293956981882827e-10,1.7130696483146746e-06,0.67345834
Prom2,Jakmip1,6.416500931136044,1.3944209772215664e-10,1.8460739317436318e-06,1.4803338
Prom2,Dbn1,6.4091937682444895,1.4629117042065723e-10,1.936748805199081e-06,1.4940152
Prom2,Ddit4,6.402825034706226,1.5252795373084374e-10,2.01931757944264e-06,0.5790813
Prom2,Spocd1,6.381070082660664,1.758548008434414e-10,2.328141708366321e-06,0.9238324
Prom2,H2bc4,6.366254466686448,1.9369997668602268e-10,2.5643939913462542e-06,0.5830108
Prom2,Tmem150b,6.364682670411869,1.9569389677115112e-10,2.5907914993532695e-06,1.3572583
Prom2,Slc49a3,6.3422000169403505,2.265069691614336e-10,2.9987257647282197e-06,0.9941919
Prom2,Atp6v0d1,6.336096018023048,2.356599594988339e-10,3.1199022038050616e-06,0.29570234
Prom2,Dglucy,6.334070062523246,2.387770001870225e-10,3.161168705475991e-06,0.6527853
Prom2,Zfp658,6.3339976815555765,2.3888910399893835e-10,3.1626528478419448e-06,1.4954519
Prom2,Neurl2,6.326496906608974,2.5078932552596136e-10,3.3201998806382025e-06,1.216538
Prom2,Arhgap17,6.325171139899612,2.5295207482821344e-10,3.348832518650718e-06,0.5766314
Prom2,Nagk,6.302658772077237,2.9258256806471724e-10,3.873500618608791e-06,0.5013621
Prom2,Nit2,6.299068677448936,2.9943930723984923e-10,3.964276988548364e-06,0.38667333
Prom2,Espn,6.295428704630811,3.0655143526882416e-10,4.058434451523963e-06,0.6644697
Prom2,Gas7,6.287463568453156,3.226947056624253e-10,4.272155208264848e-06,0.34942788
Prom2,Pten,6.260801183979006,3.830045753595424e-10,5.070597573184982e-06,0.26058042
Prom2,Abca8b,6.260423536414926,3.839332909439105e-10,5.082892838806431e-06,1.5935149
Prom2,F2r,6.243568426479796,4.276990731587395e-10,5.662308029548552e-06,0.34274077
Prom2,Gata1,6.235844436558273,4.493474756476123e-10,5.948911230098739e-06,0.6168442
Prom2,Dync2li1,6.232429216614903,4.592570737786353e-10,6.080104399755353e-06,0.49012232
Prom2,Ulk1,6.215790727315971,5.106682681092408e-10,6.760737201498239e-06,0.6911957
Prom2,Lypd6b,6.211358608119051,5.252844320302911e-10,6.954240595649024e-06,0.77641344
Prom2,Grhl2,6.211249120345515,5.256506173495296e-10,6.9590885230904224e-06,0.93884325
Prom2,Sh2d3c,6.197045614735636,5.753283171568589e-10,7.6167715908396554e-06,0.5090325
Prom2,Nudt16,6.182615306533889,6.304822677473307e-10,8.346954742706912e-06,0.55106306
Prom2,Tox,6.182194677199058,6.321649780081813e-10,8.369232143850313e-06,0.6740806
Prom2,Ccdc9b,6.144583907974583,8.017340025281174e-10,1.0614156459469746e-05,0.9784951
Prom2,Hgfac,6.137456295600139,8.385327775556388e-10,1.1101335442059101e-05,1.0345736
Prom2,4930486L24Rik,6.1320257297798095,8.676706616237212e-10,1.1487091889236446e-05,0.6786926
Prom2,Col6a3,6.130357550409345,8.768179373281969e-10,1.1608192672287999e-05,1.139267
Prom2,Rnf208,6.106444830410052,1.018748276424008e-09,1.3487208431577443e-05,1.8236346
Prom2,Tmem203,6.083021231550204,1.1793872276484542e-09,1.5613907506837884e-05,0.50078905
Prom2,Zfp358,6.068238027487879,1.2932114628806571e-09,1.712082655707702e-05,0.65546465
Prom2,4833418N02Rik,6.050002544292574,1.4484354654597372e-09,1.917583712722146e-05,0.8052335
Prom2,Ldhd,6.045494532636732,1.489524019705249e-09,1.9719808496877793e-05,1.3376818
Prom2,Ypel2,6.0416684758457,1.5252862446653076e-09,2.0193264593124007e-05,0.66321516
Prom2,Atosb,6.035925294355865,1.5805436652756663e-09,2.0924817584584545e-05,0.67071295
Prom2,Zfp622,6.032558159435136,1.6138423139051327e-09,2.1365658393790052e-05,0.37168133
Prom2,Gm43568,6.028590524174812,1.6539574812815483e-09,2.189674309468642e-05,0.997499
Prom2,Niban1,6.022862349524552,1.713591734742218e-09,2.2686240976252224e-05,0.32695174
Prom2,Rtl8a,6.019807034790798,1.7462512116073261e-09,2.311861979046939e-05,0.61461806
Prom2,Serpina3f,6.010213518738324,1.8527914281976435e-09,2.45291057179086e-05,1.1104765
Prom2,Oxld1,6.009707864775694,1.8585792637020605e-09,2.460573087215158e-05,0.58219385
Prom2,Hk1os,6.002013835532813,1.948850900916016e-09,2.5800837077227135e-05,0.9496379
Prom2,Pcmtd2,5.9983948869535055,1.9927744645291327e-09,2.6382341135901187e-05,0.5921314
Prom2,Abhd14b,5.975158481910149,2.29866608870002e-09,3.0432040348299564e-05,0.511837
Prom2,Cnot10,5.972904735173709,2.3306601097594093e-09,3.085560919310482e-05,0.39141774
Prom2,Ppp2r3d,5.95124716769459,2.6610685701509318e-09,3.5229886800228185e-05,0.609375
Prom2,Nhsl3,5.949798696766884,2.684724749786914e-09,3.5543070962428955e-05,1.0489435
Prom2,Slc26a3,5.911493213632173,3.390202350816377e-09,4.4882888922458017e-05,1.0034289
Prom2,Ankrd13d,5.902927892402741,3.5710638375632835e-09,4.727731414550031e-05,1.0471082
Prom2,Sec31a,5.902283359019249,3.5850472223419416e-09,4.746244017658497e-05,0.33804995
Prom2,Coq8b,5.900223697971446,3.630090569156877e-09,4.805876904506789e-05,0.4623443
Prom2,Klrb1b,5.898777281639697,3.662051473556337e-09,4.8481899458412345e-05,0.67186713
Prom2,Bmx,5.880828523302857,4.082179078469541e-09,5.4043968819858245e-05,1.2569227
Prom2,Gnpda1,5.868852354173491,4.388219882177565e-09,5.8095643020148784e-05,0.5375581
Prom2,Arl5c,5.853286287551518,4.81953446524274e-09,6.380581678534863e-05,1.3739238
Prom2,Catsperd,5.839207433147992,5.244973344848574e-09,6.943820211245027e-05,0.7550769
Prom2,Rps6ka2,5.8378514163801265,5.287828058931894e-09,7.000555567219935e-05,0.80505323
Prom2,F10,5.829815567337114,5.548866954043778e-09,7.346144960458557e-05,0.5577848
Prom2,Il17ra,5.829599788291388,5.5560464444939866e-09,7.355649887865589e-05,0.31167746
Prom2,Oga,5.8136124813037195,6.1138856936598196e-09,8.094173269836235e-05,0.37061477
Prom2,Prps1l1,5.800339869335481,6.618064589309271e-09,8.761655709786545e-05,0.43195176
Prom2,Gm15657,5.800181019454555,6.624337046907921e-09,8.769959816401397e-05,0.6632612
Prom2,Ell2,5.797217397919677,6.742426472243656e-09,8.926298406603377e-05,0.4800601
Prom2,Rtl8b,5.793480710579843,6.894240700813391e-09,9.127285263806848e-05,0.62354374
Prom2,Zfp36,5.771858679227819,7.840185921031933e-09,0.00010379622140854176,0.53857183
Prom2,Nbdy,5.770310410591403,7.912564225800026e-09,0.00010475443778536655,0.4219483
Prom2,Siglecf,5.769293264099041,7.960466855632945e-09,0.00010538862070172456,0.69681096
Prom2,Eef2k,5.74574927718986,9.151482556423418e-09,0.00012115647756448963,0.35755575
Prom2,Vps13c,5.740304489571462,9.450647134071002e-09,0.000125117117407966,0.63402605
Prom2,Acaa1a,5.733065116061662,9.863174510675687e-09,0.00013057856734683543,0.4278623
Prom2,Clybl,5.729578120644799,1.0068071492733065e-08,0.00013329119849229306,0.56522727
Prom2,Pld4,5.727325810595572,1.0202610829904542e-08,0.00013507236477710622,0.447708
Prom2,Hs3st6,5.710838292820446,1.1242102854678234e-08,0.00014883419969308513,1.0293908
Prom2,Nrgn,5.708666899042232,1.1386448767979381e-08,0.00015074519523927902,0.6969948
Prom2,Rab4a,5.707693099449088,1.1451766694702356e-08,0.00015160993927116449,0.6655443
Prom2,2900026A02Rik,5.706148006663832,1.1556152164625626e-08,0.00015299189850747865,1.1228328
Prom2,Cyth4,5.6985794326512895,1.2080984257490746e-08,0.00015994015058491998,0.26699448
Prom2,Dnd1,5.690101972876753,1.2696352843712368e-08,0.00016808701529790805,0.808516
Prom2,Nub1,5.684627902308248,1.3109777859157329e-08,0.00017356034907738387,0.3955208
Prom2,Crtap,5.682422979299952,1.327997249494332e-08,0.0001758135558605546,0.46793032
Prom2,Mrtfa,5.671264366513882,1.4174746419778017e-08,0.00018765946785144117,0.4196992
Prom2,Numbl,5.665544934405881,1.4655801027394185e-08,0.00019402814980167162,0.8256502
Prom2,Klc4,5.660357219944756,1.5105822410024806e-08,0.0001999859828863184,0.53086805
Prom2,Il18r1,5.6521699150137295,1.584348538724247e-08,0.00020975190304170307,0.6411207
Prom2,Tpp1,5.636872272233941,1.731664524857737e-08,0.0002292550664459158,0.33474708
Prom2,Zfp579,5.63594606833939,1.740998634962882e-08,0.00023049080928273596,0.6654053
Prom2,Gm49668,5.631344976256603,1.7880965745138922e-08,0.0002367261054998942,1.1871471
Prom2,Tulp4,5.618693875796574,1.9240641104036747e-08,0.0002547268475763425,0.9810281
Prom2,2310001H17Rik,5.599377927037807,2.1512235469351802e-08,0.0002848004853787485,0.3972895
Prom2,Gab2,5.598189402075362,2.166020405914188e-08,0.00028675944153897935,0.5950844
Prom2,Ang,5.596674125798233,2.1850285761773035e-08,0.0002892759332001132,0.90605783
Prom2,Rnasel,5.588024215864868,2.2966762401183054e-08,0.00030405696742926244,0.38121462
Prom2,Ints6l,5.585743054096718,2.3270307902240296e-08,0.0003080756063177593,0.5851786
Prom2,Iqgap2,5.577148826231522,2.4449268742456356e-08,0.00032368386888137967,0.35555154
Prom2,Lgals7,5.576714808532474,2.45103204096111e-08,0.00032449213190284136,0.928113
Prom2,Top3b,5.574406523273853,2.4837512598161158e-08,0.0003288238292870556,0.2955112
Prom2,Mgat1,5.569482387319603,2.5549721416099024e-08,0.000338252761827735,0.29942465
Prom2,Naprt,5.56930003061689,2.557647382981467e-08,0.0003386069370329164,0.5192635
Prom2,Tes,5.5585269569890485,2.7206094421641337e-08,0.00036018148404810965,0.5516856
Prom2,Itgb4,5.55273018213713,2.8124201107622278e-08,0.00037233629846381136,1.2571397
Prom2,Ccndbp1,5.546257432305007,2.9184903680767985e-08,0.0003863789398296874,0.34219408
Prom2,Foxs1,5.532104264814732,3.164117172869953e-08,0.00041889747251625306,1.6994615
Prom2,Csmd1,5.530315241116788,3.196558162109427e-08,0.0004231923350816671,1.4157658
Prom2,Padi1,5.528962155937657,3.221308196596052e-08,0.0004264689921473513,1.4669824
Prom2,Paqr5,5.514884678345701,3.490087328811411e-08,0.00046205266146134274,1.2534242
Prom2,Borcs6,5.509287303441319,3.6028944517998056e-08,0.0004769871964737763,0.36877215
Prom2,Slc27a1,5.507981007302763,3.629725563710044e-08,0.0004805393673795727,0.86800385
Prom2,Mapre3,5.488622683433226,4.050798759017746e-08,0.0005362852477063594,0.726506
Prom2,Mvp,5.4545154650073835,4.9106561483693645e-08,0.0006501217674826201,0.4390825
Prom2,Cd59a,5.439944064794737,5.329730225403718e-08,0.0007056029845411982,0.76409507
Prom2,Samtor,5.430548973379784,5.618095895344413e-08,0.0007437797155846468,0.58480906
Prom2,Mir142hg,5.427834965543034,5.7041745837349875e-08,0.000755175673140675,0.65451455
Prom2,Man1a,5.422276691109768,5.8844702918348204e-08,0.0007790450219360118,0.55145204
Prom2,Dpp4,5.4026995062340175,6.564537983026401e-08,0.0008690791835728653,1.0990787
Prom2,Cd160,5.394896173724493,6.856318723821095e-08,0.0009077080358466747,0.89621615
Prom2,Nlrx1,5.3918226997582765,6.974656843341482e-08,0.0009233748194899788,0.31492257
Prom2,Adamts13,5.387078836406615,7.16120282430535e-08,0.0009480716419097853,1.0301652
Prom2,Mfge8,5.3817779047495975,7.375372872124397e-08,0.0009764256145405489,0.9206152
Prom2,Entrep3,5.374629296902605,7.674039948370431e-08,0.0010159661487647612,0.69868064
Prom2,Fbxw9,5.3695206195566385,7.894621073622007e-08,0.0010451688839368174,0.79599977
Prom2,Gas6,5.365953887985168,8.05225133475248e-08,0.001066037554207881,1.0664654
Prom2,Gm6093,5.364402232611496,8.121773575585374e-08,0.0010752416036717476,0.40534496
Prom2,Ankrd44,5.356243549562303,8.496995753213274e-08,0.0011249172677679053,0.31646067
Prom2,Acss2,5.33113920320931,9.759856770744814e-08,0.001292107437878906,0.46435285
Prom2,Icam4,5.328935249012949,9.879020643989556e-08,0.0013078835430577773,0.80347586
Prom2,Acvr1b,5.323784358977985,1.0163037841123935e-07,0.0013454845797863978,0.72113323
Prom2,Map1a,5.317321641378309,1.0530582455651446e-07,0.001394143811303695,0.9962263
Prom2,Mrgpre,5.312270992818608,1.0826744001355044e-07,0.0014333526383393943,1.1379981
Prom2,Emc9,5.296184308317191,1.182474906383364e-07,0.0015654785285609356,0.5846603
Prom2,Tnfsf12,5.2961162727769135,1.182915327156827e-07,0.0015660616016229232,0.47574568
Prom2,Gstt3,5.290244725813237,1.2215280313005772e-07,0.0016171809606388343,1.1136923
Prom2,Myadm,5.274877455576978,1.328448269901577e-07,0.0017587326645226978,0.2785144
Prom2,Aatk,5.263841586192358,1.4107602005085298e-07,0.0018677054294532426,0.73304796
Prom2,Trdc,5.262864641033401,1.418279985908656e-07,0.0018776608733444698,1.021265
Prom2,Gm15518,5.261261640896861,1.430702740826143e-07,0.001894107358579731,1.1726556
Prom2,5830428M24Rik,5.258438232950828,1.4528396679078517e-07,0.0019234144363432049,0.5710983
Prom2,Rasgrf2,5.253110250072555,1.4955195246127045e-07,0.0019799182986347595,0.78606915
Prom2,E130215H24Rik,5.252577028081307,1.4998570500832553e-07,0.001985660748605222,1.571135
Prom2,Zrsr2-ps1,5.251547835314366,1.5082635091924132e-07,0.0019967900598198357,0.57844853
Prom2,Naa80,5.248623684563028,1.5323974122059666e-07,0.002028740934019479,0.48221064
Prom2,Arid5b,5.2466990219190555,1.548485582823935e-07,0.0020500400631006076,0.48055863
Prom2,Fam83h,5.245502776129601,1.558567129614198e-07,0.002063387022896237,1.3416495
Prom2,Spef1l,5.241268783269016,1.5947621791470176e-07,0.0021113056489727366,0.8213644
Prom2,Pde1b,5.2393520708711465,1.6114135590221274e-07,0.0021333504107893943,0.8935056
Prom2,Mapt,5.23615285859637,1.6395817889827757e-07,0.0021706423304342966,0.86808157
Prom2,Usp40,5.22792652895515,1.7142159949787304e-07,0.002269450555752341,0.84525824
Prom2,Tktl1,5.215340629977295,1.8347975208789785e-07,0.0024290884378916798,1.9395194
Prom2,Mgarp,5.213120861021448,1.856898273380889e-07,0.002458347624128959,1.1935678
Prom2,Isg20,5.196026428821499,2.0359332714264623e-07,0.0026953720580414936,0.61452484
Prom2,Rn18s-rs5,5.19360173841258,2.062641396582932e-07,0.002730730944936144,0.2588408
Prom2,E230032D23Rik,5.19106798795847,2.0909125274946766e-07,0.0027681590951502025,0.5252106
Prom2,Gramd1a,5.189986079912015,2.1030980225017047e-07,0.002784291471990007,0.5184026
Prom2,Scnn1a,5.189263407374231,2.1112756599779618e-07,0.0027951178462448235,0.27141097
Prom2,Tcp11l1,5.183190084271191,2.18122533727233e-07,0.002887724224014838,0.25386184
Prom2,Gm16174,5.168880299223176,2.355006662867932e-07,0.003117793320970855,1.3945212
Prom2,Sfi1,5.163656902331578,2.421714057556511e-07,0.003206107240799065,0.64597034
Prom2,Tbc1d9b,5.1627505167256995,2.4334737578117516e-07,0.003221675907966978,0.31038582
Prom2,Mylk3,5.1614380128588335,2.450600381637166e-07,0.0032443498452494443,0.92331505
Prom2,Myo1e,5.159315895633787,2.4785381152375503e-07,0.003281336610762993,1.0994186
Prom2,I730030J21Rik,5.148484291338194,2.62599773218569e-07,0.003476558397640635,1.2279243
Prom2,Necab3,5.147037450348672,2.6463250987057666e-07,0.0035034697981765643,0.7580025
Prom2,Ccdc63,5.144977856626991,2.67552368104458e-07,0.0035421258013349196,1.3688397
Prom2,Tifab,5.141456541283394,2.726167159614659e-07,0.0036091727026138468,0.59187245
Prom2,Inpp5d,5.129673307451392,2.902454485928494e-07,0.0038425594939207335,0.38206375
Prom2,Phyhd1,5.118285963635804,3.0832487353704297e-07,0.004081913000756912,1.2277136
Prom2,Acyp1,5.115501037099501,3.129092279466853e-07,0.004142605268786167,0.25010592
Prom2,P4ha1,5.112141477126032,3.1852712336794944e-07,0.0042169805862682826,0.55387425
Prom2,Slc25a45,5.109644988565891,3.227647191621213e-07,0.004273082116987324,0.69382167
Prom2,Angptl8,5.1052959383038585,3.302772259153733e-07,0.004372540193893627,0.6526985
Prom2,Aplp1,5.102330682206361,3.354958648719045e-07,0.004441629755039144,0.980237
Prom2,Gab3,5.09181369215568,3.546545076740084e-07,0.004695271027096198,0.73520184
Prom2,Pttg1ip,5.091346212664588,3.555301710164818e-07,0.004706863934087203,0.28756124
Prom2,Itgal,5.086124671273327,3.654538719671639e-07,0.004838243810973283,0.28978086
Prom2,5033406O09Rik,5.077313863816165,3.828082225663564e-07,0.005067998058555992,0.7047794
Prom2,9330159M07Rik,5.064236291379785,4.1004080366658193e-07,0.005428530199741878,0.6632712
Prom2,Atp6v0a1,5.063084356479556,4.125272031665501e-07,0.005461447642721957,0.4794829
Prom2,Pafah2,5.062741386061509,4.1327029538524483e-07,0.0054712854406052565,0.7043779
Prom2,Nrbp2,5.052240308183202,4.3665783075870346e-07,0.005780913021414475,0.9060476
Prom2,Catsperg1,5.048481648966812,4.4533523927611943e-07,0.005895793232776545,1.8227715
Prom2,4930444F02Rik,5.0411774957824145,4.6267607150299744e-07,0.006125368510628183,0.5780765
Prom2,Lhfpl2,5.035397206372495,4.768589739790741e-07,0.006313135956508962,0.57869864
Prom2,Rnf114,5.028445933105741,4.944708892023522e-07,0.006546300102149941,0.4222927
Prom2,Tmem217,5.016181008723421,5.270867351376596e-07,0.006978101286487476,1.6663203
Prom2,Dnaaf3,5.0125002360894975,5.372730952417705e-07,0.007112958507905799,0.7374737
Prom2,Ehmt2,4.99613482291624,5.849077569310341e-07,0.007743593794009961,0.3498261
Prom2,Iqcg,4.99053226497389,6.021314137439117e-07,0.007971617786555647,0.4594221
Prom2,Ip6k1,4.985840669865149,6.169297036066836e-07,0.008167532346048884,0.4350494
Prom2,Prcd,4.984707142227358,6.205573247337273e-07,0.008215558422149815,0.6834974
Prom2,Ggt5,4.979942616638284,6.360312924139034e-07,0.008420418280267667,1.3348498
Prom2,P2rx1,4.979619761730675,6.370931891719719e-07,0.008434476731447735,0.40758586
Prom2,Susd3,4.968669461118166,6.741387090631433e-07,0.008924922369286954,0.60382557
Prom2,Cd93,4.964291800845547,6.895220869847179e-07,0.00912858290959068,0.56072235
Prom2,Wdr6,4.964075899327624,6.902894661062519e-07,0.009138742241780668,0.52517605
Prom2,Sertad3,4.958369870222008,7.108712897161744e-07,0.009411225004552432,0.50127316
Prom2,Cdkl2,4.958004552278038,7.122089498252697e-07,0.009428934286736745,1.4077644
Prom2,Nmrk1,4.957897297648738,7.126021371886902e-07,0.00943413969424107,0.9148536
Prom2,Ces1d,4.954602618338016,7.247825831680529e-07,0.009595396618561852,0.36660814
Prom2,Gdi1,4.949822273186981,7.428128223210817e-07,0.009834098954708801,0.4348687
Prom2,Pi16,4.948891901191449,7.463718290132164e-07,0.009881216644305971,0.26347005
Prom2,Slc44a2,4.947875063716282,7.502803849050347e-07,0.009932962015757755,0.28525364
Prom2,Casp6,4.936786744557808,7.94202328898071e-07,0.010514444632281562,0.25775713
Prom2,Trim16,4.932009716950103,8.138786702882594e-07,0.010774939715946267,0.51545715
Prom2,Sugct,4.9154664023608206,8.857134004831043e-07,0.011725959708995818,1.0017791
Prom2,Gm45051,4.9110158639804675,9.060575659101267e-07,0.011995296115084169,0.68081236
Prom2,Smpd5,4.9093382713465985,9.138422817766894e-07,0.012098357968441591,0.48075175
Prom2,Slc37a3,4.8929293319619065,9.934608599369225e-07,0.013152428324704916,0.95864916
Prom2,Tcta,4.888025587498471,1.0185229503919466e-06,0.013484225340238982,0.72207737
Prom2,Mirt1,4.887943335583277,1.0189484694930878e-06,0.01348985878761899,0.66248107
Prom2,Gm28875,4.884340297943008,1.0377571394260075e-06,0.013738866768860913,0.49250698
Prom2,H2-T23,4.883435425971448,1.042533017503943e-06,0.013802094618734703,0.31340277
Prom2,Atp8b2,4.875830934520852,1.0835137998557928e-06,0.01434463919629084,0.86178493
Prom2,Wdr81,4.873621425941515,1.0957086811543817e-06,0.01450608722980286,0.6737795
Prom2,Impact,4.858936561400305,1.1801793790491565e-06,0.015624394799231783,0.7855201
Prom2,Fbxl20,4.847311135594155,1.251460765738594e-06,0.016568089077613247,0.5649655
Prom2,Pla2g15,4.84708785191407,1.252869561934503e-06,0.016586740130450885,0.57331514
Prom2,Pex6,4.841875413008116,1.2861940120156457e-06,0.017027922525075134,0.51319265
Prom2,Fam229b,4.841351452243392,1.289590597550571e-06,0.017072889920972008,0.81665564
Prom2,Igfals,4.838939137395921,1.305340091110241e-06,0.017281397466208482,0.9034586
Prom2,Zbtb20,4.833797571463799,1.339528002971299e-06,0.017734011231337027,0.49209857
Prom2,Kdm6b,4.819509882910327,1.4391132439255186e-06,0.019052420236329942,0.348845
Prom2,Sdsl,4.818762356108519,1.4445148597441721e-06,0.019123932228153093,0.5204849
Prom2,Ptges3l,4.818403708508312,1.4471133565264414e-06,0.01915833372705356,0.9213104
Prom2,Rac3,4.812470901126963,1.4907558392005842e-06,0.019736116555176535,1.100749
Prom2,Trmt1,4.8071185910242695,1.5312116844297425e-06,0.02027171149016536,0.2595392
Prom2,Fads3,4.805129107242854,1.5465167647747956e-06,0.02047433544885352,0.6781142
Prom2,4930481A15Rik,4.8026030211072515,1.5661619369412824e-06,0.02073441788316564,0.89768267
Prom2,Prkch,4.787944702173625,1.6849805920146362e-06,0.022307458057681768,0.8492913
Prom2,Git2,4.787592333641493,1.687940854504504e-06,0.022346648972785127,0.27575672
Prom2,Madd,4.78516895176011,1.7084356048856608e-06,0.022617978973081265,0.46688378
Prom2,Dmxl2,4.781257536118297,1.7420202190111243e-06,0.023062605679488275,0.35767615
Prom2,Tmem71,4.77230348639144,1.8213078370365118e-06,0.024112294454526378,0.43072653
Prom2,Ift122,4.769695723601466,1.845043992708557e-06,0.024426537419468587,0.6181464
Prom2,Trim47,4.767605783053931,1.8642811517944578e-06,0.024681218168606828,0.96680975
Prom2,Cuedc1,4.765627994295173,1.8826633718458596e-06,0.024924580379867334,0.5688133
Prom2,Lck,4.763886847174016,1.898990196975222e-06,0.025140731217754963,0.81251025
Prom2,Cib2,4.748523316919662,2.0490726730700097e-06,0.027127673118773857,0.3133266
Prom2,Tmem38b,4.731854918975596,2.224774058516656e-06,0.029453783760702013,0.26732063
Prom2,Mxra8,4.728065343700776,2.2666924437910695e-06,0.03000874126334997,0.44594336
Prom2,Pyroxd2,4.7187919414574715,2.372493110594116e-06,0.0314094362911555,0.7386408
Prom2,Abr,4.718337674931011,2.377795837894008e-06,0.03147963909787877,0.38285327
Prom2,Ypel5,4.717659978336255,2.3857278565014923e-06,0.031584651092223255,0.34132338
Prom2,Psrc1,4.7120587071250775,2.4522670547416328e-06,0.03246556353772448,0.51878405
Prom2,Elfn2,4.711024542824186,2.4647454849426737e-06,0.03263076547515606,1.1345873
Prom2,Abca7,4.707355042866103,2.5095161100784086e-06,0.03322348378132805,0.3425498
Prom2,Ivd,4.704882279067757,2.5401248210089266e-06,0.03362871250533718,0.43026018
Prom2,Ccdc28a,4.681202091129215,2.851976175759328e-06,0.037757312590877744,0.49532866
Prom2,Arl4c,4.670191611490914,3.009189175778452e-06,0.039838655498130926,0.31974363
Prom2,Axl,4.669622430982292,3.01753821138431e-06,0.03994918838051688,1.2296839
Prom2,Adam17,4.665579969664069,3.0774777653025067e-06,0.04074272813483989,0.51448345
Prom2,Gm26854,4.664590858227492,3.0923167944505662e-06,0.04093918204173105,1.3446441
Prom2,Per1,4.662137801568206,3.1294152683304716e-06,0.041430328737427115,0.84655833
Prom2,Cul7,4.66074613149841,3.1506514155962475e-06,0.04171147409107872,0.7652781
Prom2,Wdr27,4.640918002883469,3.4686475532195346e-06,0.045921424957073416,1.2677541
Prom2,Strc,4.635873159210014,3.554338813797233e-06,0.04705589155586157,0.9811249
Prom2,Cfap119,4.63153293103793,3.6296825083028158e-06,0.04805336672742098,0.6688626
Prom2,Trpm2,4.627600339599864,3.6992701760495537e-06,0.04897463786072004,0.5265
Rep,Dut,49.66630693363479,0.0,0.0,1.201916
Rep,Mcm3,49.28498244329829,0.0,0.0,1.6454443
Rep,Pcna,48.753182681960844,0.0,0.0,1.4189367
Rep,Rrm2,48.34291639264982,0.0,0.0,1.5829229
Rep,Mcm7,46.46401106844159,0.0,0.0,1.418036
Rep,Lig1,46.077751968672345,0.0,0.0,1.5704741
Rep,Mcm5,45.51291254642684,0.0,0.0,1.4497703
Rep,Uhrf1,44.877381647932715,0.0,0.0,1.8186733
Rep,Ranbp1,44.608705966634815,0.0,0.0,0.88499415
Rep,Stmn1,43.81084907171351,0.0,0.0,1.0566614
Rep,Mcm6,43.78893193265842,0.0,0.0,1.228589
Rep,Atad2,43.26842144423361,0.0,0.0,1.3172858
Rep,Dhfr,43.083110102542115,0.0,0.0,1.9045836
Rep,Tipin,42.938126813467356,0.0,0.0,1.2050656
Rep,Nap1l1,42.91819725901899,0.0,0.0,0.9119431
Rep,Cdc6,42.036193189527395,0.0,0.0,2.1441069
Rep,Nasp,41.987371692445905,0.0,0.0,1.2461853
Rep,Hells,41.129238972652104,0.0,0.0,1.872919
Rep,Gmnn,40.95042051849121,0.0,0.0,1.1360074
Rep,Ung,40.72476764092353,0.0,0.0,2.1890917
Rep,Ncl,40.395092364947274,0.0,0.0,0.7926867
Rep,Mcm2,40.29471850698088,0.0,0.0,1.4355067
Rep,Mcm4,40.194895580662546,0.0,0.0,1.4666699
Rep,Psmc3ip,40.04769401648981,0.0,0.0,1.7432358
Rep,Rpa2,39.958911113865284,0.0,0.0,1.2506671
Rep,Tyms,39.804655903659885,0.0,0.0,1.2415584
Rep,Gins2,39.49807416955292,0.0,0.0,1.5866313
Rep,Dscc1,39.456109022887965,0.0,0.0,2.1659617
Rep,Rad51,39.30503871044076,0.0,0.0,1.7956781
Rep,Prim1,39.27114988302755,0.0,0.0,1.4788716
Rep,Fen1,39.04856773876428,0.0,0.0,1.2770479
Rep,Tk1,39.01964597733041,0.0,0.0,1.4014924
Rep,Hsp90aa1,38.86219327497399,0.0,0.0,0.6613176
Rep,Ptma,38.510632266778856,0.0,0.0,0.53750134
Rep,Clspn,38.30221782971178,0.0,0.0,1.7217064
Rep,Set,37.643530582966456,4.17462499690185e-310,5.5267860333983654e-306,0.6970389
Rep,Rad51ap1,37.61123813702686,1.408290734590683e-309,1.8644361035246054e-305,1.6644883
Rep,Snu13,37.1618120255651,2.8257271724622784e-302,3.7409802036228104e-298,0.67285705
Rep,Dek,37.056988433117205,1.385909814328864e-300,1.834806003189983e-296,0.82813483
Rep,Ccne2,36.75281610456957,1.048238847093678e-295,1.3877634096673203e-291,1.8364235
Rep,Orc6,36.640873125960425,6.395063947338737e-294,8.466425159881754e-290,1.2210363
Rep,E2f1,36.62062280738828,1.343499342212207e-293,1.7786587791547407e-289,1.626029
Rep,Hspd1,36.58680399926306,4.63712314994315e-293,6.139087338209736e-289,0.84126604
Rep,Rrm1,36.36609455521786,1.463004689083536e-289,1.936871907877693e-285,1.0816882
Rep,Nolc1,36.254946558083184,8.304564360318612e-288,1.099441275662581e-283,1.002691
Rep,Hat1,36.14639793582887,4.238299663762708e-286,5.6110849248554484e-282,1.3094625
Rep,Syce2,36.09488575810508,2.728232415298271e-285,3.611906894613381e-281,1.2240843
Rep,Cdca7,36.06956018678656,6.808403477537976e-285,9.013645363912527e-281,1.3047884
Rep,Ccne1,35.770635000898395,3.161236301493643e-280,4.185160739547434e-276,1.7369307
Rep,Rfc4,35.740623409301435,9.252414752113798e-280,1.2249271890323458e-275,1.2462665
Rep,Hnrnpab,35.655879754554974,1.9103469427872086e-278,2.5291083175559856e-274,0.73746383
Rep,Dctpp1,35.384040316163706,3.005102224896061e-274,3.978454835539895e-270,0.8325211
Rep,Nop10,35.15253322961949,1.063306310452115e-270,1.407711224407555e-266,0.6619115
Rep,Srsf7,34.999258017971584,2.309061354718758e-268,3.056966327512164e-264,0.67241645
Rep,Pclaf,34.99533371717207,2.64929341169156e-268,3.5073995477384567e-264,1.147649
Rep,Cdc45,34.76244045996769,8.99133738226666e-265,1.1903631560382831e-260,1.3305521
Rep,Timm8a1,34.62268255655427,1.151525735879774e-262,1.5245049217312327e-258,1.0136478
Rep,Topbp1,34.46363898482207,2.8133664561176007e-260,3.7246158512540913e-256,1.0925229
Rep,Dnajc9,33.959597293530074,8.802856425308013e-253,1.1654101621465279e-248,1.003796
Rep,Nop56,33.77719742614955,4.264344095917097e-250,5.645565148584644e-246,0.9499398
Rep,Dtymk,33.673487020864236,1.4132003330950845e-248,1.8709359209845823e-244,0.660002
Rep,Usp1,33.61719672904817,9.406802433100295e-248,1.245366574118148e-243,1.0067809
Rep,Hnrnpf,33.578043001148565,3.5095344046241455e-247,4.646272598281906e-243,0.4812088
Rep,Hnrnpd,33.57801586954737,3.512735970851298e-247,4.6505111518100337e-243,0.6688247
Rep,Npm1,33.56102557055955,6.216808269681922e-247,8.230432468231897e-243,0.5361917
Rep,Ran,33.470829682339925,1.2811673792905469e-245,1.696137493442755e-241,0.5323107
Rep,Slbp,33.43367782832793,4.444616296557597e-245,5.8842275150126025e-241,0.8484879
Rep,Serbp1,33.423956246926615,6.153154055912286e-245,8.146160654622276e-241,0.46864748
Rep,Cdk4,33.34387121063173,8.938128979981256e-244,1.1833188956597185e-239,0.70672023
Rep,Srm,32.96924493676337,2.2420976829137988e-238,2.9683131224095783e-234,0.89354527
Rep,Snrpd1,32.96277456854133,2.775719601737836e-238,3.674775180740721e-234,0.5785638
Rep,Dtl,32.48812822391961,1.56879442299554e-231,2.0769269366037954e-227,1.535515
Rep,Ybx3,32.40256880768424,2.5252990047482696e-230,3.343243352386234e-226,0.6250744
Rep,Tcf19,32.29920095625356,7.177886480110005e-229,9.502803911017636e-225,1.6321065
Rep,Rfc3,31.912031116880563,1.8182177044994146e-223,2.4071384189867752e-219,1.4473225
Rep,Rbbp7,31.726658025328895,6.665541459160792e-221,8.824510337782972e-217,0.8157707
Rep,Apex1,31.584936743161535,5.944992442209784e-219,7.870575494241533e-215,0.92380553
Rep,Siva1,31.356257350717296,7.99425268975287e-216,1.0583591135963823e-211,0.5812075
Rep,Nhp2,30.987381586506892,7.973596665071726e-211,1.0556244624888458e-206,0.62638617
Rep,Rif1,30.887365349316397,1.7654953577569896e-209,2.3373393041344784e-205,1.1323575
Rep,Dnmt1,30.617853415219162,7.082427754536452e-206,9.376426104230809e-202,0.8844845
Rep,Pa2g4,30.603729638052037,1.0918047670393323e-205,1.445440331083372e-201,0.698939
Rep,Mrpl12,30.589293400319576,1.6989347113318042e-205,2.2492196643321755e-201,0.6822062
Rep,Sdf2l1,30.508338022702713,2.0201092995443372e-204,2.674422701666748e-200,0.635334
Rep,Rfc5,30.467279491653315,7.072967327547014e-204,9.363901444939491e-200,1.0749606
Rep,Atad5,30.425920756373973,2.4949866237303708e-203,3.303112791156638e-199,1.4366698
Rep,Pola1,30.319955120278358,6.256789922184424e-202,8.283364177979958e-198,1.5774926
Rep,Cdt1,30.318058098659574,6.627618280408718e-202,8.774303841433101e-198,1.142151
Rep,Gnl3,30.314977410692535,7.277174253926275e-202,9.634250994772995e-198,0.9082235
Rep,Chaf1a,30.303772271299852,1.0223942735363512e-201,1.3535477787347755e-197,1.1543398
Rep,Exo1,30.129407568141602,1.9965919249158785e-199,2.6432880493961315e-195,1.9121141
Rep,Mrpl18,30.010269400086884,7.208604669835912e-198,9.543471722395764e-194,0.57649124
Rep,Cenps,29.94230602825635,5.54137198502539e-197,7.336222370975114e-193,1.2964122
Rep,Srsf2,29.843484165752294,1.066563730101918e-195,1.4120237222819292e-191,0.5672251
Rep,Ptges3,29.751481922973348,1.6592618925675604e-194,2.1966968195701933e-190,0.65705276
Rep,Wdr76,29.749553208859073,1.757368970631488e-194,2.326580780219027e-190,1.5349295
Rep,Rpa1,29.73482531872529,2.7246815398797506e-194,3.607205890646802e-190,0.97259134
Rep,Pold2,29.679133446111447,1.4277135608917647e-193,1.8901499832646074e-189,1.0765623
Rep,Chek1,29.51586225419137,1.8018730330014035e-191,2.385499708390558e-187,1.7980211
Rep,Alyref,29.472840084375136,6.418554946525033e-191,8.497524893704491e-187,0.5866537
Rep,Zmynd19,29.351028492592906,2.3183817227642505e-189,3.069305562767591e-185,1.309361
Rep,Gins1,29.317974902357054,6.12025759473836e-189,8.102609029674115e-185,1.6051832
Rep,Mcm10,29.16998277743566,4.661612489264332e-187,6.171508774537049e-183,1.7636119
Rep,Dkc1,29.143553328667522,1.008312327774348e-186,1.3349046907404593e-182,0.77631116
Rep,Cenpm,29.142381699306746,1.043377279303466e-186,1.3813271800698587e-182,0.9283634
Rep,Asf1b,29.141715499550994,1.0638560264766421e-186,1.4084389934524266e-182,0.875121
Rep,Cenph,29.081380086319403,6.174482244054106e-186,8.174397042903231e-182,1.1820054
Rep,Lyar,29.06410957710907,1.02074596022723e-185,1.35136557674483e-181,0.80356586
Rep,Anp32b,28.898217038794265,1.2571319143400698e-183,1.6643169413948183e-179,0.44336128
Rep,Hirip3,28.87085875663996,2.7732200244317847e-183,3.67146599034524e-179,1.2244413
Rep,Srsf3,28.697955799629113,4.0460475410775726e-181,5.3565623396325986e-177,0.49398446
Rep,Nop58,28.667764091863148,9.628958567204944e-181,1.2747778247122625e-176,0.7386445
Rep,Brca1,28.651755277403613,1.5243315518378152e-180,2.0180625414780836e-176,1.5469682
Rep,Paics,28.503286874058503,1.0665481216038017e-178,1.412003058191273e-174,0.8602171
Rep,Supt16,28.459298714184534,3.7389608059326077e-178,4.950010210974179e-174,0.8026334
Rep,Wdhd1,28.452304992414135,4.5633857904488877e-178,6.041466447975282e-174,1.3927643
Rep,Lmnb1,28.451330326589666,4.691864412728831e-178,6.211559296011699e-174,0.81265783
Rep,Mms22l,28.42846489140656,8.997283368953712e-178,1.1911503452157819e-173,1.3588362
Rep,Skp2,28.293032731779547,4.210045705519183e-176,5.573679509536846e-172,1.4952437
Rep,Phb2,28.260869330335847,1.0465572354717963e-175,1.3855371240411112e-171,0.5419675
Rep,Mybl2,28.179789777499046,1.03445889534149e-174,1.3695201315425987e-170,1.2748287
Rep,Chaf1b,28.122385354155554,5.21693191389222e-174,6.90669616080191e-170,1.1908149
Rep,Smc6,28.10465440218225,8.593602656274877e-174,1.137707055664231e-169,0.8042495
Rep,Nme1,28.09584743942576,1.1010050483644939e-173,1.4576205835297533e-169,0.48059964
Rep,Aunip,28.019380775297492,9.4348856880138e-173,1.249084516236147e-168,1.5022869
Rep,Rad54l,27.815611809169393,2.8085224631320124e-170,3.718202888940471e-166,1.620857
Rep,Naa50,27.76502210781138,1.1477379413930177e-169,1.519490260610216e-165,0.8163609
Rep,Fignl1,27.73100764614666,2.953082253543146e-169,3.909585595465771e-165,1.1724395
Rep,G3bp1,27.73078208645402,2.9716356989090566e-169,3.9341485017857e-165,0.5867404
Rep,Ezh2,27.658393383178577,2.212028114229295e-168,2.928504020428164e-164,0.86343706
Rep,Rsl1d1,27.55460829630611,3.897040561885848e-167,5.159291999880674e-163,0.66002023
Rep,Timm23,27.401771402636165,2.6124172005891047e-165,3.458579131859916e-161,0.60813874
Rep,Rfc2,27.355523025173998,9.282943374734922e-165,1.2289688733811563e-160,0.71317375
Rep,Fbxo5,27.330873829688006,1.822994538463868e-164,2.4134624694723147e-160,1.0433459
Rep,Cacybp,27.28502217640576,6.387031774886329e-164,8.455791366772011e-160,0.6580883
Rep,Cbx5,27.27884002748354,7.562158066075931e-164,1.0011541063677925e-159,0.834366
Rep,Rbmxl1,27.2712372569372,9.307313310533029e-164,1.2321952091814677e-159,0.9131543
Rep,Lsm2,27.203656592455776,5.879164511516869e-163,7.783425896797182e-159,0.6822401
Rep,C1qbp,27.11558197090273,6.450366042068588e-162,8.539639603094605e-158,0.6230652
Rep,Gar1,26.956022088373455,4.848560549182927e-160,6.419009311063277e-156,0.655617
Rep,Umps,26.940241357300653,7.42258278816721e-160,9.826757353254569e-156,0.893484
Rep,Shmt1,26.915813915751976,1.4342319259139546e-159,1.8987796467174846e-155,1.1021037
Rep,Eif5a,26.900458276685946,2.1692688861223892e-159,2.871895078337431e-155,0.35545087
Rep,Timeless,26.89068258298062,2.822648196277743e-159,3.736903947052104e-155,1.2838509
Rep,Nup85,26.8277150077763,1.5352403557147147e-158,2.0325047069307107e-154,1.0307429
Rep,Ipo5,26.778083103282047,5.817161893627652e-158,7.701340630973649e-154,0.97301245
Rep,Nudc,26.59460233216598,7.837574078631688e-156,1.0376164322700492e-151,0.5810342
Rep,Fkbp4,26.449795901978998,3.668520933835262e-154,4.856754864304503e-150,0.5868966
Rep,Cenpk,26.348940127400706,5.277970700729246e-153,6.9875054106954495e-149,1.1829633
Rep,Cct6a,26.313654549656665,1.3383103128177402e-152,1.7717890231394062e-148,0.6166501
Rep,Ncapg2,26.281745004900497,3.1011263948233923e-152,4.105581234106689e-148,1.3537904
Rep,Gart,26.247186610779934,7.69626508479181e-152,1.0189085345755877e-147,0.83811885
Rep,Slc25a5,26.138724492868374,1.323973331827033e-150,1.7528082940058088e-146,0.3903985
Rep,Hnrnpu,26.128034268525433,1.7514024698998885e-150,2.3186817299004624e-146,0.50620234
Rep,Brca2,26.09188361256237,4.5072605103934264e-150,5.967162189709858e-146,1.3730426
Rep,Ybx1,25.966256400470222,1.1915930875928097e-148,1.577550088664121e-144,0.30424476
Rep,Ssrp1,25.82434927020279,4.725143750301202e-147,6.255617811023761e-143,0.5590015
Rep,Casp8ap2,25.65141741031023,4.076858377418025e-145,5.397352805863723e-141,0.938546
Rep,Rfc1,25.603755313233762,1.385498882264619e-144,1.8342619702301293e-140,0.73790324
Rep,Pold1,25.57230006541777,3.102361512395751e-144,4.1072164062607346e-140,1.1656612
Rep,Ppm1g,25.55554566104814,4.764179373214738e-144,6.307297072198991e-140,0.6624401
Rep,Tra2b,25.47828068575318,3.431929495518796e-143,4.543531459117334e-139,0.631151
Rep,Bzw2,25.46097277352945,5.336799741179535e-143,7.065389177347586e-139,0.90178657
Rep,Psip1,25.422048511723453,1.4388704007256498e-142,1.9049205235206877e-138,0.7016449
Rep,Pole,25.327305775600227,1.5984938730566752e-141,2.1162460385397324e-137,1.4828587
Rep,Dpy30,25.23274252860913,1.752015695569979e-140,2.3194935793650954e-136,0.50919414
Rep,Nsd2,25.154508766446703,1.2614597331265646e-139,1.670046540686259e-135,0.9730223
Rep,Mthfd2,25.078507130787813,8.53505416398771e-139,1.129955820770333e-134,0.8626747
Rep,Hspa9,24.925048729014975,3.9823131111457796e-137,5.272184327845897e-133,0.5868916
Rep,Sumo2,24.916859363180357,4.885527228152775e-137,6.467949497351459e-133,0.35060906
Rep,Phf5a,24.896567101946967,8.105175950864561e-137,1.0730442441349592e-132,0.5184081
Rep,Eif1ad,24.872677922409427,1.4701257005857026e-136,1.9462994150054117e-132,0.81266594
Rep,Lrr1,24.851081452156976,2.5171885467172626e-136,3.332505916998984e-132,1.4389651
Rep,Tfdp1,24.849871808361236,2.594130435135486e-136,3.4343692830758695e-132,0.56042933
Rep,Polr2f,24.83221667417807,4.025027634779582e-136,5.328734085684688e-132,0.44844413
Rep,Smc2,24.731810628781446,4.8658876635714964e-135,6.441948677802304e-131,0.59094673
Rep,Zfp367,24.668353723413883,2.3387476338192107e-134,3.096267992413253e-130,1.5149956
Rep,Rnaseh2a,24.656535095245733,3.131679680416762e-134,4.1460307289037506e-130,0.78927314
Rep,Eif3a,24.60996455598489,9.881235987727514e-134,1.3081768324152455e-129,0.46177304
Rep,Ppat,24.56599729841538,2.9180071351511883e-133,3.863149646226658e-129,1.0173113
Rep,Eif2s1,24.56481299741082,3.004291543494289e-133,3.9773815744320895e-129,0.55800045
Rep,Hpf1,24.498271290721757,1.5411531374451296e-132,2.040332638663607e-128,0.65507627
Rep,Ldha,24.440270146206842,6.386198319785208e-132,8.454687955563637e-128,0.39102554
Rep,H1f1,24.427365740432492,8.758016330785771e-132,1.1594737820327281e-127,1.5945244
Rep,Smc3,24.42394497365673,9.522557768559318e-132,1.260691422979568e-127,0.61685413
Rep,Mthfd1,24.418914166174122,1.0769610348062379e-131,1.4257887139799783e-127,0.9527513
Rep,U2af1,24.401258048580978,1.6583970007606006e-131,2.195551789306959e-127,0.43758833
Rep,Ndufab1,24.39064530993696,2.1494089632477282e-131,2.8456025264436673e-127,0.46619618
Rep,Ncapd3,24.33542814765962,8.270620328545722e-131,1.0949474252961682e-126,0.84529436
Rep,H1f5,24.272569939367955,3.820601635384627e-130,5.0580945050857075e-126,1.0654024
Rep,Nrm,24.20353266909201,2.0421239132613284e-129,2.703567848766673e-125,0.9060048
Rep,Odc1,24.181340121430658,3.496618728168183e-129,4.6291735342218575e-125,0.58570194
Rep,Tmpo,24.115507515637972,1.7188954311764968e-128,2.2756456613345643e-124,0.5954242
Rep,Ppa1,24.109343643148403,1.9948374507607597e-128,2.64096530106217e-124,0.6524162
Rep,Ifrd2,24.106008856655407,2.162131149743179e-128,2.8624454291449947e-124,0.832863
Rep,Nsun2,24.039557172290742,1.0735138811406713e-127,1.4212250272421347e-123,0.68063587
Rep,Eef1g,23.990321545781875,3.5091400721759546e-127,4.645750541553746e-123,0.42079425
Rep,Nup43,23.927651463867875,1.579177682390293e-126,2.090673333716509e-122,0.9811995
Rep,Erh,23.888409731521655,4.0419710790299363e-126,5.351165511527732e-122,0.6916135
Rep,Mat2a,23.864758685035085,7.116569346939135e-126,9.421626158412721e-122,0.63295895
Rep,Baz1b,23.81420757153471,2.3799183546904086e-125,3.150773909774632e-121,0.7488262
Rep,Gspt1,23.746794722766996,1.1857995534446415e-124,1.569880028805361e-120,0.6158464
Rep,Top2a,23.72920159269446,1.8017915859326774e-124,2.3853918806162717e-120,0.48575592
Rep,Alad,23.72551815688889,1.9666555225243886e-124,2.6036552462700382e-120,0.8647117
Rep,Dck,23.721752487869423,2.1507743193796022e-124,2.8474101214266553e-120,1.0280704
Rep,Idh3a,23.711642147184037,2.7347406622039423e-124,3.6205231626917994e-120,0.6863454
Rep,Fus,23.65537706150133,1.039119298094538e-123,1.375690038747359e-119,0.53771615
Rep,Sae1,23.647170325812837,1.2621530556992627e-123,1.6709644304402538e-119,0.59432334
Rep,Uba2,23.626698494606124,2.049453947540126e-123,2.7132720811483727e-119,0.62229097
Rep,Phgdh,23.620659730426667,2.3643093110010934e-123,3.130109096834348e-119,0.60058445
Rep,Shmt2,23.60542674396423,3.389986424066792e-123,4.488003026822026e-119,0.80629617
Rep,Nmral1,23.602301861257967,3.649963405373081e-123,4.8321865523734214e-119,0.79159516
Rep,Pbk,23.594303852200156,4.409645489000904e-123,5.837929662888297e-119,0.95147634
Rep,Srsf10,23.590936186645695,4.774974272713838e-123,6.32158843964585e-119,0.6621975
Rep,Pgp,23.522354316199717,2.4091241252534664e-122,3.189439429423064e-118,0.5295503
Rep,Prim2,23.505757718385098,3.56163555316315e-122,4.715249308832694e-118,1.3237271
Rep,Tuba1b,23.44775407949858,1.393521285395743e-121,1.844882829735424e-117,0.47325516
Rep,Rbbp4,23.424483088548644,2.406575823610283e-121,3.1860657328776535e-117,0.4993763
Rep,Parp1,23.359311674337736,1.1083571075722563e-120,1.46735397471491e-116,0.837003
Rep,Hint1,23.345009624019298,1.5487882287648029e-120,2.0504407360617226e-116,0.32332492
Rep,Pola2,23.294736130835428,5.012788131653426e-120,6.636430207495971e-116,1.0947671
Rep,Atic,23.285269385951178,6.251852222534507e-120,8.276827157413434e-116,0.7756517
Rep,Rrp1b,23.23721765883405,1.915720487110237e-119,2.5362223528852425e-115,0.83284104
Rep,Impdh2,23.227412445107397,2.4068337832532208e-119,3.186407245648939e-115,0.5065403
Rep,Eif3b,23.225706308808416,2.504309288378306e-119,3.3154550668840397e-115,0.52616024
Rep,Atp5mc1,23.19995286111516,4.5582041745819947e-119,6.034606506729103e-115,0.35861707
Rep,Tomm20,23.157253643493622,1.2286146627137645e-118,1.6265629519667527e-114,0.40242946
Rep,Smchd1,23.114770665566414,3.2890651255599703e-118,4.354393319728845e-114,0.7249688
Rep,Pold3,22.983550605176017,6.808707849219717e-117,9.014048321581984e-113,0.8615074
Rep,Cbx3,22.959438371102102,1.1859652927447907e-116,1.5700994510648284e-112,0.54049623
Rep,Psat1,22.77789887416096,7.594671319050588e-115,1.0054585359291073e-110,0.7394209
Rep,Fbl,22.767084157829196,9.720120189706942e-115,1.2868467119153022e-110,0.48108643
Rep,Slc29a1,22.76294033387307,1.0683639118268874e-114,1.414406982867616e-110,1.090925
Rep,Smarca5,22.70803161342381,3.731874760518457e-114,4.9406289954503854e-110,0.5946202
Rep,Cinp,22.673600593470812,8.16364064973467e-114,1.0807843856183728e-109,0.78061354
Rep,Myg1,22.650408874980112,1.382226211739675e-113,1.8299292817221558e-109,0.675307
Rep,Ddx21,22.63997697488036,1.7513495716739007e-113,2.3186116979390773e-109,0.67469704
Rep,Syncrip,22.550643204030298,1.3234793556332165e-112,1.7521543189228155e-108,0.6156687
Rep,Ctps1,22.512017601209248,3.165332109472148e-112,4.190583179730177e-108,1.0812203
Rep,Eif4a1,22.494999542989344,4.645863638706809e-112,6.150658871283945e-108,0.32574987
Rep,Snrpf,22.458236798933928,1.0632428597100072e-111,1.4076272219700786e-107,0.37553918
Rep,Atad3a,22.447939311852323,1.3404303839808683e-111,1.7745957853522714e-107,0.7957384
Rep,Smarcc1,22.428596150258308,2.0706787529024716e-111,2.7413716009675824e-107,0.686349
Rep,Fam111a,22.42072190913825,2.471445951712475e-111,3.2719472954721453e-107,0.6628745
Rep,Eif1ax,22.354599149168145,1.0892550950670874e-110,1.442064820359317e-106,0.49368113
Rep,Snrpb,22.34805274948537,1.2612540479482724e-110,1.6697742340787177e-106,0.3813243
Rep,Cgas,22.307614656621713,3.1167956172076004e-110,4.126325717621142e-106,1.2776189
Rep,Fkbp3,22.30490683750241,3.311256277084002e-110,4.38377218523151e-106,0.5149747
Rep,Tomm5,22.22187343974337,2.1107898026803402e-109,2.7944746197685026e-105,0.4582975
Rep,Tcof1,22.219912696798467,2.204982419158444e-109,2.919176224723864e-105,0.8685577
Rep,Ppil1,22.20120654875202,3.3435475714376204e-109,4.4265226298262655e-105,0.51121515
Rep,Donson,22.137243819862224,1.384480556546747e-108,1.8329138088122383e-104,1.3393989
Rep,Dnaaf2,22.130798548766325,1.597236267708473e-108,2.1145810948192474e-104,1.040355
Rep,Zfp706,22.08996537942514,3.946981392728446e-108,5.2254086658331893e-104,0.36811876
Rep,Snrpd2,22.04263615825666,1.123987874042417e-107,1.4880475464447558e-103,0.34490502
Rep,Prdx6,22.032199979311034,1.415299313243551e-107,1.8737147608031373e-103,0.35841417
Rep,Ebna1bp2,22.013283322987483,2.14854985099617e-107,2.8444651477338294e-103,0.50648856
Rep,Cct3,21.99462148591559,3.24226430949775e-107,4.292433719344071e-103,0.5009534
Rep,Aarsd1,21.945216868426566,9.62079515070583e-107,1.2736970700019449e-102,0.62156224
Rep,AI506816,21.929548841446053,1.3576681177639396e-106,1.7974168211076795e-102,0.6864648
Rep,Tssc4,21.901807019466197,2.496800397832304e-106,3.305514046690187e-102,0.7227451
Rep,Rrs1,21.89817432467843,2.7039975313296154e-106,3.579822331727278e-102,0.7526113
Rep,Dnajc2,21.835186290498733,1.0750358229695733e-105,1.423239926029418e-101,0.53713816
Rep,Mrpl42,21.832149684169853,1.1488859580432692e-105,1.521010119853484e-101,0.5205363
Rep,Cycs,21.77054421338088,4.41359249386547e-105,5.843155102628496e-101,0.6490247
Rep,Mif,21.7534446430251,6.408288349621146e-105,8.483932946063434e-101,0.37372637
Rep,Ppid,21.745178754352764,7.6733098870835e-105,1.0158694959509847e-100,0.7082424
Rep,Tubgcp2,21.73930841310364,8.720279717140547e-105,1.154477831752237e-100,0.97846925
Rep,Cdv3,21.735685285454128,9.436404413429402e-105,1.2492855802939185e-100,0.581849
Rep,Fam136a,21.70717054924704,1.755367003401202e-104,2.3239303758028514e-100,0.6985055
Rep,Hprt1,21.676353970631823,3.4299940751921806e-104,4.540969156146928e-100,0.46808308
Rep,Pdia6,21.660705259536304,4.818016051667041e-104,6.378571450801996e-100,0.44593954
Rep,Srpk1,21.653835827410337,5.592638815394733e-104,7.404094527701087e-100,0.5663528
Rep,Mrpl17,21.639369373109364,7.65429020653161e-104,1.0133514804427199e-99,0.48274618
Rep,Kpnb1,21.611312403744364,1.4059520056646297e-103,1.8613398602994032e-99,0.6353661
Rep,Fkbp11,21.594667556798175,2.0158891030249776e-103,2.6688355834947677e-99,0.55739856
Rep,Snrpa1,21.574432889363468,3.122862392356524e-103,4.134357521240802e-99,0.5954702
Rep,Mrto4,21.53096608937715,7.985162005717704e-103,1.0571555979369668e-98,0.6107994
Rep,Gemin6,21.42424756521905,7.940736302917819e-102,1.05127407914329e-97,0.8859571
Rep,Ssb,21.375591002020844,2.254506933142174e-101,2.984741728786924e-97,0.4134258
Rep,Rnf227,21.359952998482427,3.15128172546803e-101,4.171981876347125e-97,1.6586049
Rep,Dna2,21.353745190408254,3.599078703795767e-101,4.764820295955216e-97,0.9994501
Rep,Msh2,21.33188684467919,5.744347082449682e-101,7.604941102455133e-97,0.8251234
Rep,Nudt19,21.324501313933684,6.72667565465338e-101,8.905445899195609e-97,0.7506813
Rep,Tcp1,21.286203091807,1.5238542763503585e-100,2.0174306764602397e-96,0.4012705
Rep,Rpa3,21.256768674568733,2.854036547190021e-100,3.778458984824869e-96,0.5525588
Rep,Metrn,21.255215654868202,2.9500379714404766e-100,3.905555270390047e-96,0.68615526
Rep,Lrrc59,21.247730065887907,3.4599305918981783e-100,4.5806021106139985e-96,0.65026116
Rep,Msh6,21.235175419799912,4.520017672185132e-100,5.984051396205896e-96,0.9091288
Rep,Trip13,21.206126789075316,8.383870096391876e-100,1.1099405620613204e-95,0.9087167
Rep,Psmd7,21.14276652074136,3.216591509737217e-99,4.2584454997411015e-95,0.43125856
Rep,Gins4,21.129430446981857,4.266624494996822e-99,5.648584168926293e-95,0.77072495
Rep,Tmem97,21.087304459680198,1.0402234718283967e-98,1.3771518543536143e-94,0.55483973
Rep,Nip7,21.08589941762322,1.0715749315938572e-98,1.4186580519371075e-94,0.6238715
Rep,Nt5dc2,21.085710029630565,1.0758723329545169e-98,1.424347381598485e-94,0.7648726
Rep,Timm50,21.083067685973653,1.137654595670838e-98,1.5061409192086223e-94,0.60218054
Rep,Hmgn5,21.065055962739113,1.6642920211421936e-98,2.2033562067901502e-94,0.5817759
Rep,Trmt6,21.06327816017045,1.7279431558900436e-98,2.2876239440828286e-94,0.7535096
Rep,Exosc7,21.031415568963467,3.3840116271133883e-98,4.4800929931354147e-94,0.5357202
Rep,Rps17,20.94102067022425,2.265537090975049e-97,2.9993445547418674e-93,0.25049973
Rep,Haus4,20.90413712414079,4.909959313616178e-97,6.5002951352964575e-93,0.9997754
Rep,Cct8,20.90369010521026,4.956160697772334e-97,6.561461147780793e-93,0.4255401
Rep,Prmt1,20.862443506695932,1.1751172546739033e-96,1.5557377334627806e-92,0.4740541
Rep,Rmi2,20.85500832610273,1.3727433215425886e-96,1.817374883390233e-92,1.3674006
Rep,E2f8,20.845345657375056,1.6799110419830025e-96,2.224034228481297e-92,0.84559417
Rep,Slc43a3,20.807439217193995,3.7061998719068786e-96,4.906638010417516e-92,0.86866426
Rep,Pdap1,20.79595302808718,4.709062888997172e-96,6.234328358743356e-92,0.5221356
Rep,Exosc8,20.7377421636963,1.5817790585767235e-95,2.0941172956497242e-91,0.5522466
Rep,Bcap29,20.70017905562372,3.4508597031624955e-95,4.5685931610168276e-91,0.6691792
Rep,Dhx9,20.699507323919843,3.49929119257913e-95,4.63271160985551e-91,0.74550426
Rep,Snrpe,20.672800318758068,6.087945940720967e-95,8.059831630920488e-91,0.30183125
Rep,Gpr180,20.666541992488483,6.930761307834632e-95,9.17563489544227e-91,1.0874019
Rep,Akip1,20.64509471119965,1.0805057549708139e-94,1.4304815690058605e-90,0.9602897
Rep,Cdc25a,20.625253310565075,1.62875683647154e-94,2.156311175804672e-90,0.77743316
Rep,H2ac8,20.61611738652208,1.9672704993139122e-94,2.6044694140416885e-90,1.1702793
Rep,Esco2,20.596227885430487,2.9667119995511735e-94,3.927630016205799e-90,0.96572447
Rep,Pole3,20.58894269797048,3.448113399846209e-94,4.564957330056396e-90,0.6674136
Rep,2810408I11Rik,20.586070347543753,3.658673472029995e-94,4.843717809620511e-90,1.1793311
Rep,Lsm3,20.585981077173706,3.6654190998572197e-94,4.8526483463009735e-90,0.5088954
Rep,Mrpl13,20.57533704102322,4.565457519708905e-94,6.044209210342619e-90,0.38991225
Rep,Rnaseh2b,20.556773952514337,6.693832838249001e-94,8.861965294557852e-90,0.6666528
Rep,Ndufaf2,20.51826446302572,1.478986728828435e-93,1.958030530295965e-89,0.85935473
Rep,Nxt1,20.513636881502705,1.6266471705069118e-93,2.1535181890341004e-89,0.5416463
Rep,Galk1,20.51180863862135,1.6889582077224943e-93,2.2360117712038102e-89,0.48761037
Rep,Polr1g,20.494896144402468,2.390961793246857e-93,3.165394318079514e-89,0.7209529
Rep,Rrp15,20.484209286735044,2.977796992211856e-93,3.942305437989276e-89,0.7051289
Rep,Sfpq,20.478218503238445,3.3675093441337996e-93,4.4582456206987376e-89,0.43907666
Rep,Uchl5,20.4380729226076,7.670874337943288e-93,1.015547053600312e-88,0.600181
Rep,Snrpg,20.42281049861517,1.0485487655495727e-92,1.3881737107110792e-88,0.27682328
Rep,Hnrnpr,20.36199990148715,3.6344190200370975e-92,4.811607340627113e-88,0.56011534
Rep,Ms4a3,20.348009695416305,4.835110643482599e-92,6.401202980906612e-88,0.41315007
Rep,Tomm40,20.34104292658303,5.573261492230195e-92,7.378440889563555e-88,0.5409454
Rep,Tmem147,20.29982923636831,1.2903248090180757e-91,1.7082610146590305e-87,0.42975855
Rep,Ndufaf4,20.27704868109874,2.050724869444698e-91,2.714954654657836e-87,0.8071784
Rep,Tcerg1,20.24960817091373,3.580767182085776e-91,4.74057767236336e-87,0.6084978
Rep,Hspa14,20.241146338720746,4.251645173967743e-91,5.628753045815895e-87,0.6090929
Rep,Plk4,20.226508891306764,5.721308389246115e-91,7.574440176522932e-87,0.7681649
Rep,Nudt5,20.220480761227897,6.465006460645866e-91,8.559022053249062e-87,0.55938476
Rep,Ydjc,20.188101118920734,1.2456051640848298e-90,1.649056676731906e-86,0.68348646
Rep,Suz12,20.139490272613774,3.327428371199641e-90,4.405182420631205e-86,0.56392974
Rep,Cnbp,20.124206430568503,4.529661539238474e-90,5.9968189117978164e-86,0.36164176
Rep,Hspe1,20.064448580812705,1.5095555204215944e-89,1.9985005534861488e-85,0.5376975
Rep,Haus1,20.06224645144212,1.577918474280806e-89,2.089006268100359e-85,0.7078819
Rep,Dctd,20.048780242335226,2.0685470290013276e-89,2.738549411694858e-85,1.0315375
Rep,Arln,20.02783479751016,3.150615512464732e-89,4.171099876952058e-85,0.39767253
Rep,Cisd1,20.006273744575708,4.8562106148663915e-89,6.429137233021616e-85,0.7863547
Rep,Rbbp8,19.967995095759,1.0456717751463735e-88,1.3843648631162839e-84,0.8222898
Rep,Rbl1,19.946296975936505,1.6140941724163817e-88,2.1368992748620475e-84,0.8557905
Rep,Rnf168,19.90517530397091,3.6700562199196324e-88,4.858787429551602e-84,0.8047384
Rep,Tubg1,19.896525639081876,4.3613216343811116e-88,5.7739537117571535e-84,0.8073188
Rep,Gpatch4,19.85351565531748,1.027539966409373e-87,1.3603601615293689e-83,0.7045495
Rep,Brip1,19.845011361536134,1.2170109696137975e-87,1.6112008226717065e-83,1.2395957
Rep,Cct5,19.84225448555074,1.2856218044792794e-87,1.702034706950118e-83,0.33027005
Rep,Gmps,19.84166130673441,1.3008814460719858e-87,1.722236946454702e-83,0.60231435
Rep,Ubap2,19.8318156201848,1.5822410433581633e-87,2.0947289173018725e-83,0.73991495
Rep,Krtcap2,19.831606611414227,1.5888297067100948e-87,2.1034516487134944e-83,0.29458117
Rep,Cdc7,19.790221241335487,3.6145169514782858e-87,4.785258992062103e-83,1.2360425
Rep,Rcc2,19.784025186414084,4.0872479948551656e-87,5.411107620388754e-83,0.49561465
Rep,Rexo2,19.759141053209657,6.69340566266611e-87,8.861399756803664e-83,0.41422272
Rep,Chchd10,19.721334002568515,1.4144820213746946e-86,1.8726327480979583e-82,0.59680706
Rep,Rad50,19.71216117475479,1.695681286723743e-86,2.2449124554935632e-82,0.6824646
Rep,Exosc5,19.69441799792884,2.407477426464363e-86,3.18725936489617e-82,0.4405949
Rep,Mrpl16,19.64589009392368,6.268802383808646e-86,8.299267475924267e-82,0.66946775
Rep,Txn1,19.60608004591839,1.3720825318365985e-85,1.8165000638984727e-81,0.2583964
Rep,Slf1,19.594470840589192,1.723681754381394e-85,2.2819822746255276e-81,1.0261939
Rep,Samd1,19.57059914229533,2.7542458840567877e-85,3.646346125902781e-81,0.67443365
Rep,Bard1,19.50750987232108,9.478826759257172e-85,1.254901874658057e-80,1.5515304
Rep,Nsmce4a,19.475076636738557,1.7865680721270807e-84,2.365237470689042e-80,0.46705776
Rep,Cct2,19.455629993208213,2.611242397082757e-84,3.4570238094978624e-80,0.3449465
Rep,Prpf19,19.45038658056051,2.8924225638625276e-84,3.8292782322976e-80,0.6072167
Rep,Orc2,19.414914979178615,5.773147756133437e-84,7.643070314345058e-80,0.89463353
Rep,Nefh,19.30646944460173,4.738804257225977e-83,6.273702956141471e-79,1.2754943
Rep,Exosc1,19.293169624904195,6.129752796899823e-83,8.115179727815675e-79,0.60929847
Rep,Clpp,19.28915764904125,6.624381254188152e-83,8.770018342419694e-79,0.5723314
Rep,Snrnp40,19.251852831785847,1.3620352904185283e-82,1.8031985209850895e-78,0.52903706
Rep,Asf1a,19.243397931344926,1.6034439812148118e-82,2.1227994867302894e-78,0.57786065
Rep,Rbm25,19.20888775867786,3.118763757622786e-82,4.128931338716806e-78,0.37990922
Rep,Mthfd1l,19.208701242238746,3.129987796734461e-82,4.143790844096753e-78,0.7123909
Rep,Nelfe,19.19513731395376,4.064070937042473e-82,5.38042351355053e-78,0.63663137
Rep,Nudcd2,19.181528990405837,5.28045151239107e-82,6.990789757254537e-78,0.45473486
Rep,Prelid3b,19.173652210749474,6.14401100989333e-82,8.134056175997781e-78,0.6091194
Rep,Ftsj3,19.148091247945334,1.0039978434298846e-81,1.3291927449168242e-77,0.73608494
Rep,Slc1a5,19.140648106700112,1.1582043338897553e-81,1.533346717636647e-77,0.60988986
Rep,Tmem238,19.13568440140636,1.2739534260002383e-81,1.6865869406817155e-77,0.57605284
Rep,Ahsa1,19.09142912191785,2.9751774313773164e-81,3.9388374014004295e-77,0.48959646
Rep,Cenpu,19.0550499196144,5.965959607112022e-81,7.898333923855606e-77,1.0390251
Rep,E2f6,19.028423467594795,9.919222250179117e-81,1.3132058337012133e-76,0.9477284
Rep,Eif2s2,19.022975010358444,1.1005773925770144e-80,1.4570544100327094e-76,0.35909402
Rep,Eprs1,19.017119711971997,1.2306089977255787e-80,1.6292032520888937e-76,0.4515524
Rep,Eri1,19.011483517379258,1.370221317055531e-80,1.8140360016498174e-76,0.67750686
Rep,Cdc123,19.00520028151323,1.5445535655787882e-80,2.0448344654697578e-76,0.5523105
Rep,Trp53,19.000087050788917,1.7026186114006e-80,2.2540967796332542e-76,0.46065563
Rep,Nono,18.977710231370033,2.607131435324839e-80,3.451581307226554e-76,0.46256387
Rep,Cad,18.96528862843462,3.302098399225266e-80,4.3716480707343296e-76,0.78348875
Rep,Rpn1,18.956251725054052,3.9211257289151674e-80,5.19117835251079e-76,0.36283684
Rep,Trmt2a,18.915807960274066,8.45152743041136e-80,1.11889771651216e-75,0.7892854
Rep,Pdia3,18.90668794526488,1.0047236732682431e-79,1.330153671039827e-75,0.30472374
Rep,Pfas,18.906681591850138,1.0048447057494219e-79,1.3303139059416597e-75,0.8971095
Rep,Wdr43,18.84254622312823,3.382930986229739e-79,4.478662332669551e-75,0.6331606
Rep,Dynll2,18.82904213226426,4.3658622958270233e-79,5.779965093445396e-75,0.5433531
Rep,Nutm1,18.824820565995697,4.7280735596493023e-79,6.259496585619711e-75,1.0393519
Rep,Hdgf,18.786976020938663,9.652526146995339e-79,1.2778979366007129e-74,0.34182727
Rep,Eny2,18.78580248611912,9.868306499389992e-79,1.306465097454241e-74,0.33026862
Rep,Oxct1,18.781055119581882,1.0791420377451279e-78,1.4286761437707748e-74,0.42421037
Rep,Thap12,18.703146315262764,4.666804277386376e-78,6.178382182831824e-74,0.7980609
Rep,Sf3a3,18.70020445231177,4.931527177081396e-78,6.52884882973806e-74,0.57044405
Rep,Tmem14c,18.68977540020024,5.996490861603177e-78,7.938754251676445e-74,0.3457104
Rep,Bola2,18.67430017705501,8.013333268779433e-78,1.0608851914537092e-73,0.39827216
Rep,Lsm8,18.640916344209636,1.4965513307626168e-77,1.9812843067966283e-73,0.44352305
Rep,Ppan,18.633393330227058,1.7224923626197467e-77,2.2804076388722827e-73,0.5247024
Rep,Tmem107,18.628744809038274,1.8787887659387855e-77,2.487328447226358e-73,0.7134336
Rep,Paxip1,18.622389212796982,2.1156099633424055e-77,2.8008560304690107e-73,0.9388218
Rep,Cdca7l,18.613752534455486,2.485820303955329e-77,3.29097750040646e-73,0.7826276
Rep,Ddx18,18.610639944077825,2.6345203425525968e-77,3.4878414815053826e-73,0.5644314
Rep,Map4k1,18.606493000538066,2.846503471989068e-77,3.768485946566327e-73,0.44693044
Rep,Nop14,18.600289657662,3.1957639165219152e-77,4.230871849083364e-73,0.66495013
Rep,Ptrh2,18.585352703529207,4.222152478562218e-77,5.5897076663685203e-73,0.588312
Rep,Ddx27,18.57812552178371,4.8308642663952396e-77,6.395581202280658e-73,0.5596671
Rep,Pals2,18.575828089652973,5.042125385140584e-77,6.67526979738762e-73,0.4697498
Rep,Pole2,18.569499153000994,5.672963966732403e-77,7.510436995557028e-73,0.83970547
Rep,Hspa8,18.556768353922653,7.190186712099239e-77,9.519088188148183e-73,0.27265978
Rep,Agpat5,18.547764647494525,8.501467848155291e-77,1.125509328417279e-72,0.52480394
Rep,Naf1,18.53771214543333,1.024898596164615e-76,1.3568632514623338e-72,0.90031064
Rep,Hspa4,18.52770419109035,1.2344247725453818e-76,1.634254956372831e-72,0.46490097
Rep,Prps1,18.510601132609313,1.695974439383743e-76,2.2453005603001374e-72,0.6876005
Rep,Kntc1,18.49399289083809,2.30813664180803e-76,3.055742100089651e-72,1.570416
Rep,Srrm1,18.471864013967952,3.478625866723477e-76,4.605352784955212e-72,0.40420884
Rep,Slc38a1,18.460230601747355,4.3149547494936223e-76,5.712568592854606e-72,0.7712115
Rep,Gatm,18.44165721432273,6.084741078335594e-76,8.055588713608493e-72,0.5469677
Rep,Fmr1,18.42912389525825,7.671534914246175e-76,1.015634507297051e-71,0.6546844
Rep,Golt1b,18.40311200088858,1.240325667350792e-75,1.6420671510057135e-71,0.6465112
Rep,Fxn,18.398847707150857,1.341879921062664e-75,1.776514827494861e-71,0.64859426
Rep,Smc1a,18.394939045523685,1.4422292602451165e-75,1.90936731763851e-71,0.4181977
Rep,Timm9,18.3870960051328,1.6667164317105426e-75,2.206565883941587e-71,0.5611886
Rep,Enkd1,18.385235355929396,1.7248952002358058e-75,2.283588755592183e-71,0.8335036
Rep,Thop1,18.380615376453814,1.8782582530107837e-75,2.4866261011609766e-71,0.82685363
Rep,Trim27,18.357846080231454,2.8571700340929567e-75,3.782607408135666e-71,0.4542349
Rep,Wdr18,18.34419065646914,3.6735641068726986e-75,4.8634315210887656e-71,0.61676794
Rep,Mrps18b,18.323745087162806,5.350122102597165e-75,7.083026651628387e-71,0.55577147
Rep,Tor3a,18.321982719468668,5.526234306837877e-75,7.316181598822665e-71,0.74018645
Rep,Bola1,18.299709525878498,8.31912341538895e-75,1.101368748963343e-70,0.47530237
Rep,Ppp1r14b,18.293472262567363,9.327960885432556e-75,1.2349287416224162e-70,0.3294865
Rep,Tex30,18.270175667800622,1.4298969487702005e-74,1.8930405704768683e-70,0.63285744
Rep,Larp1,18.262576998811994,1.6434801899214263e-74,2.175803423436976e-70,0.55018544
Rep,Snrpd3,18.251623610381223,2.008502816239331e-74,2.6590568784192502e-70,0.36426044
Rep,Adsl,18.22883930292217,3.0471975863990257e-74,4.03418488463367e-70,0.58405375
Rep,Rcc1,18.227630153332246,3.1153108766249854e-74,4.124360069563818e-70,0.6575364
Rep,Ppif,18.193422434695673,5.8190487544675185e-74,7.703838646039548e-70,0.6974741
Rep,Hnrnpa2b1,18.17052546104485,8.8348205951568e-74,1.1696418985928088e-69,0.2722516
Rep,Gtpbp4,18.156913983616974,1.1321241752722552e-73,1.4988191956429387e-69,0.5260193
Rep,Mrpl20,18.156334225616373,1.144140679988315e-73,1.5147278462365301e-69,0.337255
Rep,Psma3,18.14899973157307,1.3076035546239243e-73,1.7311363459666132e-69,0.3045671
Rep,Nop16,18.1408181816948,1.5175509133195165e-73,2.0090856541437078e-69,0.52045804
Rep,Znhit3,18.132505466034868,1.765295854527533e-73,2.337075181809001e-69,0.5673356
Rep,Sqle,18.0923111785275,3.663941490563543e-73,4.850692139357075e-69,0.5798516
Rep,Tma16,18.087612827264742,3.98999760892639e-73,5.282357834457648e-69,0.6460838
Rep,Usp37,18.08573583380855,4.128203620787662e-73,5.465328773560786e-69,0.92504597
Rep,Slfn9,18.084808652310773,4.198224265349868e-73,5.55802910489669e-69,1.3830726
Rep,Bola3,18.06561894568836,5.94514517088568e-73,7.870777691735552e-69,0.47162524
Rep,Polr3h,18.059593905050995,6.630859519332698e-73,8.778594917644559e-69,0.538158
Rep,Eif4a3,18.025277024218344,1.233924760127307e-72,1.6335929899325418e-68,0.48939842
Rep,Eef1d,18.02114342295124,1.3296671846889412e-72,1.7603463858096892e-68,0.2756288
Rep,Exosc3,18.009953308175653,1.627657874054437e-72,2.154856259460669e-68,0.4564922
Rep,Dis3,17.992331488913717,2.2374301422684735e-72,2.9621337653492323e-68,0.8999821
Rep,Mrpl36,17.992284703355708,2.2393201470254147e-72,2.9646359426469467e-68,0.4235806
Rep,Idh2,17.989477629978488,2.355679251944859e-72,3.118683761649799e-68,0.4135015
Rep,Slc19a1,17.984687879627106,2.568308262716063e-72,3.4001833090097957e-68,0.7000234
Rep,Fubp1,17.982470124984758,2.6731382438490716e-72,3.538967721031786e-68,0.46937555
Rep,Eif6,17.970400941583325,3.3230443928514564e-72,4.399378471696043e-68,0.4151483
Rep,Eif1a,17.9654752975767,3.631542459243643e-72,4.807799061792659e-68,0.51173073
Rep,Slc16a1,17.962091072041087,3.8598881769771323e-72,5.110105957500026e-68,0.78811026
Rep,Nans,17.961703186854844,3.886957936494985e-72,5.145943612125711e-68,0.4689749
Rep,Rdx,17.959812863610807,4.0216130299443066e-72,5.324213490343268e-68,0.45824614
Rep,E2f7,17.94581428225387,5.174651390180647e-72,6.850720975460158e-68,1.4463258
Rep,Haus5,17.94378930652067,5.366746802265616e-72,7.105036091519449e-68,0.87052894
Rep,Pbdc1,17.94277225669553,5.465892719902738e-72,7.236295371879235e-68,0.4822015
Rep,Snhg4,17.909416303824287,9.957427555292354e-72,1.3182638340451547e-67,0.5755265
Rep,Znrd2,17.88925435819745,1.4300917123047722e-71,1.8932984179202878e-67,0.55134594
Rep,Lsm7,17.88500944116003,1.5432704348644454e-71,2.0431357287170394e-67,0.35977602
Rep,Neil3,17.863547237067316,2.267592198798525e-71,3.0020653119893675e-67,0.6398325
Rep,Atp5mc3,17.809449654771075,5.969386778696949e-71,7.90287115631689e-67,0.2908901
Rep,H2ac24,17.790963540246818,8.303963593383071e-71,1.0993617401279848e-66,0.9812658
Rep,Ruvbl2,17.785763719704715,9.111339508042137e-71,1.2062502374696985e-66,0.5037493
Rep,Psma4,17.784549468173154,9.310876561100425e-71,1.2326669479240854e-66,0.34506774
Rep,Trappc5,17.757424904962107,1.5100537331485106e-70,1.9991601373153132e-66,0.536112
Rep,Qdpr,17.71574971918564,3.169759680716254e-70,4.1964448413002487e-66,0.6393535
Rep,Noc2l,17.70073019960383,4.13905653478113e-70,5.479696946396738e-66,0.5893324
Rep,Prpf31,17.690026377724724,5.005198835591105e-70,6.626382738439064e-66,0.5665436
Rep,Hmgn1,17.683847544624626,5.5851367461723277e-70,7.394162538257545e-66,0.8619553
Rep,Gps1,17.65333441834609,9.592187298843771e-70,1.2699096764939268e-65,0.571293
Rep,Brip1os,17.633110777196396,1.372059725608351e-69,1.8164698707328958e-65,0.7305764
Rep,Eef1e1,17.60252449710447,2.355850135517228e-69,3.1189099944112583e-65,0.56881547
Rep,Pdxp,17.597604676770004,2.5696470826334465e-69,3.4019557726984197e-65,0.8837075
Rep,Mybbp1a,17.587671073457763,3.0620600479179836e-69,4.053861297438619e-65,0.5118296
Rep,Idi1,17.577334681237375,3.674480234867979e-69,4.864644382941718e-65,0.65453315
Rep,Ppig,17.56747866609473,4.3717478776969964e-69,5.787757015283054e-65,0.36824298
Rep,Ddx1,17.54819088798639,6.140499169433139e-69,8.129406850412533e-65,0.54066384
Rep,Spc24,17.540209077903047,7.066692539231163e-69,9.355594252688137e-65,0.46673578
Rep,Bag2,17.53052762116594,8.378836316518146e-69,1.1092741399438373e-64,1.1815548
Rep,Dmkn,17.494978988525663,1.564701743817979e-68,2.0715086386406223e-64,0.6366069
Rep,H2az1,17.456795904866688,3.056129730888333e-68,4.046010150723064e-64,0.28712893
Rep,Nol11,17.44655693837963,3.6561817476698117e-68,4.840419015740064e-64,0.6172786
Rep,Ubtf,17.445699770865637,3.711449249272269e-68,4.913587661111557e-64,0.5184884
Rep,Manf,17.44087752299238,4.0382561794928385e-68,5.346247356030569e-64,0.34771228
Rep,Abce1,17.436542479723,4.3564499813468756e-68,5.7675041303051285e-64,0.5974766
Rep,Clns1a,17.419149813767202,5.904800848526137e-68,7.817365843363753e-64,0.43261802
Rep,Mrps34,17.414968696495777,6.352363776821057e-68,8.409894404133397e-64,0.4867469
Rep,Uchl3,17.41129866553023,6.772993267524472e-68,8.966765786875648e-64,0.51741123
Rep,Txnl1,17.41031509267518,6.8903649288302025e-68,9.122154129278305e-64,0.37105805
Rep,Ccdc86,17.399450128639067,8.329868463182825e-68,1.1027912858407742e-63,0.80474126
Rep,Sfxn1,17.38556820802591,1.0613025421841723e-67,1.4050584355976256e-63,0.40505075
Rep,Hnrnpk,17.36164837522429,1.6103291338664423e-67,2.131914740325783e-63,0.26318693
Rep,Grwd1,17.35986701688422,1.661077117743779e-67,2.199099996180989e-63,0.7853706
Rep,Park7,17.353213955188902,1.8651121892566896e-67,2.4692220273569315e-63,0.28868997
Rep,Cavin3,17.314137810324336,3.6799310778118256e-67,4.871860753915076e-63,1.1659889
Rep,Hacd1,17.31241068651147,3.792006482150614e-67,5.020237381719198e-63,0.49723503
Rep,Ssr2,17.306315234421735,4.2154380889657776e-67,5.580818485981793e-63,0.3510654
Rep,Dhrs13,17.27470508624765,7.294533696061271e-67,9.657233160215516e-63,1.080039
Rep,Aurkb,17.27372745379168,7.419185758817005e-67,9.822260026097833e-63,0.43965194
Rep,Cacna1a,17.242114066889926,1.2825948704888184e-66,1.6980273490401467e-62,1.305268
Rep,Ola1,17.231918212777746,1.5299253804280317e-66,2.0254682111486713e-62,0.43701038
Rep,Eif4g1,17.210858909073263,2.201423423797396e-66,2.9144644707653722e-62,0.4455404
Rep,Cops3,17.208256551877174,2.3026020046199374e-66,3.0484147939163352e-62,0.49631003
Rep,Usp14,17.1921923295481,3.0382319901170696e-66,4.022315331715988e-62,0.5420012
Rep,Timm10,17.190691045903325,3.117937546520253e-66,4.127837517838163e-62,0.57174677
Rep,Tfrc,17.18356585673971,3.5255804409275877e-66,4.667515945744033e-62,0.8310423
Rep,Ndufa5,17.177763803927117,3.896441378052988e-66,5.15849874040435e-62,0.37010694
Rep,Selenoh,17.174641828494384,4.1118288388792147e-66,5.443650199792193e-62,0.33895266
Rep,Pop5,17.144459975137117,6.913818556045878e-66,9.153204386349138e-62,0.52780306
Rep,Mphosph10,17.112803959206094,1.191242640031496e-65,1.5770861311376977e-61,0.43038988
Rep,Mad2l2,17.107409670561257,1.3068334584169477e-65,1.730116815598197e-61,0.5521906
Rep,Prkar2a,17.095283701724426,1.609110750821726e-65,2.130301723012883e-61,0.8029269
Rep,Septin11,17.090754099925068,1.7391030301064965e-65,2.3023985015579908e-61,0.75289214
Rep,Blm,17.073071701137362,2.354778936432521e-65,3.117491833943014e-61,0.8220527
Rep,Brix1,17.069124423232616,2.519501052373913e-65,3.335567443237823e-61,0.43506053
Rep,Wdr74,17.038003678451293,4.2913142784067e-65,5.6812709731826304e-61,0.54455
Rep,Nifk,16.995259351323305,8.903570422288177e-65,1.1787436882067318e-60,0.52859706
Rep,Emg1,16.989795321901937,9.772960131044471e-65,1.2938421917489774e-60,0.36638546
Rep,Cks1b,16.98704327232696,1.0242372333145754e-64,1.3559876731851664e-60,0.33922476
Rep,Ndc1,16.958219977740626,1.673374030377427e-64,2.2153798788166758e-60,0.7248676
Rep,Pla2g12a,16.95545112784066,1.7540985350492324e-64,2.3222510505516787e-60,0.34765553
Rep,Them6,16.935873406998912,2.4469930116286736e-64,3.239574048095201e-60,0.7523763
Rep,Pno1,16.913076777261175,3.603907373455032e-64,4.771212971717117e-60,0.6359616
Rep,Hnrnpdl,16.904611363294112,4.160587169237342e-64,5.508201353353316e-60,0.43500215
Rep,Nudt8,16.89961241495753,4.52873530528373e-64,5.99559267066513e-60,0.5529916
Rep,Xrcc6,16.88466573514412,5.8345832878988275e-64,7.724404814849257e-60,0.68340135
Rep,Gars1,16.87918381265479,6.402385990809345e-64,8.476118813232491e-60,0.44206497
Rep,Psmg2,16.861349366890334,8.658941075913765e-64,1.1463572090402234e-59,0.54154915
Rep,Nudcd1,16.85908594897222,8.996966581247371e-64,1.1911084056913393e-59,0.8186078
Rep,Tmem109,16.836559438527622,1.3167319003588757e-63,1.7432213628851157e-59,1.3579249
Rep,Pin1,16.80343535097559,2.3030988593961304e-63,3.0490725799545372e-59,0.42938128
Rep,Recql4,16.777892910568447,3.541819960192248e-63,4.689015445298517e-59,1.3721316
Rep,Ulbp1,16.749520108927694,5.708490940369944e-63,7.55747115595577e-59,0.7513697
Rep,Dbr1,16.74174451888819,6.505337267973657e-63,8.612416009070324e-59,0.7275945
Rep,Utp18,16.7403013285962,6.664993925341866e-63,8.823785457760096e-59,0.57778114
Rep,Knop1,16.73134026313921,7.747510091346238e-63,1.0256928609933286e-58,0.5370707
Rep,Rcl1,16.711454232353958,1.0816520397834798e-62,1.4319991354693488e-58,0.6589643
Rep,Atm,16.71012947153022,1.1059515096317072e-62,1.4641692036014171e-58,1.0343115
Rep,AU020206,16.709113041309152,1.1249635375673526e-62,1.489339227385418e-58,0.5794442
Rep,Utp20,16.701362404664824,1.281059601444269e-62,1.695994806352068e-58,0.9365015
Rep,Kdelr2,16.693383971070524,1.4643052386661219e-62,1.938593705470079e-58,0.3455196
Rep,Cenpw,16.691859439660938,1.5021839289180453e-62,1.9887413034946003e-58,0.3988446
Rep,Mrps5,16.687099496811545,1.626847616134754e-62,2.1537835590008007e-58,0.5474933
Rep,Strap,16.668733086517182,2.2123406655721336e-62,2.9289178071509476e-58,0.421316
Rep,Prdx1,16.645590659296545,3.2573622282794405e-62,4.312421854019151e-58,0.3955636
Rep,H1f4,16.64156082471466,3.484167032714182e-62,4.612688734610306e-58,0.65360475
Rep,Wdr12,16.640675079429226,3.5360901560623264e-62,4.681429757610914e-58,0.48917347
Rep,Eif5b,16.612941843907944,5.616973327770039e-62,7.436310988634755e-58,0.3938636
Rep,Dnph1,16.610770434173105,5.8240383459646045e-62,7.71044436622254e-58,0.5539279
Rep,Pycr3,16.606896681270005,6.212503691080604e-62,8.224733636621611e-58,0.57787216
Rep,Chtf18,16.602871687431236,6.643501860278993e-62,8.795332112823359e-58,1.2390213
Rep,Jpt2,16.601009735769253,6.852835973925172e-62,9.072469545879536e-58,0.76514554
Rep,Pfdn6,16.59814718476004,7.1875541148610075e-62,9.515602892664487e-58,0.38211998
Rep,Pxmp2,16.588572749192657,8.429992462875092e-62,1.1160467021600334e-57,0.91032004
Rep,U2surp,16.58140748840255,9.497803909581152e-62,1.2574142595894487e-57,0.413977
Rep,Xpo1,16.560482106640396,1.3451191532216673e-61,1.7808032469501654e-57,0.5818528
Rep,Haus6,16.55383516131538,1.5022075177174671e-61,1.9887725327061548e-57,0.96186304
Rep,Vdac3,16.55180711340381,1.5536814758137279e-61,2.0569189058297943e-57,0.35265046
Rep,Mcrip2,16.541460517192462,1.844944898743097e-61,2.4425225514459862e-57,0.66170096
Rep,Hspa5,16.541232243142403,1.851949879828939e-61,2.4517964459055326e-57,0.37643003
Rep,Fkbp1a,16.528424657884706,2.2905210288238878e-61,3.032420790059945e-57,0.36362225
Rep,Mrpl15,16.52446225335016,2.446116846970687e-61,3.2384140937044924e-57,0.404098
Rep,Nup62,16.504335841164796,3.414692176679442e-61,4.5207109727059135e-57,0.54353046
Rep,4930579G24Rik,16.50356406248292,3.4586252140831354e-61,4.578873920924663e-57,0.92071056
Rep,Me2,16.494992128034927,3.9861174567046556e-61,5.277220900931293e-57,0.49042925
Rep,Exosc2,16.48651618847733,4.586432978733158e-61,6.071978620544828e-57,0.87191916
Rep,Mrps26,16.481039962809827,5.021362440055564e-61,6.647781734389562e-57,0.41664067
Rep,Sod2,16.455507366832748,7.657750409514988e-61,1.0138095767156892e-56,0.39538616
Rep,Rwdd1,16.45216343346435,8.092522980194292e-61,1.0713691173479222e-56,0.34949178
Rep,Actl6a,16.449873501367275,8.40435856899475e-61,1.112653030949215e-56,0.50267506
Rep,Chchd4,16.424433236509387,1.2787299640950466e-60,1.6929105994654322e-56,0.47284645
Rep,Rnps1,16.419810038723295,1.3799807622513544e-60,1.826956531144568e-56,0.42627415
Rep,Cenpx,16.416030010778897,1.468671595373414e-60,1.9443743251148627e-56,0.34070253
Rep,Hsp90b1,16.4156984704156,1.4767162701699257e-60,1.9550246700779647e-56,0.32188392
Rep,Fastkd3,16.411105473321673,1.5927871180598922e-60,2.1086908655994915e-56,1.1198783
Rep,Rad18,16.399157287199678,1.9390922568751903e-60,2.5671642388770647e-56,0.80915797
Rep,Stip1,16.39611061014813,2.0388026363935899e-60,2.6991708103214736e-56,0.49883986
Rep,Trim28,16.386951449434264,2.370379454213147e-60,3.1381453594327854e-56,0.4110117
Rep,Sdad1,16.369409812661054,3.162659671052056e-60,4.187045138505817e-56,0.6285732
Rep,Ak2,16.363764764098654,3.469969853612207e-60,4.593893089197201e-56,0.36547136
Rep,Mrpl28,16.363597599192346,3.479510002952657e-60,4.606523292909023e-56,0.4091177
Rep,Oser1,16.351180718057087,4.266324847944705e-60,5.648187466193995e-56,0.60778713
Rep,Tspan3,16.350636357509764,4.3046102635215107e-60,5.698873527876128e-56,0.6838325
Rep,Ide,16.341384450414303,5.010221956352861e-60,6.633032848015554e-56,0.5299981
Rep,Naa20,16.330911767074603,5.948861640662791e-60,7.8756979260734685e-56,0.5433992
Rep,Bex3,16.309922016895722,8.389978661010121e-60,1.11074927493113e-55,0.74300885
Rep,Nfx1,16.29800069156255,1.0197357273363734e-59,1.3500281294206249e-55,0.673293
Rep,Tomm70a,16.296737059517568,1.0410338888600348e-59,1.3782247654618e-55,0.4622686
Rep,Smc4,16.275767178662967,1.466697333166129e-59,1.941760599378638e-55,0.28405666
Rep,Uqcc6,16.275548309465794,1.471951025646572e-59,1.9487159628534968e-55,0.55525845
Rep,Naa40,16.274982249527955,1.485625725356018e-59,1.966819897798832e-55,0.73216903
Rep,Mogs,16.262023002708872,1.8357521058694921e-59,2.4303522129606205e-55,0.42891502
Rep,Sf3b3,16.25893901450555,1.9305204879274384e-59,2.5558160739671357e-55,0.42358795
Rep,Uck2,16.242281784597846,2.533235159339208e-59,3.353750027449177e-55,0.48285812
Rep,Naa10,16.240242712509797,2.6188595166224804e-59,3.467108114056502e-55,0.36261344
Rep,Psph,16.238166191316303,2.7090198627098817e-59,3.586471396241612e-55,0.5222727
Rep,Xpo4,16.237862927000943,2.722443554677233e-59,3.604243022037189e-55,0.7304014
Rep,Npm3,16.233021458558657,2.9459436980112806e-59,3.900134861797135e-55,0.4008173
Rep,Pkmyt1,16.226614217081412,3.270063515730324e-59,4.329237088475376e-55,0.95737004
Rep,Cct7,16.226458671849805,3.278358642411258e-59,4.340219006688264e-55,0.3031925
Rep,Scaf11,16.212856775996002,4.091015904285809e-59,5.416095955683982e-55,0.36190778
Rep,Nup155,16.20053124797745,4.999331606516892e-59,6.618615113867713e-55,0.75417185
Rep,Arl6ip6,16.19639379160295,5.347227320909529e-59,7.079194250152125e-55,0.5745467
Rep,Orc1,16.186901990964998,6.23917454621414e-59,8.2600431817329e-55,1.6043346
Rep,Naa12,16.185477247253573,6.385286913031773e-59,8.453481344162764e-55,0.34617126
Rep,Siah2,16.177570172114436,7.260363766073163e-59,9.61199558990426e-55,0.71649146
Rep,Derl3,16.176963259052883,7.332271528261468e-59,9.707194276265359e-55,1.0999424
Rep,Slc7a1,16.173560618844622,7.748759312784697e-59,1.0258582454195661e-54,0.7130289
Rep,Mcmbp,16.167537725269653,8.544569230812599e-59,1.13121552046728e-54,0.4910184
Rep,Eif2b3,16.163053397492387,9.189501658318734e-59,1.2165981245448171e-54,0.67742276
Rep,Mtf2,16.146964262101523,1.192897441286166e-58,1.579276922518755e-54,0.4844011
Rep,Zwilch,16.1186521934392,1.8867958081846386e-58,2.497928970455643e-54,0.9609277
Rep,Srsf11,16.10773405008783,2.2512343631703326e-58,2.9804091734012035e-54,0.33710647
Rep,Psma5,16.0986534625709,2.607168493409728e-58,3.451630368425139e-54,0.30974507
Rep,Arpc5l,16.09386119202921,2.8170714557795292e-58,3.7295209003065184e-54,0.42148438
Rep,Psmg3,16.088830313239978,3.0555565108719896e-58,4.045251264743427e-54,0.50843495
Rep,Isyna1,16.071856767635843,4.018664847402956e-58,5.320310391476774e-54,0.47284308
Rep,Eif3g,16.069070878066476,4.203394003084898e-58,5.564873320684096e-54,0.3844253
Rep,Atp2a2,16.040229074049186,6.690711114017218e-58,8.857832443847395e-54,0.5813296
Rep,Mrpl40,16.024697721478617,8.59076126314928e-58,1.137330883628333e-53,0.47707838
Rep,Meaf6,16.016938448162175,9.732568923854237e-58,1.2884947998290624e-53,0.59110236
Rep,Pradc1,16.0138094765647,1.023469491848904e-57,1.3549712602587638e-53,0.72391117
Rep,Pfdn2,16.001938664983356,1.2385739255730694e-57,1.6397480200661867e-53,0.35844368
Rep,Immt,15.989267897813704,1.5180449486513987e-57,2.0097397075195869e-53,0.42238432
Rep,Ctsg,15.98682964094889,1.5786303327461266e-57,2.089948697522597e-53,0.2941985
Rep,Mrpl41,15.986253588852044,1.5932921828438097e-57,2.1093595208669194e-53,0.44413507
Rep,Cyc1,15.959928533774287,2.4300949917554914e-57,3.217202759585095e-53,0.3042456
Rep,Tardbp,15.947835829391535,2.949418597638026e-57,3.904735281412983e-53,0.42594686
Rep,Macroh2a1,15.946504040862871,3.012978702768062e-57,3.988882504594637e-53,0.28918946
Rep,Dpy19l1,15.901852650959377,6.151821382336935e-57,8.144396328075868e-53,0.7187116
Rep,Obi1,15.88816330055337,7.653745080065815e-57,1.0132793111499133e-52,0.7913053
Rep,Dnajc3,15.862445924059946,1.1531398513947403e-56,1.5266418492614966e-52,0.39670712
Rep,Ipo7,15.856439257409676,1.2688699519533645e-56,1.6798569293910594e-52,0.5595368
Rep,Nme4,15.840221381679306,1.6424159224511035e-56,2.174394439733016e-52,0.53505003
Rep,Etaa1,15.816418918661283,2.397468297014793e-56,3.1740082784178843e-52,0.82388735
Rep,Mrfap1,15.785602290548454,3.9090021951161815e-56,5.175128006114313e-52,0.3008299
Rep,Wdr75,15.777103849098259,4.4724364393298805e-56,5.921058602028829e-52,0.6814029
Rep,Coq2,15.772815670622576,4.786736481782378e-56,6.33716042823169e-52,0.57262176
Rep,Banf1,15.762680030177114,5.619837907805543e-56,7.440103406143758e-52,0.2820617
Rep,Pelp1,15.737940128673577,8.310520833921736e-56,1.1002298532028986e-51,0.6856079
Rep,Tfam,15.732552969568562,9.048782429652401e-56,1.1979683058616814e-51,0.6115699
Rep,Rpain,15.728959884416355,9.577137612273849e-56,1.2679172484889348e-51,0.6016352
Rep,Imp4,15.69855590668983,1.5472418775502698e-55,2.0483935216888022e-51,0.47611013
Rep,Rad1,15.697355537863922,1.5767931094546805e-55,2.0875163976070514e-51,0.7264948
Rep,Wdr77,15.693013205381504,1.6884674452873947e-55,2.235362050815982e-51,0.58088005
Rep,Mettl1,15.660605601233502,2.8120671571429016e-55,3.7228957093414873e-51,0.60532415
Rep,9130401M01Rik,15.658917353396657,2.8877116175357544e-55,3.823041410455585e-51,0.4431296
Rep,Mphosph8,15.633156989521625,4.328171790481226e-55,5.730066633418095e-51,0.494363
Rep,Lsm6,15.621547502818704,5.192979950454586e-55,6.874986156406826e-51,0.2862991
Rep,Bclaf1,15.599003463963212,7.393926527897999e-55,9.78881933028416e-51,0.38574597
Rep,Cenpv,15.597937456033133,7.518410958703165e-55,9.953624268227121e-51,0.53654915
Rep,Tceal9,15.559554600088903,1.3704927936254874e-54,1.8143954094807828e-50,0.49264547
Rep,Stoml2,15.55336828754987,1.5095354565618552e-54,1.99847399094224e-50,0.39324367
Rep,Rrp8,15.549456325548846,1.6046216626768335e-54,2.12435861921786e-50,0.59340584
Rep,Mrps17,15.548628468096593,1.6254963338190032e-54,2.151994596342978e-50,0.36974496
Rep,Itpa,15.548624682011203,1.625592419671624e-54,2.152121804403263e-50,0.54178894
Rep,Bop1,15.535104669247684,2.007442202017855e-54,2.6576527312514383e-50,0.5169861
Rep,Hnrnpa3,15.52305715017481,2.4223006562357273e-54,3.2068838387904795e-50,0.29200053
Rep,Ube2t,15.509480382681508,2.99291080180487e-54,3.9623146105094674e-50,0.61700094
Rep,Ciapin1,15.505483619437248,3.18509396614939e-54,4.2167459017851774e-50,0.49553168
Rep,Foxd2os,15.503456930025827,3.2871935877217056e-54,4.351915590784766e-50,1.1329331
Rep,Hars1,15.494405847560003,3.784430870829234e-54,5.010208029890823e-50,0.50618446
Rep,Thrap3,15.493113702802335,3.86127874094972e-54,5.111946925143334e-50,0.4383206
Rep,Anapc11,15.485214191868437,4.3660602832702485e-54,5.780227209021482e-50,0.35452637
Rep,Hnrnpa0,15.47881112973707,4.823035753176618e-54,6.385217033630525e-50,0.36872077
Rep,Carnmt1,15.47735982765824,4.9330621933663245e-54,6.530881037797677e-50,0.4877169
Rep,Chlsn,15.459661835168069,6.493854572840382e-54,8.597214068983382e-50,0.5072542
Rep,Ddx46,15.457737599090686,6.690749644664002e-54,8.857883454570673e-50,0.3644104
Rep,Utp4,15.44123370842441,8.643106129671808e-54,1.1442608205072506e-49,0.668017
Rep,Tsen34,15.440629838074372,8.72441251119923e-54,1.1550249723576662e-49,0.59310853
Rep,Nme2,15.439862492022314,8.828829383194568e-54,1.1688487220411288e-49,0.27558398
Rep,Vegfb,15.355559620901278,3.250921158477716e-53,4.303894521708649e-49,0.625504
Rep,Pole4,15.351916826668543,3.4387367665702804e-53,4.5525436052623944e-49,0.40025005
Rep,Ddx56,15.344662360933263,3.845549678012643e-53,5.091123218720938e-49,0.561661
Rep,Dhodh,15.307659597722624,6.796590428350616e-53,8.99800606809338e-49,0.7324399
Rep,Emc8,15.288015032510847,9.190899729514273e-53,1.2167832151903947e-48,0.47144398
Rep,Nup54,15.276274313129457,1.10055427043321e-52,1.4570237986265268e-48,0.6231195
Rep,Xndc1,15.273639526261931,1.1459468446047054e-52,1.5171190275721696e-48,0.9340756
Rep,Erg28,15.267885739627326,1.2516586152033155e-52,1.6570708406676693e-48,0.4124101
Rep,Mtx2,15.25906795564605,1.4328026971461142e-52,1.8968874907517408e-48,0.4144188
Rep,Rpp40,15.250828079516959,1.6255836739598748e-52,2.1521102259554783e-48,0.9929218
Rep,Senp1,15.23381065492761,2.1093060438824537e-52,2.7925102714959803e-48,0.4790368
Rep,H1f3,15.232245562017912,2.1604185689852153e-52,2.8601781434795264e-48,0.8033972
Rep,Pcgf6,15.228321186999665,2.2940683707567374e-52,3.0371171160448446e-48,0.87509894
Rep,Psmc4,15.227980017939295,2.306069155834251e-52,3.053004955408965e-48,0.39184958
Rep,Pex39,15.225032607564778,2.412383130398993e-52,3.193754026335227e-48,0.41044685
Rep,BC003965,15.224310445424834,2.4391675767371756e-52,3.229213954842347e-48,0.43743464
Rep,Naa15,15.222061231286554,2.52450127823208e-52,3.342187242251451e-48,0.4612718
Rep,Lap3,15.201976520521015,3.431102627832458e-52,4.5424367689873914e-48,0.50544107
Rep,Ino80e,15.197226089560802,3.68915051816814e-52,4.8840663710028e-48,0.4908585
Rep,Pask,15.19551127726482,3.7869730267779855e-52,5.013573590151375e-48,1.2637424
Rep,Ddx39a,15.195226591656308,3.8034612419971145e-52,5.03540233827998e-48,0.29994762
Rep,Fancm,15.191772604267117,4.009293600436643e-52,5.3079037976180714e-48,1.0240514
Rep,Psma1,15.191222655388112,4.0430748637128315e-52,5.3526268120694174e-48,0.31012273
Rep,1500011B03Rik,15.18496533892718,4.447982885557522e-52,5.888684542189603e-48,0.429179
Rep,Gins3,15.164805191323007,6.0478078118002955e-52,8.006692762042411e-48,1.060406
Rep,Ube2n,15.1617569442202,6.3351697260752e-52,8.387131200350958e-48,0.38569987
Rep,Uri1,15.161335689861382,6.3759367437192865e-52,8.441102655009963e-48,0.47682542
Rep,Pus7,15.105158925572601,1.4974493209904233e-51,1.9824731560592216e-47,0.7356353
Rep,Spata24,15.10177200938317,1.5763935945823668e-51,2.0869874798675953e-47,0.76164436
Rep,Mtap,15.084299126012944,2.0544461207003375e-51,2.719881219195177e-47,0.861995
Rep,Dipk1b,15.072767348915319,2.4464714580943873e-51,3.2388835633711596e-47,0.46998376
Rep,Khdrbs1,15.040610342830572,3.9786481100661403e-51,5.2673322329165635e-47,0.34618357
Rep,Eif4e,15.037136641138357,4.192979729185353e-51,5.551085863468489e-47,0.41066635
Rep,Nap1l4,15.03357772346724,4.424493842563033e-51,5.8575873981692e-47,0.3718452
Rep,Sigmar1,15.02558396923463,4.991946538033655e-51,6.608838021702756e-47,0.52886987
Rep,Eif3c,15.023359305209611,5.162376877726096e-51,6.834470748421578e-47,0.2840867
Rep,Cyb5b,15.016766943978029,5.702187577632392e-51,7.549126134027523e-47,0.46339524
Rep,Pus1,14.97979940801128,9.951694146987931e-51,1.3175047881197322e-46,0.51592606
Rep,Mrpl50,14.962194049815245,1.2967915394722696e-50,1.7168223191073377e-46,0.5301344
Rep,Tial1,14.958042938547578,1.380256478943287e-50,1.827321552473018e-46,0.45091507
Rep,Stub1,14.957415126386962,1.39333699482908e-50,1.844638847454219e-46,0.37515137
Rep,Spcs3,14.956656348143722,1.4093110188293488e-50,1.865786857828175e-46,0.3563763
Rep,Naa16,14.941884621644716,1.7592840789575833e-50,2.3291161921319446e-46,0.6130886
Rep,Ilf2,14.934536350671,1.9643562223225213e-50,2.600611202732786e-46,0.37232065
Rep,Got2,14.912889874222632,2.7173254527859587e-50,3.597467166943331e-46,0.39554214
Rep,Higd1a,14.901672857232304,3.2142985816750324e-50,4.255409892279575e-46,0.28888
Rep,Elavl1,14.89261544778948,3.68084127737139e-50,4.873065767111984e-46,0.3910005
Rep,Grpel1,14.884657930487533,4.146015159352881e-50,5.488909469467279e-46,0.35507903
Rep,Pnn,14.882285173117301,4.295725899848632e-50,5.6871115188096035e-46,0.37298858
Rep,Tspan4,14.869215386489312,5.222176470947503e-50,6.913639429887399e-46,0.51110774
Rep,Noc4l,14.863693058118107,5.671081724573056e-50,7.507945095162269e-46,0.48751223
Rep,Esf1,14.863163437590432,5.716102394382952e-50,7.56754795992359e-46,0.46441546
Rep,2310033P09Rik,14.858919478914832,6.089949966613885e-50,8.062484760800123e-46,0.5324377
Rep,Srsf1,14.844810737557731,7.516664803499322e-50,9.951312533352752e-46,0.38187116
Rep,Nubp2,14.824920068494462,1.0110018028413886e-49,1.3384652867817143e-45,0.47353554
Rep,Mrps25,14.813076411680832,1.205922646271684e-49,1.5965209913990823e-45,0.4313319
Rep,Alg13,14.809506693041795,1.2717017492228668e-49,1.6836059457961535e-45,0.88878894
Rep,Pds5b,14.764167450071138,2.4938276226114175e-49,3.3015783895752556e-45,0.58713365
Rep,Ankrd26,14.758986685442304,2.6929649470903537e-49,3.565216293452919e-45,0.9406264
Rep,Ubr7,14.758097574670792,2.728697745656698e-49,3.612522945474902e-45,0.6575594
Rep,Dnajb11,14.756679788627226,2.7866565530263347e-49,3.6892546105515646e-45,0.38361892
Rep,Gusb,14.753853123308035,2.9058924601413318e-49,3.847111027981109e-45,0.38823223
Rep,Sox12,14.746028394120724,3.263109497107696e-49,4.3200306632208784e-45,0.8451855
Rep,Arglu1,14.737028505447196,3.728319918087123e-49,4.935922739555542e-45,0.36299855
Rep,Larp4,14.728071766391096,4.2567918677049e-49,5.635566753654517e-45,0.4676291
Rep,Lrp8,14.686787805928214,7.834040349747717e-49,1.0371486019031003e-44,0.67494476
Rep,Pcbd1,14.686266450016968,7.894532811357396e-49,1.0451571988956056e-44,0.5823089
Rep,Chchd1,14.681611194783674,8.455711324554033e-49,1.1194516222577083e-44,0.30694062
Rep,Trim37,14.679556127399524,8.715912810167042e-49,1.1538996969380146e-44,0.58605015
Rep,Gnpnat1,14.674269900489355,9.422428049599819e-49,1.24743524948652e-44,0.5551827
Rep,Ccdc82,14.673508036524252,9.528847396769637e-49,1.261524106858332e-44,0.67667246
Rep,Tpr,14.643408451193656,1.4843647440321696e-48,1.9651504846241892e-44,0.28439724
Rep,Mydgf,14.636212618875476,1.6500730545309347e-48,2.1845317168935045e-44,0.3401835
Rep,Bzw1,14.627734837410696,1.8690688185034217e-48,2.4744602088166797e-44,0.33361095
Rep,Lonp1,14.622996833553254,2.0038220581902623e-48,2.652860022838088e-44,0.45423615
Rep,Nufip1,14.617019776903152,2.187689780186969e-48,2.896282499989528e-44,0.63419425
Rep,Mlec,14.614148232855701,2.281903718698721e-48,3.021012333185237e-44,0.26916087
Rep,Psmd3,14.61329073416982,2.3108130787412246e-48,3.0592854349455073e-44,0.36847264
Rep,Atrx,14.610950144114648,2.3915917381195385e-48,3.166228302096457e-44,0.34360293
Rep,Thyn1,14.606939724680231,2.5365861560496777e-48,3.3581864119941684e-44,0.45673105
Rep,Htra2,14.605205561181876,2.6019628514958678e-48,3.4447386190953795e-44,0.3805154
Rep,Raly,14.59576343054694,2.9884849554023584e-48,3.9564552324571825e-44,0.33471
Rep,Mrpl11,14.590202042745524,3.242359785344208e-48,4.2925601198171973e-44,0.40772414
Rep,Cenpq,14.577907623926798,3.8823441328317e-48,5.139835397455888e-44,0.60436547
Rep,Srrt,14.575465543386857,4.02370276309986e-48,5.326980088067905e-44,0.42514575
Rep,Hdlbp,14.573500516242301,4.141157775996228e-48,5.482478779641406e-44,0.35447353
Rep,Lman1,14.551366015798303,5.724834009232516e-48,7.579107744822928e-44,0.3408994
Rep,Gadd45gip1,14.547159082177018,6.087928147604852e-48,8.059808074614063e-44,0.36572245
Rep,Zbtb12,14.545527992194877,6.234792560096553e-48,8.254241870311827e-44,0.7516358
Rep,Ppp1r7,14.536067144429724,7.158913389928647e-48,9.477685436926535e-44,0.48212862
Rep,Casp7,14.534113658934118,7.366078324763472e-48,9.75195109415436e-44,0.64182496
Rep,Mtbp,14.532564009289638,7.534652216647228e-48,9.975126069619264e-44,0.6530391
Rep,Tcp11l1,14.523344729966972,8.619944601790129e-48,1.1411944658309952e-43,0.39646095
Rep,Abcf2,14.517560626333442,9.378887109322098e-48,1.2416708644031525e-43,0.48930544
Rep,Tsr1,14.495657584205215,1.2906045280056797e-47,1.7086313346267193e-43,0.6918119
Rep,Lman2,14.481402238267755,1.5882368287581156e-47,2.1026667375928692e-43,0.25476563
Rep,Mrm3,14.473323805661451,1.7862736536396507e-47,2.3648476900535337e-43,0.78459525
Rep,Dnajc19,14.473282409716536,1.7873492596761667e-47,2.366271684885277e-43,0.32423115
Rep,Mrpl19,14.459591370486947,2.1808872324990438e-47,2.887276607105484e-43,0.4650776
Rep,Sms,14.457054980708895,2.2627423628480843e-47,2.995644614174579e-43,0.53001857
Rep,Polr3k,14.421732446820004,3.777403341639245e-47,5.000904283996196e-43,0.45487535
Rep,Zgrf1,14.417912201176875,3.9923759561951623e-47,5.285506528406775e-43,1.1674201
Rep,Nup93,14.413367570923455,4.2640208555472355e-47,5.645137210658985e-43,0.5805923
Rep,Paqr4,14.402819279587366,4.967509284782129e-47,6.576485542123061e-43,0.8694544
Rep,Nmd3,14.391129632199318,5.882715170514804e-47,7.788126614244549e-43,0.5715889
Rep,Ppih,14.371357649834339,7.828148152510012e-47,1.0363685339108005e-42,0.49743205
Rep,Msh3,14.347850966936948,1.0988992998152138e-46,1.4548327830253616e-42,0.7314482
Rep,Snhg3,14.341162358058813,1.2101153609797654e-46,1.6020717264011114e-42,0.45663342
Rep,Mdn1,14.322971919524718,1.5725199970150215e-46,2.081859224048187e-42,0.6994368
Rep,Helb,14.318461114859938,1.677977780299171e-46,2.2214747833380726e-42,0.712337
Rep,2410002F23Rik,14.310070910609456,1.8932019291639463e-46,2.5064100340201485e-42,0.65174437
Rep,Pds5a,14.298118027865655,2.2480706361166706e-46,2.97622071515486e-42,0.4303671
Rep,Ube2e3,14.297579837494274,2.2655206491940525e-46,2.999322787468006e-42,0.43252587
Rep,Pmf1,14.296437680384162,2.3030012291441186e-46,3.048943327263899e-42,0.40772107
Rep,Slc39a8,14.285276403697695,2.703347729344681e-46,3.578962058879423e-42,0.82760596
Rep,Hmgb1,14.26851620975475,3.4381624185405573e-46,4.551783225905844e-42,0.278203
Rep,Snx5,14.25853467033287,3.966968369320319e-46,5.25186942414317e-42,0.3682136
Rep,Mad2l1,14.25550222683629,4.1431088089190264e-46,5.485061752127899e-42,0.48739755
Rep,Eif4g2,14.249784595087714,4.496660902200706e-46,5.953129368423514e-42,0.2741264
Rep,Ncbp1,14.248533200169483,4.577959626629111e-46,6.06076074969428e-42,0.49377525
Rep,Cmss1,14.246146616470016,4.737084069911416e-46,6.271425600155724e-42,0.4899906
Rep,Cdca5,14.239856377647827,5.183347271310405e-46,6.862233452487845e-42,0.624614
Rep,Vrk1,14.23880096828511,5.2622188129574655e-46,6.966651486474389e-42,0.36739406
Rep,Srsf4,14.238359860303756,5.2955359828214744e-46,7.01076008765735e-42,0.43760568
Rep,Ssx2ip,14.235306639298837,5.5319744216568625e-46,7.32378093683152e-42,0.53238285
Rep,Mbd3,14.233147061880109,5.705524752580576e-46,7.553544219941424e-42,0.33211318
Rep,Kdm2b,14.232688442724088,5.743072586111898e-46,7.603253796753541e-42,0.57083905
Rep,Kif15,14.231164683944188,5.869599587509404e-46,7.770762893903699e-42,0.51800907
Rep,Kpna3,14.230835985360823,5.8972550830436144e-46,7.80737600444144e-42,0.60070527
Rep,Ercc6l,14.208918648009268,8.066141883625015e-46,1.0678765239731158e-41,0.9689212
Rep,Aimp2,14.198649874134203,9.339443800920565e-46,1.2364489648038735e-41,0.43542963
Rep,Isy1,14.191298189084694,1.0372069503499836e-45,1.3731582815683433e-41,0.47857946
Rep,Fancd2,14.182552132101073,1.1749453543796452e-45,1.5555101546632123e-41,1.0094864
Rep,Prpf4,14.170353193913074,1.3979564037740072e-45,1.8507544829564082e-41,0.58779585
Rep,Palb2,14.166489537200631,1.4770153826802033e-45,1.9554206651303212e-41,1.0463126
Rep,Smpd4,14.166312315849048,1.4807465634136225e-45,1.9603603753032948e-41,0.76071954
Rep,Mrpl49,14.152614858177394,1.7993995067722888e-45,2.382225007015833e-41,0.4877795
Rep,Glrx3,14.151396127923551,1.830859917985749e-45,2.423875445421333e-41,0.2803175
Rep,Yars1,14.144622836689994,2.0159457146605455e-45,2.668910531639096e-41,0.51427126
Rep,Nup153,14.138164224500148,2.2097391095287947e-45,2.925473607105171e-41,0.5610553
Rep,Eloc,14.129480891838766,2.499801940021678e-45,3.3094877883946993e-41,0.28374267
Rep,Man1a2,14.124536922241804,2.6815676047181904e-45,3.5501273518864123e-41,0.4486071
Rep,Samm50,14.114730882953872,3.081901983764594e-45,4.0801300363059457e-41,0.29888415
Rep,Ywhaq,14.105559021680513,3.509967833024889e-45,4.646846414141651e-41,0.28086478
Rep,Sf3b4,14.091263861254273,4.2980005527721756e-45,5.690122931815083e-41,0.3817542
Rep,Spout1,14.08551245606365,4.662641715495199e-45,6.172871367144094e-41,0.52700555
Rep,Pms2,14.083449542002153,4.800798602187944e-45,6.355777269436619e-41,0.74779224
Rep,Rpp14,14.070312348463935,5.781348991864114e-45,7.653927930328901e-41,0.46329975
Rep,Wdr55,14.069483250362508,5.849526494474584e-45,7.744188126034902e-41,0.56919205
Rep,Npepl1,14.068617519446812,5.921570237467748e-45,7.839566837383552e-41,0.47576255
Rep,Arl6ip4,14.063786019528948,6.340151123899554e-45,8.393726072930619e-41,0.38304183
Rep,Tlcd1,14.058351179339816,6.846276773713739e-45,9.063785820719619e-41,1.0720537
Rep,Slc7a5,14.056532830997869,7.02443207315529e-45,9.299645621650288e-41,0.52367616
Rep,Comtd1,14.04876301397188,7.839133584314823e-45,1.0378228952274394e-40,0.43858546
Rep,Atp1b3,14.039908749628927,8.882693144194694e-45,1.1759797453599356e-40,0.3565053
Rep,Prkdc,14.031881637928377,9.947673717155447e-45,1.3169725234142097e-40,0.8318486
Rep,Pdss1,14.030034495068305,1.0210190126187939e-44,1.3517270708060213e-40,0.8610599
Rep,Psmb10,14.029662421069682,1.0263897621005777e-44,1.3588374060449548e-40,0.4210047
Rep,Fdps,14.006074771216188,1.4309837063500713e-44,1.8944793288368593e-40,0.3225646
Rep,Pabpn1,13.999484345592146,1.5700576840609615e-44,2.078599367928307e-40,0.2657457
Rep,Ssr1,13.996525510779495,1.636793942589473e-44,2.1669515005942033e-40,0.28904545
Rep,Eed,13.976677850507668,2.1635397031217633e-44,2.8643102129629025e-40,0.5176561
Rep,Ivns1abp,13.968480890814133,2.427493118971612e-44,3.213758140206517e-40,0.45051116
Rep,Xrn2,13.966099029171957,2.510033413195838e-44,3.3230332357299695e-40,0.32442677
Rep,Azin1,13.958835902871545,2.779364249620295e-44,3.679600330072308e-40,0.37364906
Rep,Eftud2,13.958261175169214,2.801865206523073e-44,3.709389346915897e-40,0.45415574
Rep,Rbmx2,13.952287695076622,3.046735386123723e-44,4.033572977689197e-40,0.6122569
Rep,Usp10,13.942677384278062,3.486130637228905e-44,4.615288350627347e-40,0.7686238
Rep,Prep,13.938491922976873,3.6966885089487684e-44,4.894045916997275e-40,0.59360325
Rep,Tsn,13.934518169637435,3.9082899455064037e-44,5.174185058855928e-40,0.3279689
Rep,Atp13a3,13.92929496158572,4.204857116312187e-44,5.5668103362857044e-40,0.43247992
Rep,Setd6,13.923214099239443,4.578430283461583e-44,6.0613838522747905e-40,0.99845576
Rep,Mrpl34,13.910759388731273,5.449774136473098e-44,7.214955979276734e-40,0.30800873
Rep,Mettl16,13.908368615586506,5.635010012495184e-44,7.460189755542375e-40,0.6891594
Rep,Gtf3a,13.884991509280509,7.810963414868148e-44,1.034093446494394e-39,0.40401533
Rep,Arpp19,13.875724767572848,8.889002734680257e-44,1.1768150720443193e-39,0.28511554
Rep,Timm17a,13.875460900261057,8.92177577183557e-44,1.181153894433311e-39,0.3659792
Rep,BC055324,13.855233297571191,1.1827198069996768e-43,1.565802752486872e-39,0.89929485
Rep,Dnajc21,13.852119087232095,1.235137720421281e-43,1.635198828065734e-39,0.4168104
Rep,Isoc1,13.845540016490911,1.3535965233257927e-43,1.792026437231017e-39,0.4618054
Rep,Snhg15,13.835490621552415,1.556706919701321e-43,2.0609242909925788e-39,0.42950857
Rep,Gmds,13.826940746048791,1.7531947084246514e-43,2.321054474483396e-39,0.51616776
Rep,Rrp9,13.815013483453285,2.0691549134801155e-43,2.739354189956325e-39,0.50356734
Rep,4933440M02Rik,13.805238861534674,2.369856922963925e-43,3.13745358031194e-39,0.5307082
Rep,Gcsh,13.803940279395935,2.4129476303456637e-43,3.194501367814624e-39,0.43049258
Rep,Pinx1,13.795522490796289,2.7118093174465565e-43,3.590164355367496e-39,0.7127452
Rep,Mre11a,13.789447716251482,2.9500975036782933e-43,3.9056340851196924e-39,0.6092653
Rep,Prrc2c,13.781455661325438,3.2955929552055564e-43,4.363035513396636e-39,0.28789765
Rep,Dhx15,13.775700677772576,3.5690340545566908e-43,4.725044184827603e-39,0.38382554
Rep,Bag4,13.77045928130218,3.8376561488076395e-43,5.080672975406434e-39,0.6196389
Rep,Tfap4,13.76906900125973,3.91222223377677e-43,5.179391015297066e-39,0.5570661
Rep,Cse1l,13.764891142531983,4.1450813114260776e-43,5.487673148196984e-39,0.63409245
Rep,Zfp326,13.763903060552495,4.202139518214213e-43,5.563212508163796e-39,0.72552943
Rep,Huwe1,13.763693924288882,4.214316217842507e-43,5.5793332408016956e-39,0.42659795
Rep,Nup205,13.756601914531105,4.648685782018553e-43,6.154395106814362e-39,0.6752963
Rep,Cntln,13.74669986469298,5.330615584210829e-43,7.057201971936717e-39,0.59151053
Rep,Psmd1,13.7345637333176,6.303461648448718e-43,8.345152876381258e-39,0.3373947
Rep,Hdac2,13.734421061235658,6.315890502195258e-43,8.361607435856302e-39,0.42027128
Rep,Sinhcaf,13.72863107303136,6.84139345145831e-43,9.057320790385656e-39,0.5971358
Rep,Magoh,13.724299258054486,7.262791479357364e-43,9.615209639521215e-39,0.2723769
Rep,Otud4,13.722728982919202,7.421841354733988e-43,9.825775769532326e-39,0.6050186
Rep,Polr1f,13.715801641766687,8.165883494543432e-43,1.081081315842605e-38,0.37415633
Rep,Rad23b,13.700484731393557,1.0084878231591106e-42,1.3351370290803465e-38,0.3999228
Rep,Parl,13.692473294962811,1.12609886257023e-42,1.4908422841567274e-38,0.34484082
Rep,Acat2,13.68070828393478,1.3239674552305917e-42,1.7528005139797804e-38,0.6578877
Rep,Endog,13.669499554327054,1.5445375164211528e-42,2.0448132179899641e-38,0.4709692
Rep,Caprin1,13.667469795380638,1.5882220815808952e-42,2.1026472138049472e-38,0.36055946
Rep,L3mbtl2,13.662478300061565,1.7009472844205193e-42,2.2518841098443256e-38,0.5077852
Rep,Pum3,13.658431600683153,1.79814974731708e-42,2.380570450473082e-38,0.4530738
Rep,Wdcp,13.656808537135666,1.838670951061648e-42,2.434216472110516e-38,0.67797303
Rep,Alg6,13.646367612747357,2.1219490264872336e-42,2.8092483161664483e-38,0.6674464
Rep,Ltv1,13.63243547242276,2.5686278349799094e-42,3.400606390729902e-38,0.46370387
Rep,Dcun1d5,13.614796326642821,3.2705623564177796e-42,4.329897503661498e-38,0.34479618
Rep,Minpp1,13.612754628648878,3.363242569950142e-42,4.452596838356993e-38,0.55150735
Rep,Rock2,13.61132018248817,3.429915299140759e-42,4.5408648645324505e-38,0.39671177
Rep,Aifm1,13.58137142240973,5.165018898614555e-42,6.837968519875809e-38,0.4494902
Rep,Ifit2,13.579321669191991,5.311607189644801e-42,7.032036758370753e-38,1.765162
Rep,Metap2,13.576891440770767,5.490775226711981e-42,7.269237322643992e-38,0.25622857
Rep,Psme3,13.575311521993417,5.610465738282521e-42,7.42769559091223e-38,0.43785334
Rep,Srprb,13.574199816196032,5.6962376722606925e-42,7.541249054305931e-38,0.5000864
Rep,Sanbr,13.572298176808388,5.845989935609245e-42,7.73950607575308e-38,0.6572325
Rep,Nat10,13.570454197525809,5.994939624279097e-42,7.936700568583096e-38,0.6797404
Rep,Ptprf,13.56192438674377,6.734575951829989e-42,8.915905102627722e-38,0.3591199
Rep,Wdr4,13.535426123450788,9.662053882254382e-42,1.2791593134716577e-37,0.6723926
Rep,Baz1a,13.534259529072669,9.81666243168334e-42,1.2996279393305574e-37,0.3116361
Rep,Pitpnb,13.526466319218109,1.0914541687722915e-41,1.4449761740376367e-37,0.44931078
Rep,Slc35b2,13.524565201281437,1.1200390705737817e-41,1.4828197255326296e-37,0.40585765
Rep,Ube2k,13.523445449623509,1.1372226435581555e-41,1.505569057806642e-37,0.31698972
Rep,Pusl1,13.517286345328893,1.2365349164298005e-41,1.637048575861413e-37,0.6607597
Rep,Mrps7,13.516817273038889,1.2444427664059913e-41,1.647517778444892e-37,0.3475482
Rep,Casp3,13.500907639454816,1.5446140224327017e-41,2.044914504298654e-37,0.46682906
Rep,Wee1,13.497305218108158,1.6220122963599982e-41,2.1473820791510015e-37,0.4782709
Rep,Ankrd10,13.466730551541653,2.454981575916252e-41,3.250150108355526e-37,0.41688126
Rep,Smarcad1,13.464946076116219,2.515017620919824e-41,3.3296318283357546e-37,0.5079247
Rep,Rasgrp2,13.454588081826119,2.893472339623814e-41,3.830668030427968e-37,0.33895618
Rep,Zdhhc21,13.452162159231804,2.989997377329875e-41,3.958457527847022e-37,0.6508837
Rep,Txn2,13.429777335033583,4.046262947568933e-41,5.35684751628651e-37,0.27659518
Rep,Apoo,13.42907013933939,4.0850870940417334e-41,5.408246803801851e-37,0.60535145
Rep,Uxs1,13.424987386014404,4.3165785291431766e-41,5.714718314732652e-37,0.5499985
Rep,Usp39,13.41804268498424,4.740693009136322e-41,6.276203474795577e-37,0.4250914
Rep,Dnttip2,13.412023783513916,5.141633898492716e-41,6.807009118214506e-37,0.39520392
Rep,Noa1,13.399609600284961,6.078203482579877e-41,8.0469335905875e-37,0.49261105
Rep,Fdx1,13.399354135515292,6.099160425901004e-41,8.074678487850339e-37,0.37844098
Rep,Slc20a1,13.387265813667772,7.177467025224164e-41,9.50224859469427e-37,0.7147269
Rep,Sumo3,13.383235100607859,7.577599813544848e-41,1.0031984393152025e-36,0.3226192
Rep,Mfng,13.37098752956764,8.934670112088395e-41,1.1828609761393827e-36,0.4911343
Rep,Smyd2,13.367425056674547,9.37297200562655e-41,1.2408877638248988e-36,0.702564
Rep,Ccdc34,13.362341068739465,1.0035746684657223e-40,1.3286325035817698e-36,0.30665287
Rep,Gemin2,13.360307297443214,1.0313748583252004e-40,1.3654371749367329e-36,0.5598686
Rep,Zc3h18,13.359203471437862,1.0467826254819856e-40,1.3858355178756007e-36,0.42642146
Rep,Ptbp1,13.352233086827793,1.1495056672753611e-40,1.5218305529058505e-36,0.32670277
Rep,Haus8,13.351692350245612,1.1578813892546756e-40,1.532919171234265e-36,0.5829207
Rep,Cltb,13.342894208832677,1.3030078077185185e-40,1.7250520366385466e-36,0.43584114
Rep,Fsaf1,13.340608672177792,1.3435801251953698e-40,1.77876572774615e-36,0.4052976
Rep,Psmd12,13.337841031928866,1.3943957596235016e-40,1.8460405461655536e-36,0.34732133
Rep,Hmgb3,13.33153472250035,1.517435276450631e-40,2.0089325624929905e-36,0.27569592
Rep,Hnrnpc,13.324705311659892,1.6628809197918224e-40,2.2014880497123937e-36,0.3219985
Rep,Kti12,13.313445197052198,1.9335584180696936e-40,2.5598379896824673e-36,0.49280214
Rep,Slc25a1,13.303218829561493,2.2171396420463908e-40,2.9352711721052166e-36,0.44176543
Rep,Fh1,13.289739725801116,2.6550012298533567e-40,3.514956128202859e-36,0.3953043
Rep,U2af2,13.286382532759148,2.7768177220503323e-40,3.676228982222435e-36,0.35635722
Rep,Taf15,13.283014801607376,2.9045996628010444e-40,3.8453994935823025e-36,0.384719
Rep,Ccnh,13.271538876487009,3.3855602262502656e-40,4.482143183532727e-36,0.3924544
Rep,Eml4,13.259864336232974,3.956107899205207e-40,5.2374912477577736e-36,0.49860835
Rep,Cep290,13.253722957812455,4.293635497223994e-40,5.684344034774845e-36,0.7905264
Rep,Psmg1,13.23387455297824,5.592822960946781e-40,7.404338317997443e-36,0.37200832
Rep,Snrnp70,13.230025258446222,5.886758526952656e-40,7.793479613832621e-36,0.27993983
Rep,Znhit6,13.21849208724876,6.862594468342878e-40,9.085388816639137e-36,0.5913806
Rep,Camk2n2,13.21204192922167,7.476829071039469e-40,9.898574007149153e-36,1.4062667
Rep,Car4,13.206952281077742,7.999839515309804e-40,1.0590987534318648e-35,0.2601862
Rep,Pdxk,13.204019020922372,8.317620802805654e-40,1.1011698180834406e-35,0.6815827
Rep,Egln1,13.203268848673673,8.400888228049396e-40,1.1121935925114595e-35,0.36310345
Rep,Dimt1,13.201490180701168,8.601643686116106e-40,1.1387716076049112e-35,0.68105626
Rep,Pidd1,13.19409588224542,9.488644271912086e-40,1.256201615158441e-35,1.0102267
Rep,Mak16,13.192962820261531,9.632374329781268e-40,1.275230037519742e-35,0.42212582
Rep,Memo1,13.185236048970628,1.0671943566713421e-39,1.41285860879719e-35,0.45591998
Rep,Cchcr1,13.170655549393292,1.2946859845462233e-39,1.7140347749407449e-35,0.9091933
Rep,Tsfm,13.16182619960764,1.45525422604836e-39,1.9266110698654237e-35,0.3556941
Rep,Slc25a13,13.157343871973405,1.5441953586134926e-39,2.0443602352684028e-35,1.2088234
Rep,Anp32e,13.148605742518177,1.7334129122063083e-39,2.2948653544699316e-35,0.25444597
Rep,Eif3d,13.147486139110267,1.759266638534145e-39,2.3290931027553543e-35,0.25812304
Rep,Stk26,13.144663556730496,1.826159654058171e-39,2.417652766007613e-35,0.41935578
Rep,Elof1,13.13527497141796,2.0673909339437658e-39,2.7370188574481514e-35,0.3624873
Rep,Smco4,13.13240447601,2.14728470090671e-39,2.8427902155303936e-35,0.69588137
Rep,Cbx1,13.119798550175213,2.5360818457798226e-39,3.3575187556279074e-35,0.39137727
Rep,Ssbp1,13.107966613975625,2.9644009650115597e-39,3.9245704375788037e-35,0.2849171
Rep,Anapc5,13.097509150487351,3.4024149355222533e-39,4.504457133137911e-35,0.2547214
Rep,Hnrnpm,13.087393177108568,3.887212174657495e-39,5.146280198029058e-35,0.27605212
Rep,Macir,13.068432856504838,4.9882591384173425e-39,6.603956273350719e-35,0.6166992
Rep,Cep83,13.065124352432495,5.209942327503019e-39,6.897442647381247e-35,0.46873713
Rep,Tamm41,13.053392941081178,6.077907065671984e-39,8.046541164243139e-35,0.5365231
Rep,Lyrm9,13.051545908976868,6.227086880055406e-39,8.244040320505352e-35,0.5815351
Rep,Anapc15,13.042465029471666,7.015170215779741e-39,9.287383848670798e-35,0.37819815
Rep,Dnaja2,13.032679747491047,7.975650899060777e-39,1.0558964225266562e-34,0.27034765
Rep,Tube1,13.031286150347904,8.122681307117535e-39,1.0753617782492905e-34,0.61909103
Rep,Ube2v2,13.031075119750346,8.14517963683851e-39,1.0783403321210503e-34,0.3891943
Rep,Rnf126,13.029144689436922,8.353883089394625e-39,1.1059705822049544e-34,0.37745187
Rep,Ecsit,13.022958716902938,9.059144797705637e-39,1.1993401797682494e-34,0.5868989
Rep,Mrps12,13.01111086442879,1.0579290583899517e-38,1.400592280402457e-34,0.29890347
Rep,Nup50,12.998261478460108,1.2515618050102978e-38,1.6569426736531332e-34,0.3443359
Rep,Mcm8,12.997729453744455,1.2602976594848668e-38,1.6685080713920151e-34,0.90585136
Rep,Vcan,12.997562609214214,1.2630497156791314e-38,1.6721515185876021e-34,0.5731566
Rep,Suv39h1,12.992589317763532,1.3478838012577478e-38,1.7844633644851322e-34,0.5715326
Rep,Stard4,12.991427501859127,1.3685044836917022e-38,1.8117630859594447e-34,0.4813497
Rep,Pdcd11,12.97992130147739,1.5904391227087338e-38,2.105582354554093e-34,0.5626105
Rep,Slfnlnc,12.977100296115431,1.6501025817945176e-38,2.184570808037762e-34,0.25207877
Rep,Chchd3,12.976873797785387,1.654988359246225e-38,2.1910390888060775e-34,0.3904447
Rep,Pabpc4,12.974979618197406,1.6964146634800092e-38,2.2458833729811844e-34,0.37243405
Rep,Cluh,12.968282104252943,1.8513313684486654e-38,2.450977598689188e-34,0.59564734
Rep,Snhg5,12.957059750505755,2.143055149291451e-38,2.837190712146952e-34,0.6635027
Rep,Dgcr8,12.954642326949589,2.211645170950136e-38,2.927997041820885e-34,0.6365063
Rep,Khsrp,12.952687141650612,2.2687128945211743e-38,3.0035490010565825e-34,0.4616897
Rep,Atl3,12.952647661386706,2.2698801922043268e-38,3.0050943864593084e-34,0.4423977
Rep,Sart3,12.948295512589391,2.402287957016876e-38,3.180389026294642e-34,0.49574864
Rep,Lsm12,12.933542027035857,2.9109284806316627e-38,3.8537782155082585e-34,0.31604952
Rep,Taf1d,12.921258125630702,3.415111627941538e-38,4.521266284231802e-34,0.40672076
Rep,Gid4,12.9019227734897,4.390049040088664e-38,5.811985924173383e-34,0.50583136
Rep,Gtf2h1,12.897063927806489,4.675748785453343e-38,6.190223817061681e-34,0.4739473
Rep,Polr1a,12.882066394600022,5.679430350645617e-38,7.518997841219733e-34,0.6402211
Rep,Nop9,12.882006463158183,5.683842919039941e-38,7.524839640516978e-34,0.47616625
Rep,Cep192,12.880407146733884,5.80286293559785e-38,7.682410240437993e-34,0.45694482
Rep,Polr2j,12.87933677708361,5.883899724158247e-38,7.789694844813104e-34,0.26034683
Rep,Nubp1,12.876019154206967,6.142290069153859e-38,8.131777822552794e-34,0.41272146
Rep,Mrnip,12.871308721309553,6.528647409910165e-38,8.643276305980068e-34,0.78601027
Rep,Nopchap1,12.86330744934818,7.241071218101032e-38,9.586454185643957e-34,0.647032
Rep,G3bp2,12.863216922554985,7.249558559364788e-38,9.597690576743043e-34,0.32491764
Rep,Tdp2,12.849037454442866,8.708709347159869e-38,1.1529460304704952e-33,0.51214874
Rep,Cldnd1,12.848183306209268,8.805388934916164e-38,1.1657454410935509e-33,0.42092276
Rep,Cfdp1,12.828237975768472,1.1392571880195274e-37,1.5082625912190523e-33,0.34304067
Rep,Tfdp2,12.817775607574744,1.3038764992664213e-37,1.726202097378815e-33,0.4767816
Rep,Etf1,12.817056264457209,1.3160269728864628e-37,1.742288109404388e-33,0.28872228
Rep,Nol8,12.8089509867173,1.4609623793186875e-37,1.9341680939800105e-33,0.4524933
Rep,Farsa,12.806208703255122,1.5135062463524686e-37,2.003730919546033e-33,0.3401942
Rep,Ubap2l,12.794468101010068,1.7605372179450673e-37,2.3307752228374744e-33,0.332107
Rep,Bcl7c,12.785609815708616,1.973090680435557e-37,2.612174751828634e-33,0.29749417
Rep,Emc6,12.77491183792355,2.2640409646445082e-37,2.9973638330928644e-33,0.28261492
Rep,Rfwd3,12.773132156558848,2.316419340777964e-37,3.0667075652559468e-33,0.5626844
Rep,Dmac1,12.766989618453366,2.506628131645407e-37,3.3185249834853544e-33,0.3411427
Rep,Clstn3,12.755403875728343,2.9086337945521675e-37,3.8507402806076144e-33,0.39462453
Rep,Tada2a,12.749974271393285,3.118481610537759e-37,4.128557804190939e-33,0.72372174
Rep,Mrps28,12.742924340169214,3.4135550774379516e-37,4.519205567020104e-33,0.32555208
Rep,Fanci,12.741395826710422,3.4811036321234215e-37,4.6086330985681974e-33,1.1070783
Rep,Tgs1,12.728098223045144,4.127709690763523e-37,5.464674859601829e-33,0.47120714
Rep,Hddc2,12.727324835414201,4.168791516264139e-37,5.519063088382094e-33,0.41309273
Rep,Heatr3,12.726472758497634,4.214523914756423e-37,5.579608210746028e-33,0.5928476
Rep,Alkbh1,12.723619840042899,4.3713053170456885e-37,5.787171109236787e-33,0.44213426
Rep,Gm17092,12.723385290771803,4.384449891560661e-37,5.8045732114371595e-33,1.0388885
Rep,Prpf38b,12.715747443168926,4.834644267472628e-37,6.400585545707013e-33,0.34469774
Rep,Mrpl3,12.710806853781664,5.150030226792537e-37,6.818125017250639e-33,0.36465967
Rep,Hsd17b12,12.700886793896847,5.846345161045526e-37,7.739976358708172e-33,0.40302896
Rep,Nrg4,12.695772138950527,6.2411359864320485e-37,8.26263993243739e-33,0.41045928
Rep,Gtf2a2,12.68843625098056,6.854059433736594e-37,9.074089284323876e-33,0.3101984
Rep,Kcnq1ot1,12.67428350590253,8.210548329294127e-37,1.0869944933152495e-32,0.33152807
Rep,Mis12,12.665860761457871,9.14121426336269e-37,1.2102053563265865e-32,0.5902064
Rep,Cnih4,12.6651648147736,9.222646480910734e-37,1.220986167607772e-32,0.36996576
Rep,Morf4l2,12.660206665764628,9.824038925565143e-37,1.3006045133555694e-32,0.31282774
Rep,Prpf4b,12.65928038511243,9.94063687726903e-37,1.316040916181647e-32,0.36219788
Rep,Orc3,12.65565962564281,1.0409754902042849e-36,1.3781474514814528e-32,0.48039496
Rep,Rpp30,12.655372637992327,1.0447865684993646e-36,1.383192938036309e-32,0.44155586
Rep,Mgme1,12.651685247319227,1.0950050872386934e-36,1.449677234995306e-32,0.6398058
Rep,Hjurp,12.647628082280486,1.1530350019390061e-36,1.5265030390670502e-32,0.3662572
Rep,Ilkap,12.640591927692986,1.2610103116719623e-36,1.6694515516225108e-32,0.32855445
Rep,Sclt1,12.638597524837987,1.293404063831202e-36,1.7123376401061282e-32,0.6050322
Rep,Rad54b,12.630512068243169,1.4334238262865761e-36,1.8977098036207982e-32,1.2601609
Rep,Mycbp,12.629710348684457,1.4481029343359035e-36,1.9171434747673025e-32,0.4098711
Rep,Ctdspl2,12.622207666237562,1.5929217920123386e-36,2.108869160445135e-32,0.52988446
Rep,Thoc7,12.615157444784748,1.7420914033932526e-36,2.306354808952327e-32,0.2752909
Rep,Psmd11,12.610043797672704,1.8588968707254588e-36,2.4609935671534348e-32,0.3230917
Rep,Aen,12.607391368412197,1.9225160307179457e-36,2.5452189730674884e-32,0.43942332
Rep,Shq1,12.58871379167924,2.436104656317704e-36,3.225158954499008e-32,0.66652775
Rep,Mgat2,12.588096323074003,2.4552331014076204e-36,3.250483102953549e-32,0.3514765
Rep,Farsb,12.586509308759771,2.505084516778725e-36,3.316481391763354e-32,0.44605327
Rep,Cit,12.572552347522635,2.989153975892623e-36,3.9573409486842434e-32,0.4541037
Rep,Thoc3,12.571133219094333,3.0433015184349636e-36,4.0290268802560484e-32,0.39421874
Rep,Pcgf5,12.562720226093552,3.384917900429219e-36,4.4812928083782425e-32,0.3237608
Rep,Mbnl3,12.559402359611717,3.52988915153159e-36,4.6732202477126724e-32,0.51495063
Rep,Prpf40a,12.553863971525812,3.785756078573923e-36,5.011962472424017e-32,0.26813322
Rep,Toe1,12.549969340486534,3.9766397156637635e-36,5.264673319567257e-32,0.56070554
Rep,Nup188,12.548858774728878,4.03280242599444e-36,5.339027131774039e-32,0.5414338
Rep,Gpn3,12.54875594810357,4.0380421981135566e-36,5.345964066082538e-32,0.47323477
Rep,Snhg1,12.545924416890825,4.18501816114151e-36,5.540545543535245e-32,0.26298845
Rep,Magt1,12.52568027247835,5.402612403339443e-36,7.152518560781089e-32,0.3025623
Rep,Bsn,12.522353569193335,5.633937890245434e-36,7.45877037289593e-32,0.58080196
Rep,Cebpz,12.520594198928093,5.760229540176685e-36,7.625967888239913e-32,0.3753559
Rep,Birc6,12.511720063108562,6.441411167332301e-36,8.527784244431234e-32,0.35662082
Rep,Aatf,12.498651941977604,7.592789039431332e-36,1.005209340930314e-31,0.51510894
Rep,Rars1,12.49511794854236,7.937847754431592e-36,1.0508916642091986e-31,0.38396418
Rep,Coa7,12.494061505920335,8.043992133032395e-36,1.0649441184921588e-31,0.71849465
Rep,A630089N07Rik,12.482141637059694,9.343908738037476e-36,1.2370400778287815e-31,1.0666394
Rep,Prodh,12.48037244661146,9.553870531295594e-36,1.2648369196382237e-31,0.4267832
Rep,Gpd2,12.466390295857634,1.1386837172788328e-35,1.5075033733054468e-31,0.4342718
Rep,Herc6,12.46174523478067,1.2069992771508377e-35,1.597946343019994e-31,0.62469935
Rep,Tmco1,12.451429312097561,1.373629269040795e-35,1.8185477892831087e-31,0.3519979
Rep,Xpot,12.449361959259013,1.4096756890724202e-35,1.866269644762977e-31,0.40558428
Rep,9230114K14Rik,12.441547682387185,1.554621215119467e-35,2.0581630266966624e-31,0.5383636
Rep,Creld2,12.43953927946229,1.594207849149097e-35,2.1105717714884894e-31,0.37075028
Rep,Txnl4a,12.438159197883468,1.6219889655275156e-35,2.147351191461878e-31,0.34274787
Rep,Asap1,12.420675455477332,2.018500438397264e-35,2.6722927303941375e-31,0.26597428
Rep,L2hgdh,12.4197962863574,2.040804845659837e-35,2.7018215351690585e-31,0.67188287
Rep,Phb1,12.41758807913559,2.0979126760903147e-35,2.7774265918759676e-31,0.38761282
Rep,Pelo,12.415948036198742,2.1413518645016087e-35,2.8349357334136797e-31,0.38464648
Rep,Polr2e,12.411982385974333,2.2501170097775468e-35,2.978929909244494e-31,0.30923498
Rep,Acadl,12.4110174332737,2.2774024065645156e-35,3.015053046050762e-31,0.29769412
Rep,Top1mt,12.41054244704586,2.2909538017772784e-35,3.032993738172939e-31,0.68489194
Rep,Gm47283,12.396858289398088,2.71771584565093e-35,3.5979840080572662e-31,0.4706558
Rep,Trnt1,12.37594400430344,3.527225736461788e-35,4.669694152501761e-31,0.4847287
Rep,Med29,12.370454384189769,3.7767878366788084e-35,5.000089416979075e-31,0.38834935
Rep,Rcn2,12.364979733687134,4.0431328418145273e-35,5.352703569278253e-31,0.57990766
Rep,Pphln1,12.35847422255147,4.383987899937016e-35,5.803961580726615e-31,0.49593353
Rep,Rsrc1,12.356510139796338,4.492398961506615e-35,5.947486985138607e-31,0.42727697
Rep,Cstf2,12.341271553207896,5.429162130190404e-35,7.187667744159076e-31,0.4781115
Rep,Tmem37,12.323691200433792,6.753099375513467e-35,8.94042826324228e-31,0.4372425
Rep,Fmc1,12.29456144955946,9.688112441503327e-35,1.2826092061306254e-30,0.2791781
Rep,Bcl7a,12.29448605796011,9.69715525494309e-35,1.2838063842019159e-30,0.5618789
Rep,Bri3bp,12.293879452604886,9.770220114851246e-35,1.2934794410051564e-30,0.25976402
Rep,Ubl4a,12.29177266350912,1.0028254654366365e-34,1.3276406336915632e-30,0.27659455
Rep,Slf2,12.283947701563894,1.1047313192386842e-34,1.462553793540094e-30,0.7675483
Rep,Suv39h2,12.273284656734466,1.2603467207756738e-34,1.6685730236349147e-30,0.96418095
Rep,Tigar,12.270913327133732,1.297810734496731e-34,1.718171631400222e-30,0.7718067
Rep,Bysl,12.26049922499673,1.4758782340436867e-34,1.953915194050437e-30,0.49637103
Rep,Gstcd,12.25040927680777,1.6715023146571341e-34,2.2129019143745797e-30,0.6665077
Rep,Mrps6,12.232674678021084,2.0797582275717056e-34,2.753391917482181e-30,0.5838468
Rep,Alms1,12.220448926344218,2.417460335731448e-34,3.200475738474864e-30,1.1806054
Rep,Cenpb,12.217260028018005,2.514162693309784e-34,3.328499989672823e-30,0.37131745
Rep,Siah1b,12.215765119914192,2.560808853539275e-34,3.390254841200646e-30,0.9296143
Rep,Cpsf4,12.212925872538118,2.6517827526194903e-34,3.510695186192943e-30,0.5048547
Rep,Taf1,12.204021636170372,2.958431300110793e-34,3.9166671982166786e-30,0.4709804
Rep,Neto2,12.20309375047603,2.9923460561384336e-34,3.961566943721672e-30,0.99337196
Rep,Osbpl1a,12.199824763019993,3.114935871140928e-34,4.1238635998034746e-30,0.9047668
Rep,Inip,12.198548467847676,3.1641409224610415e-34,4.1890061672461725e-30,0.5650723
Rep,Tedc2,12.192958356725315,3.3889142995319402e-34,4.486583641150336e-30,0.7648113
Rep,H2ac20,12.192829677567815,3.3942709374836747e-34,4.493675294134637e-30,0.8841796
Rep,Upk1a,12.190831186789763,3.4785517323302822e-34,4.6052546384320606e-30,0.36879817
Rep,Ttc39a,12.182531533897702,3.8513873320057234e-34,5.0988516888423774e-30,1.2974708
Rep,Zranb2,12.181411054408176,3.9046722817980156e-34,5.169395633872393e-30,0.36578265
Rep,Klhl23,12.180955482010203,3.926546081143399e-34,5.198354356825745e-30,1.0689805
Rep,Drg1,12.165732477473812,4.731816824973193e-34,6.26445229458201e-30,0.35477358
Rep,Dhrs4,12.151187103546368,5.653864158549931e-34,7.485150759504253e-30,0.4236635
Rep,Spr,12.144265508380531,6.1532671775038454e-34,8.146310416297341e-30,0.4162978
Rep,Nup107,12.141368653824538,6.375066982359442e-34,8.439951177945665e-30,0.50373936
Rep,Fam53a,12.13854638739614,6.598789460810412e-34,8.736137367166905e-30,0.44266796
Rep,Rsbn1,12.136319418671224,6.780812751717642e-34,8.977118001998986e-30,0.32407337
Rep,Luc7l3,12.128358336309448,7.473258221276197e-34,9.893846559147556e-30,0.2880075
Rep,Guk1,12.128280438160544,7.480369507833579e-34,9.903261191420876e-30,0.31045747
Rep,Ppp5c,12.125391742754422,7.74887753061416e-34,1.0258738962780085e-29,0.40478992
Rep,Suclg1,12.12218638127173,8.058037414214974e-34,1.0668035732679204e-29,0.2758541
Rep,Heatr1,12.117332052121908,8.549720427008184e-34,1.1318974873316135e-29,0.5280305
Rep,Mrps22,12.116603849191952,8.626005200150887e-34,1.141996828447976e-29,0.49872684
Rep,Nup133,12.11427467298565,8.874572880379482e-34,1.1749047036334396e-29,0.5970659
Rep,Tbrg4,12.101472392877843,1.0373370483909194e-33,1.3733305183647382e-29,0.43061614
Rep,Eif4h,12.074791644260559,1.4352732819052059e-33,1.900158297914302e-29,0.28161472
Rep,D430020J02Rik,12.068989376246128,1.5401408567832539e-33,2.0389924802953498e-29,0.8627982
Rep,Ppie,12.058970375731244,1.7394384790517133e-33,2.3028426024165632e-29,0.36697745
Rep,Ascl2,12.058363054329584,1.752311070117983e-33,2.3198846257291978e-29,0.7713108
Rep,Zc3h15,12.047862300114916,1.9904523175833744e-33,2.6351598232486293e-29,0.29479733
Rep,Smn1,12.046606979714074,2.0209907443602297e-33,2.675589646458508e-29,0.34055084
Rep,Xrcc3,12.03032710532999,2.4618346432229766e-33,3.2592228841628985e-29,0.9895971
Rep,Dnaja3,12.028535047995682,2.5158513962808493e-33,3.3307356635362164e-29,0.47865832
Rep,Cd320,12.027324866112238,2.5529933300883364e-33,3.3799078697039487e-29,0.36149412
Rep,Prmt3,12.026984987553401,2.5635222177511567e-33,3.393847064080756e-29,0.45570695
Rep,Nom1,12.013024175957916,3.0353814952657086e-33,4.018541561582272e-29,0.45378184
Rep,Gfm1,12.009997049080775,3.148562886878056e-33,4.168382405937858e-29,0.5165391
Rep,Bok,12.0054311687102,3.327253050395708e-33,4.404950313418877e-29,1.5469179
Rep,Rpf2,11.995218010908578,3.764247246605359e-33,4.9834869297808345e-29,0.39993334
Rep,Pmpca,11.983760606037427,4.322608783789235e-33,5.722701768858568e-29,0.3956617
Rep,Ints7,11.98149527826768,4.442379649190812e-33,5.881266417563717e-29,0.48383617
Rep,Yars2,11.955524805375742,6.0748583158682686e-33,8.042504924378001e-29,0.5333817
Rep,Cytip,11.941270642410004,7.211304730644241e-33,9.547046332899911e-29,0.27223146
Rep,Cbfb,11.940149648586488,7.309157145637713e-33,9.676593145109768e-29,0.39150023
Rep,Tsr2,11.939604912488775,7.35718253918712e-33,9.740173963629828e-29,0.6738913
Rep,Tbl3,11.933513869414485,7.916003822640654e-33,1.047999746079396e-28,0.48388875
Rep,Rtf1,11.92039388122982,9.266938668200034e-33,1.2268500102830023e-28,0.3050107
Rep,Ift27,11.91735028148615,9.611701334585654e-33,1.2724931396857948e-28,0.29027984
Rep,Iws1,11.893032609358846,1.2864898327015654e-32,1.7031838895136024e-28,0.3831302
Rep,Lrpprc,11.891884479626942,1.3043003388897604e-32,1.7267632186561537e-28,0.5686033
Rep,Cep78,11.862097133506676,1.8625088502229264e-32,2.465775466810132e-28,0.64980316
Rep,Rbm28,11.855514080899379,2.014838525119823e-32,2.6674447234061336e-28,0.3820572
Rep,Dazap1,11.853837895938524,2.0555616828675466e-32,2.721358111948345e-28,0.26194954
Rep,Polr2l,11.84995546094294,2.1530521216518706e-32,2.8504257038549115e-28,0.45571983
Rep,BC030867,11.849173389922838,2.1732390829517762e-32,2.8771512219198563e-28,0.8384073
Rep,Sf3a2,11.844796740562584,2.2897283007742833e-32,3.0313712973950735e-28,0.42447543
Rep,Galnt2,11.83688268974468,2.516329595195189e-32,3.331368751078911e-28,0.51837397
Rep,Ruvbl1,11.83565512103372,2.553419510647931e-32,3.380472090146796e-28,0.31489876
Rep,Acp1,11.832582553725679,2.648651457168709e-32,3.5065496641456543e-28,0.29052922
Rep,Nme6,11.824546165591254,2.914736974636677e-32,3.8588202807214963e-28,0.42049146
Rep,Pprc1,11.82348850931128,2.951677178675539e-32,3.907725416848546e-28,0.69311476
Rep,Rabepk,11.8225288690281,2.985596097855054e-32,3.952630673950306e-28,0.4387343
Rep,Rnf187,11.817376783970602,3.1744255278472776e-32,4.202621956317011e-28,0.27269638
Rep,Nanos1,11.816040651268308,3.225302930806065e-32,4.26997855009415e-28,1.6363568
Rep,Phf10,11.812815771446603,3.3514603363321074e-32,4.436998339270077e-28,0.34253713
Rep,Gk,11.810824406317662,3.431797152814526e-32,4.543356250611151e-28,0.43146348
Rep,1110065P20Rik,11.809345162708517,3.4927087643523555e-32,4.623997133126084e-28,0.41955602
Rep,Clcc1,11.797971695087769,3.9983281327646726e-32,5.29338661496715e-28,0.5065162
Rep,Srsf6,11.792728336959993,4.2552857114261167e-32,5.633572753357036e-28,0.2510489
Rep,Cenpi,11.78957971968966,4.417398995384926e-32,5.848194529990104e-28,0.9426484
Rep,Wdr46,11.77846684407785,5.040147631094064e-32,6.672651448805432e-28,0.49314845
Rep,Nop2,11.773192148489535,5.365507552780726e-32,7.1033954491264025e-28,0.50505424
Rep,Srek1,11.757591421505097,6.454949009834731e-32,8.545706994120201e-28,0.34294945
Rep,Zc3hav1l,11.756623802723649,6.52933221543936e-32,8.644182920020169e-28,1.4658775
Rep,Pcm1,11.754803988399374,6.671538744902857e-32,8.832450144376894e-28,0.3610968
Rep,Polr1b,11.754087809757921,6.72834291348211e-32,8.907653183158965e-28,0.68927884
Rep,Akap8,11.751913552728002,6.903754149775088e-32,9.13988011888724e-28,0.42196417
Rep,Oip5,11.746567871089177,7.354568315576287e-32,9.736712992991448e-28,0.66433144
Rep,Palld,11.74473633501063,7.515653626360913e-32,9.949973835939213e-28,1.322856
Rep,Rnaseh1,11.742004218172292,7.762478280990641e-32,1.027674499620351e-27,0.4953891
Rep,Dcps,11.741472906413296,7.811404561563945e-32,1.0341518499054506e-27,0.3441239
Rep,Zdhhc16,11.740701361472276,7.882998550481192e-32,1.043630178098205e-27,0.41823554
Rep,Znhit2,11.738587740498721,8.08248226008898e-32,1.0700398264131801e-27,0.42243814
Rep,Zbed4,11.737208446126953,8.215354582396544e-32,1.0876307931634785e-27,0.52439165
Rep,Aldh9a1,11.73241467178052,8.694248650024305e-32,1.1510315787767176e-27,0.36557746
Rep,Stc2,11.730695849829235,8.87262455823323e-32,1.1746467652644974e-27,0.47883916
Rep,Jagn1,11.726728072621816,9.298388518233524e-32,1.2310136559289362e-27,0.3358091
Rep,Utp15,11.719919985700205,1.00767126926337e-31,1.3340559933777757e-27,0.5640707
Rep,Ttf2,11.718817888843896,1.0208652917445249e-31,1.3515235597405764e-27,0.68984747
Rep,Colgalt1,11.70925019218529,1.1428580617433181e-31,1.5130297879419789e-27,0.30732208
Rep,Nfatc2ip,11.698272048269002,1.3007519899318486e-31,1.7220655594707744e-27,0.6702392
Rep,Matr3,11.674622539763686,1.7182672168176594e-31,2.2748139683448992e-27,0.32623705
Rep,Yrdc,11.665059221494419,1.922692654872174e-31,2.5454528057852713e-27,0.39247596
Rep,Traip,11.661780055718545,1.9982065930448966e-31,2.6454257085321385e-27,0.64493155
Rep,Zfp280d,11.661418114366132,2.006719875338943e-31,2.656696442961227e-27,0.4973359
Rep,Fam210a,11.657644452114566,2.0976542124620775e-31,2.7770844118785444e-27,0.5146477
Rep,Wdr36,11.633509994810202,2.7840933888013628e-31,3.685861237434124e-27,0.43914974
Rep,Mrps10,11.633076723444798,2.7982644133308025e-31,3.704622256808649e-27,0.35214865
Rep,Mrpl38,11.632239616776996,2.825846833645563e-31,3.741138623063361e-27,0.37845474
Rep,Tmem126a,11.619069209943937,3.29708709816052e-31,4.3650136092547125e-27,0.35066497
Rep,Uap1,11.616173289965246,3.410738334815846e-31,4.515476481462698e-27,0.3910097
Rep,Polr3g,11.594863195056957,4.3756425686106325e-31,5.7929131965836164e-27,0.7401409
Rep,Hccs,11.591425771338693,4.554866309412e-31,6.030187507030547e-27,0.49207544
Rep,Cox18,11.587337204929787,4.777549956664401e-31,6.324998387628001e-27,0.3980627
Rep,Prmt7,11.573511398289005,5.6137181965997594e-31,7.432001520478421e-27,0.437487
Rep,Rae1,11.563555900932819,6.304300051440177e-31,8.34626283810165e-27,0.31248522
Rep,Cnih1,11.560652547966134,6.5211341085829146e-31,8.63332944635292e-27,0.3136767
Rep,Top2b,11.544401167136169,7.8788284876168585e-31,1.0430781034755959e-26,0.31042424
Rep,Mbd4,11.533116975121352,8.98313174205931e-31,1.1892768113312321e-26,0.6168518
Rep,Syngr2,11.53225955515688,9.073065540165018e-31,1.2011831468624466e-26,0.26898056
Rep,Psmd14,11.522069524689462,1.0212817225116883e-30,1.352074872433224e-26,0.27892035
Rep,Pde12,11.521142313338316,1.032332391139288e-30,1.3667048526293034e-26,0.46937966
Rep,Ap1ar,11.507766270405474,1.2056071650226736e-30,1.5961033257735174e-26,0.5220196
Rep,Fpgs,11.502617975881623,1.2797393006705441e-30,1.6942468601577332e-26,0.48151326
Rep,Slc35a4,11.494892916842211,1.399544700405481e-30,1.8528572288668164e-26,0.37396938
Rep,Cenpn,11.473232917317747,1.7981354822082017e-30,2.3805515648954382e-26,0.67007184
Rep,Abhd11,11.471378043420238,1.837101906431006e-30,2.4321392139240087e-26,0.25351965
Rep,Alg3,11.468969312216261,1.888956889668484e-30,2.5007900262321057e-26,0.49226582
Rep,Ints10,11.468836582785238,1.8918561381158562e-30,2.504628341251582e-26,0.45972383
Rep,Ranbp2,11.463587187063489,2.01013164576431e-30,2.6612132858273704e-26,0.3638971
Rep,Cyp51,11.461490111057513,2.0594074505414386e-30,2.7264495237718104e-26,0.48246026
Rep,Lsm11,11.459427462711163,2.10904350639754e-30,2.792162698119703e-26,0.54922485
Rep,Nvl,11.457368556502006,2.1597734760314978e-30,2.8593241049181e-26,0.5475867
Rep,Rwdd4a,11.45357709842456,2.2563814466642043e-30,2.98722339723874e-26,0.366094
Rep,Pop1,11.450800141820427,2.3298492119363956e-30,3.0844873716825943e-26,0.58178663
Rep,Txlna,11.4415340291091,2.592603676403124e-30,3.432348007190096e-26,0.3522153
Rep,Cnot9,11.43716745597413,2.7264203048692736e-30,3.6095078416164314e-26,0.5149858
Rep,Ergic1,11.437144858567523,2.7271303482763137e-30,3.6104478680830115e-26,0.4095087
Rep,Dtd1,11.436305205594003,2.753643977765544e-30,3.6455492621638035e-26,0.3175614
Rep,Ubac1,11.429156550809266,2.989989340736093e-30,3.958446888200514e-26,0.4433825
Rep,Cpsf2,11.426280953223417,3.0906433171050437e-30,4.0917026875153676e-26,0.31671003
Rep,Tyw1,11.42118422418296,3.277374011283845e-30,4.338915453538682e-26,0.44384515
Rep,Bambi,11.421117439748556,3.279893694169225e-30,4.3422512617106375e-26,1.2538204
Rep,Prps2,11.417707697252311,3.411126014808092e-30,4.515989731004433e-26,0.48464704
Rep,Echdc1,11.416214819395528,3.4702110077791776e-30,4.594212353198853e-26,0.5463152
Rep,Api5,11.414966239538552,3.520406391254859e-30,4.6606660213823077e-26,0.34020036
Rep,6030458C11Rik,11.40916658452976,3.76317556551093e-30,4.9820681311799205e-26,0.4638337
Rep,Mycbp2,11.40708368139485,3.8543603381571874e-30,5.1027876516863e-26,0.30509633
Rep,Gpat4,11.402810231663198,4.04836331644556e-30,5.359628194642277e-26,0.47491658
Rep,Tsen15,11.40270278677235,4.05336390836254e-30,5.366248478281167e-26,0.565722
Rep,Flvcr1,11.390605993638745,4.657392707808189e-30,6.165922205867262e-26,0.56869173
Rep,Fbxo45,11.385765431479738,4.9234019423487754e-30,6.518091831475544e-26,0.495229
Rep,Sass6,11.375763793982829,5.5217330569711266e-30,7.310222394124074e-26,0.5233867
Rep,Atpaf1,11.374572730106397,5.5976309901473024e-30,7.410703667856014e-26,0.44988084
Rep,Med9,11.359927294072136,6.61997094595499e-30,8.764179535349811e-26,0.3453684
Rep,Ythdf2,11.356016023679809,6.923035294799911e-30,9.165406426785603e-26,0.33414733
Rep,Msl3,11.35370564555888,7.108482234848729e-30,9.410919630716233e-26,0.39598095
Rep,Pank2,11.352681467765926,7.192258957553864e-30,9.52183163390556e-26,0.34401894
Rep,Recql,11.352600860990693,7.198893954418106e-30,9.530615706254131e-26,0.5741842
Rep,Slfn3,11.348689374965,7.52826601428916e-30,9.966671376317419e-26,1.8473659
Rep,Eme1,11.342105845623903,8.116744039982103e-30,1.0745757434532307e-25,0.7805047
Rep,Bcas2,11.341459354254676,8.17693679261499e-30,1.0825446619742986e-25,0.2626312
Rep,Kif2a,11.337900206984438,8.516337351996072e-30,1.12747790203076e-25,0.324764
Rep,Dicer1,11.331825318839265,9.128234433346889e-30,1.2084869566307946e-25,0.4507835
Rep,Stard7,11.32037173456985,1.0402985062584728e-29,1.3772511924355922e-25,0.41550052
Rep,Nacc1,11.317370986681958,1.0765203063721502e-29,1.4252052336060897e-25,0.42251432
Rep,Cpox,11.313211668485161,1.128805339962237e-29,1.4944253895760056e-25,0.54735017
Rep,Qki,11.308366357461313,1.1928985159299463e-29,1.579278345239656e-25,0.34519815
Rep,Cul1,11.298740690145483,1.3311311161544386e-29,1.7622844846768613e-25,0.31962758
Rep,Eif2b1,11.29655849889678,1.364615789508796e-29,1.806614843730695e-25,0.43476486
Rep,Utp14a,11.296472800225837,1.3659477148371977e-29,1.808378179672966e-25,0.38668692
Rep,Pgam5,11.279988986979854,1.6476660491051067e-29,2.1813450824102507e-25,0.50177145
Rep,1110004F10Rik,11.27732719356887,1.698276067766408e-29,2.2483476861159475e-25,0.26918936
Rep,Slc36a4,11.274532431247913,1.7530748458675204e-29,2.3208957884440103e-25,0.52474904
Rep,Polr2d,11.265932557895976,1.9329461976117454e-29,2.5590274710181896e-25,0.3388477
Rep,Vac14,11.262853672443432,2.001699007396952e-29,2.650049315892825e-25,0.5113282
Rep,Trap1,11.262836519278366,2.002088762744222e-29,2.6505653129970756e-25,0.2908327
Rep,2310057M21Rik,11.251371934530827,2.2801745563167567e-29,3.018723095107754e-25,0.5366678
Rep,Coq5,11.249873148969757,2.319253721439394e-29,3.0704600018136137e-25,0.45642877
Rep,Eef1akmt4,11.240684435186722,2.573790687066135e-29,3.4074414906068557e-25,0.4270513
Rep,Camta1,11.230934803135291,2.874214138286739e-29,3.8051720976778137e-25,0.35968745
Rep,Hdac3,11.229984078972214,2.9053089232819177e-29,3.8463384835329307e-25,0.3526224
Rep,Cdca4,11.229044738858377,2.9363591576592945e-29,3.88744588882514e-25,0.3995422
Rep,Rsl24d1,11.217002857929687,3.364816107575877e-29,4.4546800448197035e-25,0.29019862
Rep,Coq7,11.214295128497163,3.469394162834121e-29,4.593130932176093e-25,0.31768012
Rep,Ints15,11.209655816629253,3.656122950796775e-29,4.84034117455985e-25,0.46404827
Rep,Ctnnal1,11.20686656503454,3.7731529840148984e-29,4.995277235537324e-25,1.6969752
Rep,Abcf1,11.205108752567593,3.8488079284488613e-29,5.0954368164734475e-25,0.2899959
Rep,Ubxn2a,11.192779985872596,4.4234354092893214e-29,5.856186138358132e-25,0.4414903
Rep,Amd1,11.19242585780139,4.441141350809942e-29,5.879627034337283e-25,0.6576667
Rep,Secisbp2,11.175280785637604,5.387970644023006e-29,7.133134335622058e-25,0.4673996
Rep,Srsf9,11.169158233850393,5.772532369325622e-29,7.642255603750191e-25,0.25767657
Rep,Hus1,11.162624641644738,6.212978177272012e-29,8.225361808890417e-25,0.5932269
Rep,Poldip2,11.155426431710282,6.736903897466197e-29,8.918987069855498e-25,0.32961363
Rep,Scly,11.153973600105926,6.847848994702575e-29,9.06586728408674e-25,0.4417193
Rep,Utp6,11.150319946562323,7.134935555137148e-29,9.44594118144607e-25,0.47810602
Rep,Ptcd3,11.149302437102884,7.216990968539397e-29,9.554574343249308e-25,0.46909475
Rep,A430005L14Rik,11.148049974076702,7.319280349813144e-29,9.68999525511762e-25,0.36274797
Rep,Psmc2,11.143366973897177,7.714649235744167e-29,1.0213424123201703e-24,0.25234473
Rep,Tnpo1,11.139259362804,8.078838964234281e-29,1.0695574904749764e-24,0.36334145
Rep,Bccip,11.138972609675479,8.10489086354294e-29,1.0730065014244499e-24,0.30204093
Rep,Sgf29,11.133675817676414,8.601380696394782e-29,1.1387367903957051e-24,0.33502614
Rep,Ehd4,11.126330224239208,9.340211959000236e-29,1.2365506612520413e-24,0.352722
Rep,Scarb1,11.117250818289547,1.034095125930356e-28,1.3690385372191982e-24,0.34795392
Rep,Rapsn,11.099505131869748,1.2614037213963553e-28,1.6699723867566346e-24,0.31175733
Rep,Bms1,11.087120783968116,1.4487593141370838e-28,1.9180124559860852e-24,0.422117
Rep,Rev3l,11.075636607193863,1.6470538977990712e-28,2.1805346552961905e-24,0.42863774
Rep,Trem3,11.075412116484507,1.6511870923436436e-28,2.1860065915537497e-24,0.27754918
Rep,Msto1,11.071950487553652,1.716238799933926e-28,2.272128547232525e-24,0.56275487
Rep,Srpra,11.060468479308176,1.9507594186028992e-28,2.5826103942883783e-24,0.32753858
Rep,Smyd5,11.059112198463923,1.9804807691162411e-28,2.6219584902329918e-24,0.6834104
Rep,Zfp91,11.0380021783458,2.505417675584884e-28,3.316922460706828e-24,0.2565325
Rep,Pitrm1,11.032576375159168,2.6612998808591442e-28,3.523294912269421e-24,0.32575363
Rep,Smim26,11.031725826816434,2.686593240684634e-28,3.556780791342387e-24,0.3521515
Rep,Prmt5,11.029461840306885,2.755087097814335e-28,3.647459808796398e-24,0.39518058
Rep,Rnf8,11.027481232484693,2.8164265072925093e-28,3.7286670530045534e-24,0.38676488
Rep,Gmppb,11.024082736360278,2.924850359764864e-28,3.8722093912927035e-24,0.35481155
Rep,Cfap298,11.022176075992421,2.9874820739087224e-28,3.9551275176477575e-24,0.38356876
Rep,Myc,11.017874001249853,3.1337303366493704e-28,4.148745592690102e-24,0.30515456
Rep,Taf3,11.016858965910862,3.169258926879506e-28,4.195781893295778e-24,0.4185059
Rep,Ankrd49,11.01593037193798,3.2021116990747143e-28,4.2392756784050146e-24,0.3951969
Rep,Rps6kb1,10.999557991170557,3.840095493964666e-28,5.083902424459821e-24,0.33359027
Rep,Ddx10,10.98636670319198,4.444598140211232e-28,5.884203477825649e-24,0.39139497
Rep,Mtfp1,10.983793496003374,4.573079640114518e-28,6.05430013554761e-24,0.6699712
Rep,Rpl7l1,10.980950355361628,4.719326246478718e-28,6.247916017713175e-24,0.25706595
Rep,Phip,10.978910014737725,4.827128150587543e-28,6.390634958562848e-24,0.32902288
Rep,Exosc4,10.978867086625304,4.82942230881261e-28,6.393672194637014e-24,0.26823732
Rep,Rangap1,10.973194475942872,5.142288321950957e-28,6.807875509430872e-24,0.25126007
Rep,Gls,10.961945966963945,5.823353057019707e-28,7.70953711218839e-24,0.3211996
Rep,Nbn,10.95676156601213,6.166672539193615e-28,8.164057774638427e-24,0.5515735
Rep,Cdk2ap1,10.955782147928913,6.233750318474048e-28,8.252862046627792e-24,0.38862717
Rep,Nsl1,10.955282464535307,6.268250612244651e-28,8.298536985550693e-24,0.8835411
Rep,Med4,10.95024015620853,6.62716758612671e-28,8.773707167273151e-24,0.32789928
Rep,Pbx3,10.940578524957132,7.372792715528938e-28,9.760840276088761e-24,1.0827498
Rep,Ube2e1,10.937749901481812,7.606428671076773e-28,1.007015091763854e-23,0.26884243
Rep,Gemin5,10.936196248197069,7.737864964947296e-28,1.0244159427093726e-23,0.4764235
Rep,Uxt,10.930764406228823,8.215343517082536e-28,1.0876293282265569e-23,0.3444308
Rep,Mars1,10.926656196392642,8.595775529971086e-28,1.1379947224128721e-23,0.3446169
Rep,Smyd4,10.923845633748916,8.866056249683856e-28,1.1737771868956458e-23,0.82722163
Rep,Tasp1,10.917040579465127,9.555886952954315e-28,1.2651038737016218e-23,0.6054921
Rep,Platr25,10.916395036072213,9.624027102619534e-28,1.2741249481158002e-23,0.9612169
Rep,Hgh1,10.910370435079946,1.0283644349816016e-27,1.3614516754721424e-23,0.3694079
Rep,Psmg4,10.9082724674848,1.0523715345425387e-27,1.393234674580867e-23,0.2690032
Rep,Agap3,10.905420360562655,1.085902011369682e-27,1.437625672852322e-23,0.44713116
Rep,Nmt2,10.898896293331198,1.1666380509629355e-27,1.5445121156698302e-23,0.63107777
Rep,Rpgrip1,10.88768408516393,1.3195313116118613e-27,1.7469275034429432e-23,0.5554309
Rep,Jade1,10.886751979744597,1.333102415388525e-27,1.7648942877328682e-23,0.31337047
Rep,Ogfod3,10.886473136257012,1.3371891056439342e-27,1.7703046569620045e-23,0.4580865
Rep,Cry1,10.883586447340804,1.3802329962326207e-27,1.8272904637123665e-23,0.46982455
Rep,Mrpl55,10.873135828683935,1.547874990435247e-27,2.0492316998372234e-23,0.34609133
Rep,Rhebl1,10.871827383170618,1.5702384014231207e-27,2.0788386196440695e-23,0.66195464
Rep,Usp15,10.87177039490192,1.5712196698683114e-27,2.0801377209386573e-23,0.3451234
Rep,Oat,10.868657018495794,1.6257626087396754e-27,2.1523471177104562e-23,0.3028562
Rep,Tmx4,10.862145761650579,1.7459763998527092e-27,2.3114981557650018e-23,0.2728642
Rep,Mrpl2,10.861065889194203,1.766748572273748e-27,2.338998434833215e-23,0.2736414
Rep,Sdhaf1,10.859016910447629,1.8068382347787143e-27,2.3920731390235398e-23,0.3717984
Rep,Zpr1,10.854257274178478,1.9034792503357375e-27,2.520016179519483e-23,0.33048862
Rep,Wdr5,10.852951134680675,1.93088432452753e-27,2.556297757241997e-23,0.27962583
Rep,Las1l,10.85042028205567,1.9851044530475996e-27,2.628079785389717e-23,0.33789766
Rep,Nup37,10.849829336681509,1.997980541356618e-27,2.6451264387020267e-23,0.3132727
Rep,Pspc1,10.844242063234091,2.1238893078677178e-27,2.811817054686072e-23,0.4068823
Rep,Gpaa1,10.836977274809724,2.2994338041454926e-27,3.0442204133082175e-23,0.27343965
Rep,Rbis,10.835039590138624,2.3486379944429847e-27,3.1093618408430676e-23,0.26617128
Rep,Osgin2,10.834049144521048,2.3741904845805998e-27,3.143190782536256e-23,0.72933936
Rep,Plpp5,10.826669530736634,2.57345828429006e-27,3.40700142257161e-23,0.2646265
Rep,Tars1,10.825714118728754,2.6004406425681342e-27,3.442723366695953e-23,0.30519414
Rep,Upf1,10.825446478828276,2.6080493951900685e-27,3.4527965942921315e-23,0.38421762
Rep,Atg9b,10.821728949887342,2.7160467484103514e-27,3.595774290220464e-23,0.88782716
Rep,Trub1,10.817076573502828,2.857469112767639e-27,3.7830033583930773e-23,0.70112133
Rep,Dcst2,10.814029833124717,2.954015902484886e-27,3.910821653299741e-23,0.82625055
Rep,Sf3a1,10.805864756834302,3.2290001390111216e-27,4.2748732840368236e-23,0.37095833
Rep,Ap1s1,10.799625875075279,3.4560890398388844e-27,4.575516279842699e-23,0.25497764
Rep,Txnrd1,10.790292692917129,3.8256916845528864e-27,5.064833221179566e-23,0.33068657
Rep,Nup160,10.788142373551274,3.91625391795234e-27,5.184728561977103e-23,0.5275545
Rep,Gde1,10.787281090629957,3.95312086053624e-27,5.2335367072639284e-23,0.2762216
Rep,Denr,10.779678979909747,4.29381626786432e-27,5.684583357025574e-23,0.26316965
Rep,D030056L22Rik,10.77329708963785,4.602191918699306e-27,6.092841881166011e-23,0.45470524
Rep,Slc25a10,10.769498323038556,4.796073482863682e-27,6.349521683963229e-23,0.47325683
Rep,Sac3d1,10.76828263572246,4.859814085817101e-27,6.43390786821326e-23,0.3097418
Rep,Fads2,10.766890211812848,4.933853886476558e-27,6.531929160306316e-23,0.4193232
Rep,BC005561,10.766354531877317,4.962634742703871e-27,6.570032135865655e-23,0.30798328
Rep,Ncapg,10.764170378417164,5.0817175906515324e-27,6.727685918263564e-23,0.4362917
Rep,Alg5,10.749114327573123,5.9833364952125004e-27,7.921339186011829e-23,0.30650806
Rep,Gfer,10.747893282897138,6.063059089052422e-27,8.026883927996501e-23,0.32966232
Rep,Ddx20,10.745633963028034,6.213358616187188e-27,8.225865471970218e-23,0.4935701
Rep,Tmem209,10.740916245220781,6.539215229883187e-27,8.657267042842351e-23,0.56077456
Rep,Papola,10.728768246086508,7.458369469959465e-27,9.874135341279336e-23,0.28788316
Rep,Rgcc,10.72735037012731,7.573670620322975e-27,1.0026782534245587e-22,0.26511407
Rep,G6pc3,10.717235875021654,8.449066799717218e-27,1.1185719536145625e-22,0.2905101
Rep,Prr5,10.7161745801738,8.546543731293662e-27,1.131476924585968e-22,0.5748186
Rep,Tmem41a,10.70899620991287,9.235777046940038e-27,1.2227245232443916e-22,0.8330064
Rep,Gnl1,10.703038086609268,9.849490524236919e-27,1.3039740505037257e-22,0.38217092
Rep,Tra2a,10.702379785467473,9.919731099107232e-27,1.3132732002108064e-22,0.2532119
Rep,Fastkd2,10.6949832784804,1.0743903209913662e-26,1.4223853459604697e-22,0.70970345
Rep,Zdhhc6,10.693639993269231,1.0900704959001457e-26,1.4431443295222027e-22,0.35717833
Rep,Fam98b,10.688539363980931,1.1517041802119252e-26,1.524741164182568e-22,0.48081613
Rep,Zbtb11,10.688514029604185,1.1520187738701825e-26,1.5251576547267347e-22,0.5167484
Rep,Ergic2,10.685511598225064,1.1899117044327115e-26,1.5753241054984666e-22,0.2871827
Rep,Slc31a1,10.685091072679885,1.1953167859485071e-26,1.5824798929172285e-22,0.5490551
Rep,Asns,10.676759200067156,1.3075698118707982e-26,1.7310916739357496e-22,0.7603853
Rep,Tubgcp3,10.67059776734503,1.3972457814770225e-26,1.84981369009743e-22,0.47832537
Rep,Afg2a,10.662841100703082,1.518854020026191e-26,2.0108108371126741e-22,0.6714277
Rep,Ccdc115,10.65317838268103,1.6851132506757346e-26,2.230921432569605e-22,0.29156244
Rep,Paxbp1,10.65286183372649,1.6908547790792953e-26,2.238522642023079e-22,0.38196957
Rep,Dnajc15,10.649432073003643,1.7543205656399834e-26,2.322544996850774e-22,0.2665147
Rep,Fam133b,10.648428839694596,1.7733273110913143e-26,2.347708027153791e-22,0.35276234
Rep,Itpr1,10.646344413896522,1.8134729509373786e-26,2.4008568397459957e-22,0.51157427
Rep,Armc1,10.645486378279019,1.8302591578614053e-26,2.4230800990927146e-22,0.32255602
Rep,Dph6,10.638201381560807,1.9791280015854352e-26,2.620167561298958e-22,0.595593
Rep,Pwwp3a,10.637321603106834,1.9978997827162527e-26,2.645019522338047e-22,0.39641583
Rep,Ormdl1,10.631241609258728,2.132542502251868e-26,2.823273018731248e-22,0.32835066
Rep,Ltn1,10.621847334626906,2.3584689078787697e-26,3.122376987140703e-22,0.4102614
Rep,Nol9,10.621505731024618,2.367116761493438e-26,3.1338258805411626e-22,0.5139818
Rep,Igsf8,10.618321683387851,2.4492496017172663e-26,3.242561547713489e-22,0.82189465
Rep,Ccdc166,10.614109030064942,2.5622715580443676e-26,3.3921913156949385e-22,0.4973564
Rep,Usp7,10.609161994095826,2.70161188723805e-26,3.5766639775144545e-22,0.26280394
Rep,Poglut2,10.598182189457287,3.038283327175879e-26,4.0223832968481462e-22,0.6173935
Rep,Sfmbt1,10.59465180159321,3.155129700820819e-26,4.177076210916682e-22,0.44769835
Rep,Hsph1,10.584997483114247,3.4979015324505494e-26,4.630871838811282e-22,0.50257635
Rep,Elane,10.582740691739927,3.583207657108369e-26,4.74380861724577e-22,0.3854165
Rep,Polr1c,10.582148636561374,3.605926614648681e-26,4.773886245133389e-22,0.3374387
Rep,Ticrr,10.580828032271198,3.657117979909347e-26,4.841658493601984e-22,0.80324745
Rep,Dnajc11,10.578754545787392,3.7389509778310133e-26,4.949997199550478e-22,0.42436957
Rep,Gpr89,10.578459504892667,3.7507417459576516e-26,4.965606997473335e-22,0.42094457
Rep,Gtf2e2,10.576717594450132,3.8211089840899157e-26,5.058766184036639e-22,0.30596936
Rep,Mutyh,10.573677758594176,3.947056377789157e-26,5.225507938555065e-22,0.9753885
Rep,Fancl,10.568908658334555,4.152992005512622e-26,5.49814611609816e-22,0.49746537
Rep,Nars1,10.565056190856392,4.327094567484667e-26,5.728640497892951e-22,0.26796368
Rep,Ppp1r8,10.56341286230614,4.403544169987849e-26,5.829852126646913e-22,0.45274544
Rep,Polr1e,10.563395883830156,4.4043409762101897e-26,5.83090701840467e-22,0.46680593
Rep,Eefsec,10.561798723130257,4.4799389446138043e-26,5.930991168774216e-22,0.4694574
Rep,Osgep,10.559801940627029,4.576263641093123e-26,6.058515434443186e-22,0.32520044
Rep,Trim44,10.557015834714496,4.714104878427547e-26,6.24100344855023e-22,0.48764706
Rep,B3galt6,10.552420617057198,4.9504979336356063e-26,6.553964214340179e-22,0.457767
Rep,Bmi1,10.547507167245456,5.216270055917964e-26,6.905819927029792e-22,0.4071703
Rep,Slirp,10.537976225979193,5.772777295361932e-26,7.6425798613296615e-22,0.25502825
Rep,Smarce1,10.529022712977065,6.349019889608548e-26,8.405467431852757e-22,0.28273195
Rep,Cep128,10.525086947723203,6.620029851578033e-26,8.76425752050416e-22,0.40971422
Rep,Npat,10.524845596810286,6.637017057724794e-26,8.786746882721856e-22,0.5521536
Rep,Bltp2,10.521039840466287,6.910664427188761e-26,9.149028635155201e-22,0.3274135
Rep,Flt1,10.509579134121214,7.804103546099144e-26,1.0331852684680657e-21,0.47324204
Rep,Pms1,10.497319454382021,8.886786944068006e-26,1.1765217235251633e-21,0.77253413
Rep,Ctu2,10.496812121164504,8.934664168140855e-26,1.1828601892201678e-21,0.3969686
Rep,Smc5,10.493729517055376,9.231115845395206e-26,1.2221074267718712e-21,0.4736414
Rep,Ndufaf6,10.488250323617375,9.782306430217654e-26,1.2950795482965152e-21,0.4280945
Rep,Snx2,10.487525539378018,9.857618886994506e-26,1.3050501644492026e-21,0.26704723
Rep,Hras,10.487189150369181,9.892768110080471e-26,1.3097035700935535e-21,0.26416743
Rep,Rcc1l,10.484463788933812,1.018215874816252e-25,1.348015996669236e-21,0.57604885
Rep,Ibtk,10.484000985503965,1.0232127846945358e-25,1.354631405657096e-21,0.37726128
Rep,Dnajc25,10.48113920658012,1.0546558560202173e-25,1.3962588877851657e-21,0.40796936
Rep,Bhlhb9,10.475782317236122,1.1161092795595802e-25,1.4776170752089282e-21,0.6574881
Rep,Mtch2,10.469404519013587,1.1939166866722035e-25,1.5806263014853303e-21,0.27042472
Rep,Egfl7,10.468117301805691,1.2102604872332653e-25,1.60226385904812e-21,0.29220295
Rep,Rnf157,10.468011324773158,1.2116159160943175e-25,1.604058311317267e-21,1.0080061
Rep,Cars2,10.464094661325833,1.2627787234722435e-25,1.6717927520049031e-21,0.39702117
Rep,Pgrmc2,10.460902853224377,1.306051747934792e-25,1.729081909090871e-21,0.39846528
Rep,Ppp4r3a,10.459951256227024,1.31923515928597e-25,1.746535427378696e-21,0.33840287
Rep,Mecr,10.446851982545853,1.5146967782380193e-25,2.0053070647093136e-21,0.38961804
Rep,Akr1b1,10.443934375393889,1.5619971802997947e-25,2.067928066998898e-21,0.33361924
Rep,Sdha,10.439365660165041,1.6390225166236762e-25,2.169901909758085e-21,0.27820122
Rep,Qser1,10.434967806961268,1.716719369599896e-25,2.2727647734133025e-21,0.6491258
Rep,Tedc1,10.419615318220778,2.0176761422443992e-25,2.6712014447173602e-21,0.70558834
Rep,Lin54,10.417389465835676,2.0654463446000947e-25,2.7344444156160653e-21,0.4891498
Rep,Phtf1,10.412636261024165,2.171242031998219e-25,2.874507326162442e-21,0.55012226
Rep,Luc7l,10.40535178483327,2.3438875654588464e-25,3.103072747910967e-21,0.29230404
Rep,Cpsf6,10.39688924788401,2.561594709912842e-25,3.391295236453611e-21,0.25984764
Rep,Iars1,10.392021277528215,2.695786312003265e-25,3.568951498461123e-21,0.38379586
Rep,Lactb,10.391786212790144,2.7024395933767245e-25,3.577759777671446e-21,0.31939197
Rep,Pdia5,10.391276335523457,2.7169271596680523e-25,3.596939866684534e-21,0.3954258
Rep,Med18,10.377825283816101,3.1281975194707096e-25,4.141420696027273e-21,0.5928488
Rep,Abhd8,10.376580525120302,3.1692402811935797e-25,4.19575720827218e-21,0.552279
Rep,Utp11,10.371665012893445,3.336597015060122e-25,4.417320788238095e-21,0.27192083
Rep,Lsm1,10.370834842619743,3.3657134284756515e-25,4.455868007958915e-21,0.29616463
Rep,Ehmt1,10.370142776876968,3.3901784571815055e-25,4.488257259462595e-21,0.3552903
Rep,Slc35g1,10.362204938247258,3.683707401059965e-25,4.8768602282632875e-21,1.3237743
Rep,R3hdm1,10.35993336947544,3.7722472316554423e-25,4.99407810998864e-21,0.27443236
Rep,Fdx2,10.358314160371261,3.836643959388582e-25,5.079332937834544e-21,0.256071
Rep,Pkn2,10.35463235107121,3.98715420035821e-25,5.2785934458542345e-21,0.2735449
Rep,Nup214,10.352903090231118,4.0598504833391533e-25,5.374836054892705e-21,0.34301138
Rep,Slc30a5,10.342422860891938,4.52938762355576e-25,5.996456274825471e-21,0.29842305
Rep,Bbx,10.342290774808504,4.535636254267658e-25,6.004728837024952e-21,0.39860272
Rep,1700001L05Rik,10.334840661192787,4.902261269654667e-25,6.490103694895813e-21,1.3997631
Rep,Tmx2,10.329245972725762,5.196747426242573e-25,6.879973917602543e-21,0.34933066
Rep,Abitram,10.327076800368957,5.315583328461109e-25,7.037300768549662e-21,0.5575619
Rep,Slc39a10,10.316624480749095,5.927037471470336e-25,7.846804908479578e-21,1.1771264
Rep,Adk,10.312169968096512,6.208344221801112e-25,8.219226915242492e-21,0.30335188
Rep,Larp1b,10.2986869337729,7.142961490854556e-25,9.456566717742347e-21,0.30165082
Rep,Ahcy,10.293094678225994,7.5703407244871175e-25,1.0022374085148495e-20,0.6736009
Rep,Purb,10.291652572622928,7.684600194195898e-25,1.0173642197095949e-20,0.25260553
Rep,Hacd3,10.28832931770171,7.954451775974894e-25,1.0530898706213161e-20,0.4140048
Rep,Magohb,10.284730179951858,8.257302404674878e-25,1.0931842653549071e-20,0.2911472
Rep,Pde4d,10.283741444720915,8.342481702467649e-25,1.104461152589692e-20,0.26877332
Rep,D330041H03Rik,10.274180718383768,9.212381285328355e-25,1.2196271583646209e-20,0.7162559
Rep,Calu,10.26921251368212,9.699314176826767e-25,1.2840922038700958e-20,0.34051013
Rep,Gcat,10.264851205788371,1.0147729159915681e-24,1.343457863481237e-20,0.40102792
Rep,Ncln,10.263130682949384,1.0330224020337594e-24,1.3676183580524943e-20,0.2844618
Rep,Abhd17c,10.262176753715302,1.0432804070202612e-24,1.3811989308541238e-20,0.3029055
Rep,Ilf3,10.25846061562837,1.0842129780162934e-24,1.435389561595771e-20,0.34928
Rep,Lsg1,10.2542942274117,1.1319991762683444e-24,1.4986537094616613e-20,0.3263557
Rep,2700038G22Rik,10.252135577097208,1.157572412693716e-24,1.5325101171652107e-20,0.62549686
Rep,Chd1,10.246895467841073,1.2220571168044474e-24,1.6178814169374078e-20,0.262108
Rep,Txnrd3,10.244430171731633,1.253613813607161e-24,1.6596593278345206e-20,0.71130633
Rep,Zcchc7,10.217349428337409,1.6581278673860873e-24,2.195195483632441e-20,0.29009783
Rep,Actn4,10.214210263906264,1.7126807768560545e-24,2.2674180804797305e-20,0.26898867
Rep,Erlin1,10.201468651989329,1.9529665272861e-24,2.5855323854740677e-20,0.5644133
Rep,Xpo5,10.201429661659159,1.9537508198406918e-24,2.586570710387092e-20,0.4693961
Rep,Etfa,10.199903366888671,1.9846987244411505e-24,2.6275426412876392e-20,0.26803282
Rep,Sacs,10.182587405255543,2.3716980992995278e-24,3.139891113662645e-20,0.6489656
Rep,Bud23,10.18065549158612,2.4192618169155186e-24,3.202860719414455e-20,0.27942705
Rep,Chek2,10.172164883333691,2.6397529349280683e-24,3.49476891055127e-20,0.53551054
Rep,Atr,10.170976219173772,2.672169296871592e-24,3.537684932128301e-20,0.6041322
Rep,Bag5,10.168723667869035,2.7346846441940977e-24,3.620449000448566e-20,0.3734337
Rep,Desi2,10.16266830308936,2.9100136807073922e-24,3.8525671118885164e-20,0.34367275
Rep,1700025G04Rik,10.156273868377319,3.1072547497025186e-24,4.113694563131164e-20,0.40541792
Rep,Mrps27,10.156119233281077,3.1121850487062635e-24,4.1202217859822224e-20,0.50612855
Rep,Polr3d,10.147289438701362,3.406945701802448e-24,4.5104554146162604e-20,0.58460975
Rep,Wdr82,10.137000231485958,3.785456554488054e-24,5.011565932486735e-20,0.4031005
Rep,Taf5,10.134476165770158,3.884499589199415e-24,5.1426890061411054e-20,0.45385635
Rep,Bdp1,10.133056303469107,3.941337882041226e-24,5.2179372220343793e-20,0.30460668
Rep,Hira,10.132466722440007,3.965180658511257e-24,5.2495026738030533e-20,0.4719789
Rep,Rps6ka5,10.128184662636396,4.142688246341556e-24,5.484504969331586e-20,0.38536072
Rep,Elf2,10.126694537929046,4.2062876224022256e-24,5.568704183298307e-20,0.28545928
Rep,Cops7a,10.122902724091816,4.372519309729632e-24,5.78877831415106e-20,0.28511482
Rep,C030006K11Rik,10.110861320773385,4.944761991928621e-24,6.546370401114301e-20,0.29852593
Rep,Nanp,10.10338550989489,5.336732713030717e-24,7.065300438781366e-20,0.41406107
Rep,Telo2,10.086413240992023,6.344553625689649e-24,8.399554545050526e-20,0.40863752
Rep,Zfp639,10.079785336942994,6.787424444253236e-24,8.985871221746859e-20,0.46710706
Rep,Mrpl35,10.073265321278232,7.252930159575989e-24,9.602154238262652e-20,0.28665972
Rep,Snx9,10.072050990150537,7.34305801730607e-24,9.721474509111507e-20,0.45006657
Rep,Pdk3,10.069537499957493,7.53314870323467e-24,9.97313556821238e-20,0.28279287
Rep,Polr2b,10.061442041164893,8.1791399090876e-24,1.0828363325641074e-19,0.30054283
Rep,Oard1,10.055527727385924,8.685482383218785e-24,1.1498710127143348e-19,0.27221763
Rep,Topors,10.055053768640596,8.727377983090975e-24,1.1554175711814142e-19,0.2817495
Rep,Hdgfl2,10.032818076725784,1.0935023752151387e-23,1.4476877945473221e-19,0.28161138
Rep,Hs2st1,10.03048965697428,1.1195998474472685e-23,1.4822382380354387e-19,0.3114128
Rep,Zfp106,10.024643229911169,1.187878276555623e-23,1.5726320503319892e-19,0.26967886
Rep,Alyref2,10.018828888501165,1.2598689481494472e-23,1.6679405004550533e-19,0.5292895
Rep,Dnajc24,10.01766066980438,1.274846272034582e-23,1.687768979546583e-19,0.32044423
Rep,Hspe1-rs1,10.012937161353289,1.3372237175109043e-23,1.7703504796126863e-19,0.49249387
Rep,Ddx42,10.011539009239314,1.3562604343137146e-23,1.7955531889879268e-19,0.2773152
Rep,Tpgs2,10.009911772778224,1.3787544309777766e-23,1.8253329911714784e-19,0.46878505
Rep,Slc52a2,10.007654212712955,1.4105746835951773e-23,1.8674598236116553e-19,0.33315814
Rep,Epop,9.996577742352555,1.577547845782316e-23,2.0885155930312082e-19,0.63777137
Rep,Rrp12,9.99507724115552,1.6016232471001258e-23,2.1203890168358566e-19,0.8318584
Rep,Aida,9.993827950954525,1.6219452954129204e-23,2.1472933765971653e-19,0.40237856
Rep,Ppil4,9.993759507655364,1.6230660022912598e-23,2.1487770804333988e-19,0.31151307
Rep,Dus1l,9.990118751414556,1.6837990509137285e-23,2.229181563504685e-19,0.2781238
Rep,Cbx2,9.985686821568649,1.7607740509532297e-23,2.331088766056981e-19,1.0367651
Rep,Msantd3,9.97121721048046,2.0371670793549716e-23,2.697005496358047e-19,0.2796653
Rep,Aldh18a1,9.966606014816273,2.1339664759884e-23,2.8251582175610427e-19,0.43517518
Rep,Mns1,9.966594180950741,2.1342206635466012e-23,2.8254947364693453e-19,0.3001796
Rep,Alg8,9.963352726919373,2.204986960567513e-23,2.9191822370953305e-19,0.49248934
Rep,Ing2,9.960331462825575,2.2730360607212125e-23,3.009272440788813e-19,0.33317626
Rep,Faf1,9.959381139053836,2.2948674361216676e-23,3.0381749986814756e-19,0.31250167
Rep,Dsn1,9.953557473732149,2.4332599254042334e-23,3.2213928152426647e-19,0.60388947
Rep,Setdb2,9.951751692900235,2.4778274556953597e-23,3.2803957685950867e-19,0.6677978
Rep,Odr4,9.949802557194992,2.5268404107570666e-23,3.3452840198012802e-19,0.3765651
Rep,Pnpt1,9.94775433449705,2.5793795851911207e-23,3.4148406328345246e-19,0.46038222
Rep,St7,9.942904663271884,2.708130961102275e-23,3.585294579403302e-19,0.33141315
Rep,Rabl6,9.939890805199616,2.7913294651016466e-23,3.69544107884807e-19,0.2773558
Rep,Wbp11,9.938809394640483,2.821795017297185e-23,3.735774423399743e-19,0.26561588
Rep,Aqr,9.928668568185932,3.123988871649106e-23,4.1358488671762513e-19,0.3537569
Rep,Rbms1,9.920679172205524,3.3844528378186644e-23,4.48067711198813e-19,0.2520166
Rep,Ipo9,9.919124943021755,3.4375661126974724e-23,4.550993776600184e-19,0.5319321
Rep,Tmtc4,9.918274109472334,3.466990676056037e-23,4.589948956030587e-19,1.1524782
Rep,Gcfc2,9.906521065323215,3.899898488462066e-23,5.163075608874929e-19,0.6983712
Rep,Twnk,9.906272690075914,3.909602136529335e-23,5.175922268551187e-19,0.5301225
Rep,Nol10,9.90218735583498,4.0726837347917144e-23,5.39182599649075e-19,0.62183976
Rep,Utp3,9.900866496798736,4.126838036678038e-23,5.463520876758055e-19,0.26880208
Rep,Dtwd1,9.897196288919208,4.281085353616036e-23,5.667728899652271e-19,0.42806268
Rep,Exosc9,9.885455721243323,4.813864509647392e-23,6.3730752243221825e-19,0.35311508
Rep,Fam76b,9.879487424202368,5.1093585561983796e-23,6.764279792551035e-19,0.37094367
Rep,Rad51b,9.87842049141114,5.164043733954133e-23,6.836677499381877e-19,1.0719216
Rep,Fasn,9.872707308857388,5.466879950918038e-23,7.237602367020391e-19,0.2714295
Rep,Myh7b,9.872327183493168,5.487641731078599e-23,7.265088887774956e-19,3.012423
Rep,Kat2a,9.872171769199236,5.49615265204126e-23,7.276356496037424e-19,0.38677037
Rep,Cyp20a1,9.871825430806956,5.515166149500915e-23,7.301528465324261e-19,0.41130412
Rep,Fam3c,9.871340701637715,5.541886505070916e-23,7.336903544063386e-19,0.3116994
Rep,Gle1,9.870499232923606,5.588576583386727e-23,7.398716538745687e-19,0.31845582
Rep,Ccp110,9.862119194480636,6.07533669997803e-23,8.043138257100914e-19,0.6588712
Rep,Thumpd1,9.857985597757178,6.330668931790144e-23,8.381172598796971e-19,0.29470444
Rep,Lmnb2,9.851408347481378,6.759014205146019e-23,8.948258906192814e-19,0.34180212
Rep,Gnb1l,9.849333826918505,6.899978665054429e-23,9.134881754665558e-19,1.003572
Rep,Rbm26,9.846507921131217,7.096693255382932e-23,9.395312200801464e-19,0.3450353
Rep,Adprs,9.842146370479023,7.41125518719384e-23,9.811760742325925e-19,0.34132004
Rep,Utp25,9.838133340303512,7.71285484805625e-23,1.021104853334167e-18,0.6842346
Rep,Slc10a7,9.837651461282992,7.749877912321652e-23,1.0260063368122635e-18,0.4900744
Rep,Otud6b,9.83640589963388,7.846392281315095e-23,1.0387838741233053e-18,0.40371966
Rep,Cox10,9.834035560369758,8.033360357687441e-23,1.0635365777542402e-18,0.42627525
Rep,H3c1,9.832653906774903,8.144370338236103e-23,1.0782331890790777e-18,1.3811874
Rep,Cisd3,9.832346416314993,8.169281730833406e-23,1.0815312083450347e-18,0.3736626
Rep,Tshz1,9.828853804170272,8.457585608450742e-23,1.1196997587027937e-18,0.27741432
Rep,Ntmt1,9.824826119943918,8.802580682448673e-23,1.1653736565493798e-18,0.3609538
Rep,Rint1,9.824605354226824,8.821888171985174e-23,1.1679297750891172e-18,0.42592645
Rep,Mrpl46,9.81536030435431,9.669194675239662e-23,1.2801046830549789e-18,0.33572876
Rep,Fam221a,9.810712501960769,1.0125108740544857e-22,1.3404631461607335e-18,0.87055016
Rep,Phf19,9.79580077531936,1.1736372866699345e-22,1.5537784038223262e-18,0.78358245
Rep,Rbm10,9.786900028737625,1.2816509410281637e-22,1.696777680827186e-18,0.3246776
Rep,Dnajc1,9.786271384664882,1.2896415127510324e-22,1.7073563987310919e-18,0.25734222
Rep,Nsun5,9.782102712173145,1.3438907440542396e-22,1.7791769560534077e-18,0.50356436
Rep,Atad1,9.777438477637794,1.4072698198598426e-22,1.8630845145124456e-18,0.3394071
Rep,E2f4,9.77636971268947,1.422204142248403e-22,1.8828560639226607e-18,0.2917087
Rep,Cep68,9.77617221574303,1.4249809770215338e-22,1.8865323154788085e-18,0.6574118
Rep,5031439G07Rik,9.772798433997274,1.4732542543020514e-22,1.950441307270486e-18,0.64323163
Rep,Nr2c2ap,9.772031595837927,1.4844502466937793e-22,1.9652636815978946e-18,0.27790463
Rep,Htatsf1,9.76758638977796,1.55103001832407e-22,2.0534086412592364e-18,0.33308816
Rep,Zswim7,9.761899961246785,1.6405252676245912e-22,2.171891401808196e-18,0.46448326
Rep,Pigf,9.76128255440403,1.6505446671332582e-22,2.1851560848177206e-18,0.50994706
Rep,Srfbp1,9.760527206802209,1.6628850081653485e-22,2.2014934623101048e-18,0.36419058
Rep,Casp8,9.759613583460176,1.6779332328283626e-22,2.2214158069414693e-18,0.28152537
Rep,Ascc3,9.756721088406266,1.7264698317984388e-22,2.285673410317953e-18,0.38887954
Rep,Nadk2,9.75616385410592,1.7359787259186014e-22,2.2982622352436363e-18,0.29507375
Rep,Ndc80,9.74428803691121,1.9514191847643823e-22,2.5834838587095656e-18,0.26780748
Rep,Wdr90,9.737334962666443,2.0896257430014533e-22,2.766455521159624e-18,0.5143812
Rep,Uhrf2,9.733565037581547,2.1685665271840467e-22,2.8709652253389593e-18,0.27466452
Rep,Rbm27,9.732764472264558,2.1857062367544e-22,2.89365648683915e-18,0.30148757
Rep,Nup35,9.732485979634427,2.191700005690857e-22,2.901591637534126e-18,0.34488416
Rep,Insig1,9.728493212244814,2.279443138894753e-22,3.0177547715827633e-18,0.4455254
Rep,Ing5,9.716125988508182,2.573882880657605e-22,3.4075635457026034e-18,0.41686583
Rep,Gga2,9.70975104420096,2.740055444385699e-22,3.627559402822227e-18,0.3135265
Rep,Gtpbp10,9.70817010324303,2.7828817661259403e-22,3.684257170174132e-18,0.55975986
Rep,Tusc3,9.701926212348221,2.95859542315523e-22,3.916884480715209e-18,0.7804146
Rep,Anln,9.701581037052017,2.9686232766671655e-22,3.930160355979661e-18,0.3560884
Rep,Cand1,9.694299885748695,3.188166828769546e-22,4.2208140646080024e-18,0.38124037
Rep,Haspin,9.688922570036388,3.3605496771242134e-22,4.4490317175447465e-18,0.57406163
Rep,Foxk2,9.683368807392082,3.548272491410248e-22,4.697557951378027e-18,0.3589418
Rep,Fancg,9.682906981072327,3.564342189435947e-22,4.71883262459425e-18,0.5674586
Rep,Jmjd6,9.678612345118651,3.717269835636072e-22,4.921293535398596e-18,0.2772708
Rep,Dcp2,9.676448952448242,3.7967475534239087e-22,5.0265140859779126e-18,0.33608913
Rep,Dot1l,9.672751657599141,3.9364883612749446e-22,5.211516941491899e-18,0.36123395
Rep,Tbc1d31,9.661742388464068,4.383440996612346e-22,5.803237535415085e-18,0.35716593
Rep,Tmem70,9.655199456083563,4.672491222661975e-22,6.185911129682188e-18,0.31133366
Rep,Prpf3,9.65486012713737,4.687985886527211e-22,6.206424515173374e-18,0.4322312
Rep,Ifi30,9.652246167403504,4.809063160216184e-22,6.366718717810206e-18,0.25481123
Rep,Tmem245,9.650649745724873,4.884525319066874e-22,6.466623069912635e-18,0.6154511
Rep,Dcaf1,9.65062786533085,4.885567694026219e-22,6.468003070121311e-18,0.36756492
Rep,Naa25,9.621451875128077,6.490842496536182e-22,8.59322638116425e-18,0.37634397
Rep,Dipk2a,9.619875323632266,6.591100409265906e-22,8.725957831827133e-18,0.9599204
Rep,Ift57,9.61639155913155,6.818110616437555e-22,9.026496645101679e-18,0.31842566
Rep,Gclc,9.615566001855663,6.873029799319875e-22,9.099204151319582e-18,0.32842648
Rep,2310011J03Rik,9.607110382457934,7.461351091232993e-22,9.87808270968336e-18,0.25866807
Rep,Rai14,9.60487274552979,7.625206295651499e-22,1.009501061481302e-17,0.54655933
Rep,Letm1,9.602673926132319,7.789686217604219e-22,1.0312765583486225e-17,0.35393214
Rep,Mtfr1,9.60094516637223,7.921464788096238e-22,1.048722723296061e-17,0.36881876
Rep,Pop7,9.588193622526843,8.964060687941469e-22,1.186751994476571e-17,0.25343668
Rep,Saal1,9.586028997257396,9.15405498742529e-22,1.2119053397852342e-17,0.41359723
Rep,Fancb,9.584733526046051,9.269661764676422e-22,1.2272105210255116e-17,0.9393425
Rep,Cherp,9.579884329210573,9.715368224630727e-22,1.286217599258862e-17,0.3501761
Rep,Abcb10,9.564180192260654,1.1309421243677864e-21,1.4972542784505124e-17,0.34794784
Rep,Pla2g4a,9.563548266217644,1.1378714652341477e-21,1.5064280328234883e-17,0.30433166
Rep,Txndc5,9.55808667437043,1.1995374765528202e-21,1.5880676652082786e-17,0.33571583
Rep,Angptl4,9.557017888048003,1.2119862341051544e-21,1.604548575331814e-17,0.3070264
Rep,Lipt2,9.554708414699467,1.2393241581757605e-21,1.6407412530088895e-17,0.6905477
Rep,Clec4d,9.550483593663065,1.2909227516073768e-21,1.709052630853006e-17,0.26970658
Rep,Atf5,9.545725518333905,1.3515820897086895e-21,1.789359528565334e-17,0.40015137
Rep,Zfp239,9.543351534278875,1.382893372245861e-21,1.8308125355162954e-17,0.5190573
Rep,Stk3,9.535554411628715,1.4908680610601284e-21,1.973760226037504e-17,0.43368435
Rep,Skic8,9.522121425957215,1.6967922151811807e-21,2.246383213678365e-17,0.25296506
Rep,Dhcr7,9.521301034144939,1.710242933449261e-21,2.2641906195934766e-17,0.45118666
Rep,Fsd1l,9.51567415372931,1.805384499725616e-21,2.390148539186743e-17,0.6640768
Rep,Car12,9.51191432597511,1.871856515966123e-21,2.4781508414875502e-17,0.8223314
Rep,Slc7a6,9.510229657429226,1.902420728497823e-21,2.518614802458268e-17,0.52460814
Rep,Zranb3,9.509654810993593,1.9129624814164416e-21,2.532571029147227e-17,0.8400569
Rep,Ttll12,9.506149482429308,1.9785066347445076e-21,2.6193449337382538e-17,0.38919806
Rep,Nus1,9.50578195698155,1.985506152495315e-21,2.6286115952885476e-17,0.31488526
Rep,Nrtn,9.502504833897955,2.0490119157110673e-21,2.712686875209882e-17,1.3769946
Rep,Polr3e,9.499708124598111,2.104794181662665e-21,2.7865370171032026e-17,0.47805214
Rep,Haus7,9.498910572800977,2.1209753872067875e-21,2.807959315123066e-17,0.4659047
Rep,Mrgbp,9.49880988580962,2.1230269136863078e-21,2.810675331029303e-17,0.30818093
Rep,Metap1,9.497641090721391,2.1469855856502394e-21,2.842394216842352e-17,0.3197503
Rep,Slc7a6os,9.48218870067161,2.490044707838187e-21,3.2965701887069757e-17,0.55941415
Rep,Zfp131,9.481729554221866,2.501027567848787e-21,3.311110397075009e-17,0.27527648
Rep,Parp2,9.479601688273,2.5525553763756204e-21,3.379328062783684e-17,0.30839968
Rep,Akap11,9.477153303787254,2.613145155943687e-21,3.459542871953847e-17,0.44276357
Rep,Cep57,9.46732010068649,2.8711513732631667e-21,3.8011173030631065e-17,0.287673
Rep,Hadhb,9.462573465819457,3.004558542328297e-21,3.9777350541884326e-17,0.25344014
Rep,Fanca,9.459506657118666,3.0939949884571858e-21,4.096139965218468e-17,0.43951702
Rep,Klf16,9.457072205693054,3.166860789251819e-21,4.192606998890483e-17,0.6402209
Rep,Ctdp1,9.453323152390238,3.2824068392149285e-21,4.345578414436644e-17,0.52903104
Rep,Ado,9.451670495186539,3.3346569479485694e-21,4.414752333389111e-17,0.4146881
Rep,Stag1,9.448526173128108,3.4363491901939825e-21,4.5493826928978136e-17,0.3438574
Rep,Map1s,9.447975351872275,3.454476698102577e-21,4.5733817006180015e-17,0.4171338
Rep,Smim11,9.446809316710869,3.493163514636015e-21,4.6245991770266204e-17,0.29037774
Rep,Haus3,9.442050537341244,3.6555439091972996e-21,4.839574581386305e-17,0.29554188
Rep,Trub2,9.438606765259317,3.7776883185431206e-21,5.0012815649192376e-17,0.36577463
Rep,Acy1,9.433445959516375,3.968328781630635e-21,5.2536704740007976e-17,0.61706614
Rep,Ptpru,9.431096755693433,4.0582308382920864e-21,5.3726918068148933e-17,0.65939
Rep,Spdyaos,9.429375866592482,4.1253633924121864e-21,5.461568595214494e-17,0.41766834
Rep,Bod1,9.419421579948787,4.5357976554602504e-21,6.004942516063825e-17,0.3963411
Rep,Nfs1,9.41778640842199,4.606976986390758e-21,6.099176832282724e-17,0.25647587
Rep,Plpp2,9.409606705336355,4.979967978369365e-21,6.592979606563202e-17,0.5333929
Rep,Polr2h,9.407584833573795,5.0766760653853385e-21,6.72101144296365e-17,0.27915424
Rep,Nipa2,9.406773663942376,5.115995118223786e-21,6.77306593701647e-17,0.28899384
Rep,Eif3j1,9.402970751197524,5.304383362330333e-21,7.022473133389129e-17,0.36718345
Rep,Cfap20,9.396282904712258,5.652472314983446e-21,7.483308097806584e-17,0.26052862
Rep,Rcn1,9.394941653219611,5.724954457524982e-21,7.579267206317324e-17,0.35062122
Rep,Clpb,9.39285007729868,5.839823136103148e-21,7.731341849886958e-17,0.3432591
Rep,St6galnac4,9.391935291877068,5.890776598669996e-21,7.798799138979208e-17,0.29225075
Rep,Get4,9.391106127714444,5.937340721971355e-21,7.860445381817877e-17,0.2647437
Rep,Safb,9.389856149994054,6.008225732475448e-21,7.954290047224246e-17,0.2519555
Rep,Lzic,9.379750540171434,6.612899974370062e-21,8.754818276068526e-17,0.34508598
Rep,Vkorc1l1,9.377000409244918,6.787624090393825e-21,8.986135533272384e-17,0.2906981
Rep,Ddx11,9.372039278987907,7.114443297289393e-21,9.418811481281427e-17,0.801049
Rep,Tcea1,9.367289584408308,7.441898649339348e-21,9.852329621860363e-17,0.26216906
Rep,Hnrnpll,9.366640596499062,7.487783656728268e-21,9.913076783142554e-17,0.25714803
Rep,Nsmce3,9.358305597122014,8.10256005688236e-21,1.0726979259306557e-16,0.28784645
Rep,Oxnad1,9.35140000175738,8.649513698651926e-21,1.1451091185645284e-16,0.53979945
Rep,Piga,9.348320445255112,8.905051984029417e-21,1.1789398321656545e-16,0.28963447
Rep,Elp1,9.340854767362915,9.555950362933703e-21,1.265112268548793e-16,0.389647
Rep,Hmbs,9.335163820354294,1.0083519435544682e-20,1.3349571380717605e-16,0.2583491
Rep,Lpcat1,9.332501285106336,1.0340136447272983e-20,1.3689306642544704e-16,0.8628864
Rep,Mtmr2,9.330704703896071,1.0516930495278528e-20,1.3923364282699242e-16,0.42246556
Rep,Aasdhppt,9.329429035770605,1.0644275197248381e-20,1.4091955933637132e-16,0.3064729
Rep,Sco2,9.322972556616731,1.1312562672870997e-20,1.4976701722613913e-16,0.30890727
Rep,Hspa2,9.317914787233363,1.1864910272719048e-20,1.5707954710052748e-16,0.3522966
Rep,Brcc3,9.313881454348763,1.2324423579886625e-20,1.6316304377411902e-16,0.28135908
Rep,Eef2kmt,9.306083440840451,1.326331055361177e-20,1.7559296841926621e-16,0.32844436
Rep,Tmx1,9.305563411520898,1.3328379775794023e-20,1.7645441985173707e-16,0.26687133
Rep,2310061I04Rik,9.29630408419491,1.4541253922771805e-20,1.9251166068357592e-16,0.35100532
Rep,2700049A03Rik,9.29523911918369,1.468756817869608e-20,1.9444871511775738e-16,0.49366164
Rep,Smim36,9.292068157974306,1.5131898011298305e-20,2.0033119777157826e-16,0.4123993
Rep,Lmf2,9.291786038817818,1.5172067813556568e-20,2.008630057836754e-16,0.3685007
Rep,Helq,9.271850219030494,1.8294443712251144e-20,2.4220014030649287e-16,0.69900966
Rep,Mettl13,9.268148631272869,1.8940483613542462e-20,2.5075306255968864e-16,0.500484
Rep,Hmga1,9.268019264100902,1.896346546886148e-20,2.510573193422571e-16,0.4455943
Rep,Ddx23,9.26124759443954,2.020572732549192e-20,2.675036240621875e-16,0.28241253
Rep,E2f3,9.256287262345095,2.116643291664948e-20,2.802224053835225e-16,0.42635536
Rep,Ccdc14,9.252078892242153,2.2016811181258628e-20,2.9148056322868295e-16,0.77476144
Rep,Ebag9,9.248368121306264,2.2794608761763145e-20,3.0177782539698226e-16,0.2944181
Rep,Trpm7,9.239318036543478,2.4807325032870892e-20,3.284241761101777e-16,0.2741109
Rep,Ctbp2,9.231396811133065,2.671253691862232e-20,3.5364727626564093e-16,0.3814044
Rep,Nsmce1,9.22604136283955,2.808187480215623e-20,3.717759405057463e-16,0.2557853
Rep,Phf6,9.222810247657748,2.894136876122957e-20,3.8315478102991826e-16,0.37874174
Rep,Stag2,9.221422837949445,2.93183607985626e-20,3.8814577861217025e-16,0.25640655
Rep,Ercc8,9.219333696867556,2.989520729723439e-20,3.9578264940808607e-16,0.5226226
Rep,Ddx51,9.21671460383831,3.063425544278213e-20,4.055669078069926e-16,0.42823076
Rep,Trmt2b,9.210685876276651,3.240476480026824e-20,4.2900668119075127e-16,0.36757112
Rep,Arhgap10,9.209773124345132,3.268149517166627e-20,4.3267031457768975e-16,0.35917377
Rep,Grsf1,9.194616281985391,3.7633534970781774e-20,4.982303694781799e-16,0.27469265
Rep,Chordc1,9.191321857683,3.880431399587352e-20,5.137303129913695e-16,0.3019253
Rep,Tsen2,9.189716454960159,3.938782191584505e-20,5.214553743438727e-16,0.49370503
Rep,Pom121,9.1892357838949,3.956421035962458e-20,5.237905809510698e-16,0.3308605
Rep,Ipp,9.188053061703705,4.000155696232867e-20,5.295806126242693e-16,0.56337523
Rep,Zcchc3,9.18528610802087,4.1043476639386804e-20,5.433745872288419e-16,0.47529554
Rep,Dlat,9.176002894704805,4.47390302652721e-20,5.923000216819373e-16,0.27194905
Rep,Mars2,9.175307877584753,4.502858738764781e-20,5.961334684250693e-16,0.62793374
Rep,Ndufa9,9.175248318420945,4.5053486855054324e-20,5.964631124740642e-16,0.2533197
Rep,Ska1,9.171561284253189,4.6621692370011336e-20,6.172245852865801e-16,0.29532635
Rep,Gon4l,9.171080985997945,4.682990976754982e-20,6.199811754125921e-16,0.29396152
Rep,Zfp664,9.170236527239297,4.719822812836006e-20,6.248573421913588e-16,0.7272482
Rep,Plcb1,9.165253082433413,4.9430846897239404e-20,6.544149820725525e-16,0.84064054
Rep,Pcyox1l,9.164425786441075,4.9811452737811536e-20,6.594538227958869e-16,0.35373604
Rep,Dmc1,9.164191317722066,4.991984829220449e-20,6.6088887154049525e-16,0.3317418
Rep,Tex15,9.16323523672808,5.036426630913193e-20,6.667725216665977e-16,0.4376552
Rep,Ptpn4,9.158363590038126,5.2690222874837426e-20,6.975658606399726e-16,0.5724442
Rep,Rccd1,9.150836460889304,5.649439616630686e-20,7.479293108457365e-16,0.74736404
Rep,Klhl5,9.146220913598833,5.896004650911536e-20,7.805720557341783e-16,0.2719217
Rep,Hspbp1,9.143710961159966,6.034521919877435e-20,7.989103569725736e-16,0.41276288
Rep,Rrn3,9.143246185312288,6.060522295982256e-20,8.023525467650909e-16,0.37596154
Rep,Git1,9.143154305257477,6.065675320714817e-20,8.030347557094345e-16,0.43271136
Rep,Smarcc2,9.137501342539382,6.391188787204719e-20,8.461294835380327e-16,0.253397
Rep,Ccdc25,9.135636039375736,6.502341198691959e-20,8.608449512948284e-16,0.34404266
Rep,Fancf,9.135055436110983,6.537327380812678e-20,8.654767719457904e-16,0.61303496
Rep,Nle1,9.132786714369834,6.67582977941278e-20,8.83813104496458e-16,0.41029263
Rep,Gtf2h4,9.130930502497778,6.791303075018968e-20,8.991006141017612e-16,0.30797648
Rep,Eif2b5,9.122986266086237,7.308223491995766e-20,9.675357081053195e-16,0.27615845
Rep,Hikeshi,9.119792994792418,7.526795804987313e-20,9.964724966222703e-16,0.25307423
Rep,Mnd1,9.118224273451128,7.636525557975752e-20,1.0109996186204098e-15,0.25759828
Rep,Rad51c,9.117845917812389,7.663226752739961e-20,1.0145345897952436e-15,1.0187635
Rep,Gpn1,9.117511328764856,7.686916134661926e-20,1.0176708270678924e-15,0.35257125
Rep,Trmt61a,9.112966626396663,8.015947335353608e-20,1.0612312677274642e-15,0.6032305
Rep,Syngr1,9.109494338653695,8.276682428724697e-20,1.0957499867388625e-15,0.25732458
Rep,Ube2g1,9.104293764562685,8.682950098614243e-20,1.1495357635555396e-15,0.2734928
Rep,Coprs,9.103926041576003,8.712411383573128e-20,1.1534361430712465e-15,0.61178064
Rep,Ccdc167,9.101659507246042,8.896195505872273e-20,1.1777673230224303e-15,0.28586066
Rep,Gtpbp1,9.090792331549192,9.831990609517696e-20,1.3016572367940478e-15,0.28190136
Rep,Prtn3,9.090606213059136,9.848836929437439e-20,1.3038875210882226e-15,0.2960596
Rep,Ndufs1,9.088804850731716,1.0013366685519643e-19,1.3256696154959456e-15,0.25355387
Rep,Dohh,9.083228845372693,1.0540070154484666e-19,1.3953998877522248e-15,0.25947112
Rep,Bid,9.07843039458008,1.1015181163166762e-19,1.4582998341916476e-15,0.27794898
Rep,Aven,9.07540815756295,1.1325222924309306e-19,1.499346262949309e-15,0.30839252
Rep,Cdkn2c,9.073057529986453,1.1572314922362762e-19,1.532058772571606e-15,0.37580776
Rep,Melk,9.062793617704894,1.271514615663963e-19,1.6833581996775207e-15,0.47070932
Rep,Zfp1008,9.061894239091743,1.2820447199123824e-19,1.697299004692003e-15,0.8883028
Rep,Tubgcp6,9.054802106110529,1.3681564472642522e-19,1.8113023205331434e-15,0.4448068
Rep,Fads1,9.054618792717532,1.37045637293526e-19,1.814347192128991e-15,0.4208362
Rep,Cactin,9.053984999739148,1.3784376820320314e-19,1.8249136472422062e-15,0.3375125
Rep,Dync2i2,9.048502038473991,1.449429703074576e-19,1.918899983900431e-15,0.5333288
Rep,Cep295,9.048073802545872,1.455124129546993e-19,1.926438835107264e-15,0.4459312
Rep,Cep76,9.037040037481765,1.609714273648398e-19,2.131100726883114e-15,0.5188284
Rep,Slc22a4,9.023726504593823,1.8179748851425733e-19,2.4068169504402527e-15,0.28861022
Rep,Qrsl1,9.022320807782231,1.8414604792411743e-19,2.4379095284673907e-15,0.53821087
Rep,Prrg1,9.022203940374792,1.8434264792575735e-19,2.4405123158891013e-15,0.87018585
Rep,Kpna1,9.017477950212212,1.9246911976071866e-19,2.5480986765121544e-15,0.359226
Rep,Tex264,8.999209652055152,2.273483934641887e-19,3.0098653810723943e-15,0.25598752
Rep,Noc3l,8.99192508441554,2.4293729110982587e-19,3.216246797002985e-15,0.58368635
Rep,Acaca,8.989262926763717,2.4889395485110486e-19,3.2951070682737772e-15,0.32613802
Rep,Rmi1,8.984114086653332,2.6082703912167025e-19,3.4530891709317923e-15,0.4089861
Rep,Clasp2,8.981896558612338,2.661389807168117e-19,3.52341396570987e-15,0.48299694
Rep,Ppfia1,8.980236724145778,2.7018481724923536e-19,3.576976795562627e-15,0.28369224
Rep,Apex2,8.979869149148618,2.7108896498254745e-19,3.588946807403945e-15,0.61744785
Rep,Xpo7,8.974339574442896,2.8505671720310363e-19,3.773865879051889e-15,0.400779
Rep,Setdb1,8.973713228693532,2.8668302769645875e-19,3.7953966036734175e-15,0.38453388
Rep,Gm2788,8.970247591516276,2.958486554169085e-19,3.916740349064452e-15,0.8957796
Rep,Tinf2,8.970124313991512,2.961799673974007e-19,3.921126588374187e-15,0.7179284
Rep,Rprd1b,8.964047682120288,3.129735599620106e-19,4.1434569603370584e-15,0.27620113
Rep,Hcfc1,8.961157421594802,3.2128798802595294e-19,4.253531673475591e-15,0.25095093
Rep,Utp14b,8.9560713155122,3.364524182575553e-19,4.4542935653117746e-15,0.59296656
Rep,Fosl1,8.955580015036857,3.3795417423066896e-19,4.4741753126398265e-15,0.8029802
Rep,Hsd17b1,8.952809817345623,3.465465994431547e-19,4.587930430027925e-15,0.5236783
Rep,Eea1,8.950717299809757,3.531797988836003e-19,4.675747357419984e-15,0.3277098
Rep,Zc3h8,8.950525448979938,3.5379419944202506e-19,4.6838814064129694e-15,0.6078918
Rep,Ylpm1,8.946634018704156,3.6648690368769025e-19,4.851920117921331e-15,0.31048262
Rep,Zbtb45,8.942254501577663,3.813102052036701e-19,5.048165806691388e-15,0.38647604
Rep,Lin9,8.931998550747583,4.18380975688597e-19,5.538945737141336e-15,0.4746101
Rep,Ankhd1,8.930877954163764,4.2264115402158625e-19,5.5953462380917806e-15,0.29884338
Rep,Pcnt,8.92862775008859,4.3132561075693486e-19,5.71031976081106e-15,0.3060795
Rep,Eif2ak2,8.92515510570687,4.450750900053811e-19,5.892349116581241e-15,0.3588884
Rep,Aebp2,8.924190739852483,4.489695905462582e-19,5.943908409241913e-15,0.2882365
Rep,Haus2,8.92089886951822,4.625188082774994e-19,6.123286502785815e-15,0.3144462
Rep,Ktn1,8.914666426957126,4.892869396232458e-19,6.477669793672151e-15,0.33258438
Rep,9930014A18Rik,8.912837486565227,4.974286563751785e-19,6.585457981750988e-15,1.1816936
Rep,Agfg2,8.912834706508255,4.97441133389538e-19,6.585623164944094e-15,0.27237296
Rep,Tysnd1,8.911628603206454,5.028834416919828e-19,6.6576738845601604e-15,0.34173107
Rep,Taf6l,8.903854093776078,5.394034405024656e-19,7.141162148812142e-15,0.41021442
Rep,Ipo11,8.896486262738394,5.764259461397793e-19,7.631303100944538e-15,0.6698458
Rep,Endod1,8.890287684032957,6.095089421256278e-19,8.069288884801187e-15,0.6560886
Rep,Rxylt1,8.889652342358122,6.130040556661626e-19,8.115560692964327e-15,0.28068042
Rep,Ppm1h,8.886600876963188,6.300684689529008e-19,8.341476460467454e-15,0.33108616
Rep,Polq,8.88329021968902,6.491132663097396e-19,8.593610532674643e-15,0.9352546
Rep,Mmgt1,8.877019300116565,6.867588863668248e-19,9.092000896610394e-15,0.700192
Rep,Nkap,8.875690152725324,6.950108163483131e-19,9.201248197635317e-15,0.25774884
Rep,Sh2d5,8.863498199797881,7.754214985017033e-19,1.026580521866405e-14,0.28543365
Rep,Riox2,8.859176813327593,8.060743512071313e-19,1.067161833563121e-14,0.33922958
Rep,Ino80,8.85054496151455,8.709296761659317e-19,1.153023798276077e-14,0.29045045
Rep,Dusp7,8.849229877340438,8.81252866973243e-19,1.1666906705858763e-14,0.4960842
Rep,Scoc,8.846371477210594,9.041094755679534e-19,1.1969505347044136e-14,0.42864394
Rep,B4galt2,8.843218890451409,9.299978677698034e-19,1.2312241771404427e-14,0.8980684
Rep,Ythdc2,8.842180205528798,9.3868663926029e-19,1.242727241716698e-14,0.4951849
Rep,Acp6,8.83966888048346,9.600269483682786e-19,1.270979676944764e-14,0.39891338
Rep,Aars1,8.838256557592041,9.722381237413218e-19,1.2871460520211358e-14,0.3034482
Rep,Nae1,8.837879015181393,9.755283203100383e-19,1.2915019432584598e-14,0.3072163
Rep,Depdc7,8.837051901799741,9.827749113765997e-19,1.3010957051714803e-14,0.65103173
Rep,Herc2,8.832008627877743,1.0281251270855818e-18,1.3611348557486019e-14,0.292629
Rep,Slc25a15,8.828166097869488,1.0640596064197737e-18,1.4087085129391384e-14,0.7427218
Rep,Usp31,8.82424002710666,1.1020562785644776e-18,1.459012307191512e-14,0.7390866
Rep,Fra10ac1,8.822062302297075,1.123706981791108e-18,1.487675673193248e-14,0.35931683
Rep,Tmem106c,8.819888902207078,1.145733408667443e-18,1.5168364597348277e-14,0.5026467
Rep,Dld,8.819397005679035,1.1507774281691036e-18,1.523514237153076e-14,0.26369762
Rep,Gnl2,8.815491578778563,1.1916105789383327e-18,1.5775732454564586e-14,0.27456498
Rep,Ubr5,8.814315037667665,1.2041900153575154e-18,1.5942271613318147e-14,0.2724777
Rep,Gtf3c2,8.812191585725875,1.2272265356908515e-18,1.6247252106011183e-14,0.3085246
Rep,Cul2,8.81197610651725,1.2295883704568694e-18,1.6278520436478496e-14,0.3343408
Rep,Taf4b,8.81034595861738,1.247602207418305e-18,1.651700562401094e-14,0.7916701
Rep,Tex9,8.805665510085998,1.3007842959843858e-18,1.7221083294537285e-14,0.53210783
Rep,Pdk1,8.802135599954854,1.3423684825007103e-18,1.7771616339826904e-14,0.29295838
Rep,Uqcc1,8.800339005225759,1.3640347082779938e-18,1.805845550289236e-14,0.38831282
Rep,Diaph3,8.799711313683884,1.3716855354119151e-18,1.8159744803318344e-14,0.50138927
Rep,Usp36,8.79608344998227,1.416742474908536e-18,1.8756253625314107e-14,0.5302458
Rep,Wdr3,8.79353578744652,1.4492541461631038e-18,1.9186675641053332e-14,0.351408
Rep,Ufsp1,8.792951946263859,1.4568079123652329e-18,1.928667995180332e-14,0.8894911
Rep,Tent2,8.786720788845383,1.5398887521055844e-18,2.038658718912583e-14,0.27761328
Rep,Wrnip1,8.785434261178143,1.5576161845709633e-18,2.0621280667534983e-14,0.3519764
Rep,Cryzl1,8.772720194885283,1.744010258466148e-18,2.3088951811833335e-14,0.31715143
Rep,Nbas,8.766150493263863,1.848788602372113e-18,2.44761123068044e-14,0.41877413
Rep,Agk,8.765413348190572,1.8609261667090367e-18,2.4636801521060937e-14,0.37307906
Rep,5430416N02Rik,8.763887025387548,1.8863087357050146e-18,2.4972841351998687e-14,0.29346132
Rep,Usp16,8.762157684077593,1.915480753670764e-18,2.5359049697847245e-14,0.28221333
Rep,Cers5,8.760729020875186,1.9399163549746795e-18,2.5682552623509783e-14,0.31900167
Rep,B4galt4,8.760064900626126,1.9513799023827906e-18,2.5834318527645764e-14,0.6825361
Rep,Nfya,8.759298843669905,1.9646861033643573e-18,2.6010479322440726e-14,0.42430472
Rep,Abi2,8.742789147655525,2.2742488719611653e-18,3.0108780815893865e-14,0.70388556
Rep,Snx16,8.741881323746512,2.2926024652103928e-18,3.035176403692039e-14,1.1714745
Rep,Fam98a,8.73615798338683,2.4117262963935372e-18,3.192884443795404e-14,0.44993925
Rep,Tex14,8.730477453757347,2.5359975627632037e-18,3.357407173342205e-14,0.5275426
Rep,Zdhhc8,8.726346146497857,2.630327763169695e-18,3.4822909256603594e-14,0.3040521
Rep,Parn,8.716442397132862,2.8707992338482314e-18,3.8006511056916735e-14,0.40100312
Rep,Tasor2,8.714265399728797,2.926500614032786e-18,3.874394162918005e-14,0.3760991
Rep,Brpf1,8.714179335706435,2.9287244659579125e-18,3.87733832048168e-14,0.2912376
Rep,Isg20l2,8.711360650883918,3.002487303122064e-18,3.974992940603301e-14,0.30728018
Rep,Man1a,8.710871119527352,3.0154835982347888e-18,3.992198735703037e-14,0.2769041
Rep,Mrps11,8.705586601766031,3.1593642024870148e-18,4.182682267672559e-14,0.2513718
Rep,Cdyl,8.705437101641953,3.163531692897509e-18,4.188199608227012e-14,0.5518298
Rep,Elovl5,8.703057373708678,3.2306048648923134e-18,4.2769977806309336e-14,0.27305567
Rep,D5Ertd579e,8.701899489003365,3.2637459542375584e-18,4.3208732688151035e-14,0.34333873
Rep,Slc7a4,8.696381128395409,3.4263624822241758e-18,4.5361612902165864e-14,0.34308505
Rep,Tfb1m,8.691520373786394,3.5762099071840226e-18,4.7345442961209275e-14,0.57353234
Rep,Gm10053,8.682705499791341,3.864641034735462e-18,5.116398265886278e-14,0.6525371
Rep,Suclg2,8.678503524769448,4.0101012086209465e-18,5.308972990093271e-14,0.31478906
Rep,Kat7,8.677553542647413,4.043728614512355e-18,5.353492312752907e-14,0.28032744
Rep,Gpd1l,8.677330962830242,4.051647646202168e-18,5.3639763188070496e-14,0.3539784
Rep,Acer3,8.672222875728405,4.237651749836906e-18,5.61022715160908e-14,0.44592404
Rep,H2ac4,8.670249388437535,4.311749599141434e-18,5.708325294303345e-14,0.7920737
Rep,Dnm1l,8.668524482133408,4.3775606210431175e-18,5.795452506198983e-14,0.30508637
Rep,Drosha,8.659153772810612,4.7527931316817616e-18,6.292222827033485e-14,0.3291254
Rep,Pes1,8.6518830498665,5.06565424811807e-18,6.706419659083513e-14,0.25815874
Rep,Rce1,8.651497561387727,5.082797836242362e-18,6.729116055401264e-14,0.264809
Rep,Tmem129,8.651103134900819,5.10039819774908e-18,6.752417174000007e-14,0.41524816
Rep,Akr7a5,8.648299972656707,5.227227760224154e-18,6.920326831760758e-14,0.26438808
Rep,Yeats2,8.642767905576772,5.486730523089982e-18,7.263882539518827e-14,0.40911388
Rep,Blvra,8.642749062526965,5.487635805862605e-18,7.265081043381503e-14,0.38861895
Rep,Dtd2,8.632716473380624,5.991181286305499e-18,7.93172490493985e-14,0.27525437
Rep,Mettl2,8.626431156189438,6.329607283617501e-18,8.37976708278121e-14,0.4924214
Rep,Scaf4,8.62575771002503,6.366968826254329e-18,8.429230029078106e-14,0.3754356
Rep,Zbtb14,8.624184123116061,6.455119178625505e-18,8.545932280582306e-14,0.42831087
Rep,Abt1,8.620887766105968,6.643700323976934e-18,8.795594858913063e-14,0.29606616
Rep,Senp3,8.618780640646435,6.767085097456499e-18,8.958943960522659e-14,0.2901442
Rep,Zfp451,8.616827624509089,6.883464183536018e-18,9.113018232583335e-14,0.3507476
Rep,Ahctf1,8.610707110048688,7.261128819432853e-18,9.613008444047154e-14,0.2542243
Rep,Zmynd11,8.608280208309925,7.416479213413235e-18,9.818676830637782e-14,0.3723855
Rep,Fsbp,8.605701354223715,7.585151983324133e-18,1.004198271072282e-13,1.7267995
Rep,Mid1,8.60161649127805,7.860106540620114e-18,1.040599504912697e-13,0.8560171
Rep,Ttc27,8.601142812597873,7.892619831896707e-18,1.044903939544805e-13,0.4733925
Rep,Erc1,8.600348987890177,7.947405827341083e-18,1.052157057481686e-13,0.55963874
Rep,Slc25a32,8.597388494806559,8.155055206333156e-18,1.0796477587664465e-13,0.44716907
Rep,Strbp,8.591853592590498,8.557739067015673e-18,1.132959075082205e-13,0.251011
Rep,Surf2,8.57631926421231,9.795740311689544e-18,1.2968580598645788e-13,0.32876563
Rep,Nagpa,8.57359692890337,1.003020374022497e-17,1.3278986731683838e-13,0.3903563
Rep,Eif2s3x,8.566265718182134,1.0689505793050458e-17,1.4151836719419502e-13,0.25746477
Rep,Glmn,8.563494437196319,1.0949715472618216e-17,1.4496328314199256e-13,0.4187584
Rep,Nrgn,8.558571567710937,1.14274531896885e-17,1.5128805277828606e-13,0.44034338
Rep,Ppip5k2,8.556072734894514,1.1677763568173778e-17,1.5460191187905266e-13,0.34883404
Rep,Ddx19a,8.55042496985439,1.2263613199338393e-17,1.62357975146041e-13,0.29731607
Rep,Hsf2,8.543136424550617,1.3062703235701022e-17,1.7293712813744583e-13,0.8556695
Rep,Itgb3bp,8.542223160447696,1.3166384728761982e-17,1.7430976742407987e-13,0.293069
Rep,Mtrex,8.540908106047251,1.3317108948365042e-17,1.763052053674048e-13,0.27024102
Rep,Ak4,8.540553666205627,1.335802334579811e-17,1.768468710750212e-13,0.42202353
Rep,Atp11c,8.537154361679328,1.3756772234980556e-17,1.821259076189076e-13,0.46019626
Rep,Rhobtb3,8.535573785719116,1.3946157109074616e-17,1.8463317396703883e-13,0.7550254
Rep,Rmdn3,8.53411399659716,1.412335348132854e-17,1.8697907673930854e-13,0.34003878
Rep,Slc4a1ap,8.532421486037059,1.433158128404295e-17,1.8973580461944461e-13,0.35870504
Rep,Nedd1,8.52810542713918,1.487639362011192e-17,1.969485751366617e-13,0.2838242
Rep,Abraxas1,8.525448878457754,1.5221835666872114e-17,2.0152188239371993e-13,0.4066565
Rep,Ecd,8.524893683239737,1.5295023784114074e-17,2.0249081987788623e-13,0.2500522
Rep,Mlkl,8.517608933464386,1.6288112321012822e-17,2.1563831901788875e-13,0.37581444
Rep,Scfd2,8.516616710739576,1.6428208638458903e-17,2.1749305416455743e-13,0.52422094
Rep,Cwc22,8.516044563219591,1.650953247117275e-17,2.1856970038585603e-13,0.32133913
Rep,Ddx31,8.513755674237153,1.6838862525728207e-17,2.2292970097811572e-13,0.579761
Rep,Mrpl47,8.511773841614994,1.7129243013111345e-17,2.267740482505811e-13,0.36363316
Rep,Trmt11,8.508662847692351,1.759506485670087e-17,2.3294106363786284e-13,0.4987378
Rep,Depdc5,8.505221292329209,1.8124953755894773e-17,2.399562627742909e-13,0.59359527
Rep,Grpel2,8.50213050588307,1.861423740441316e-17,2.464338889970258e-13,0.2987702
Rep,Asb13,8.49584413976304,1.9649953176397266e-17,2.601457301023234e-13,0.75842524
Rep,Tm9sf1,8.491969782301204,2.031638438429353e-17,2.6896861286366207e-13,0.28071976
Rep,Smad2,8.487033642352017,2.1197841587952817e-17,2.8063822478290734e-13,0.26663256
Rep,Cdk8,8.481903897782813,2.2153852055648602e-17,2.9329484736473184e-13,0.26531315
Rep,Pwp1,8.479385581640964,2.26386256381773e-17,2.9971276482382925e-13,0.29708636
Rep,Trmt10c,8.475838550133629,2.333922441267696e-17,3.089879919994303e-13,0.26321042
Rep,Dus4l,8.470288008575537,2.4478702967143557e-17,3.2407354858201354e-13,0.6369076
Rep,Sin3a,8.469858237224745,2.4569186652122308e-17,3.2527146208744723e-13,0.26242185
Rep,Slc39a6,8.451371801952334,2.878998315983994e-17,3.81150587053121e-13,0.50347424
Rep,C2cd3,8.45056830746159,2.8988825019225477e-17,3.837830544295261e-13,0.36497998
Rep,Ptpn11,8.441697242323215,3.127626004209887e-17,4.1406640669734696e-13,0.27691555
Rep,Rhbdd2,8.438065690976615,3.22632296566646e-17,4.271328974245827e-13,0.3351624
Rep,Tbl2,8.431917537464233,3.400465780708033e-17,4.5018766470793654e-13,0.51538515
Rep,Nln,8.430398519452694,3.444900147502896e-17,4.560703305279085e-13,0.37710547
Rep,Arhgap21,8.430036826012364,3.455564560705052e-17,4.574821921917418e-13,0.4699056
Rep,Slc25a33,8.42393870426689,3.6403477385715157e-17,4.81945637109483e-13,0.36859107
Rep,H2ac15,8.423381745585107,3.6577024863865146e-17,4.842432321727107e-13,0.9163523
Rep,Opa1,8.422025717422304,3.7002981080861963e-17,4.898824665295315e-13,0.32483923
Rep,Hsd17b7,8.4217642781151,3.7085665379641375e-17,4.909771239610722e-13,0.33918905
Rep,Cyb561,8.410978722639989,4.066034900727311e-17,5.383023605072887e-13,0.7230687
Rep,Dclk2,8.401560923001654,4.405824969125336e-17,5.832871676625032e-13,0.6386032
Rep,Dhx33,8.400941180878354,4.4291422535251245e-17,5.863741429441912e-13,0.59696007
Rep,Mphosph6,8.394699811413632,4.6708605903308066e-17,6.183752335538955e-13,0.2564348
Rep,Ccdc15,8.391758407215024,4.789242972043906e-17,6.340478770688927e-13,0.7360406
Rep,Dancr,8.366429026271376,5.939066642609943e-17,7.862730328151304e-13,0.3096435
Rep,Nudt9,8.366112522179584,5.95503314733434e-17,7.883868383755932e-13,0.27268183
Rep,Inka1,8.36271221890889,6.129259603275039e-17,8.114526788775824e-13,0.3124057
Rep,Slc20a2,8.361625001942542,6.186020512881598e-17,8.189672557003948e-13,0.42287326
Rep,Mcph1,8.355482587679568,6.516574694002554e-17,8.627293237389981e-13,0.4671538
Rep,Snx8,8.350736897669751,6.783838288956775e-17,8.981123510749874e-13,0.3702953
Rep,Zmym1,8.349576835755961,6.850796761212423e-17,9.069769832169126e-13,0.4006567
Rep,Vegfa,8.33913708974977,7.483461442772001e-17,9.907354604085852e-13,0.2997892
Rep,Hyou1,8.327064157003333,8.287183753520327e-17,1.0971402571285561e-12,0.28058064
Rep,Ccdc127,8.325008648549021,8.432258544081089e-17,1.1163467086508953e-12,0.28044856
Rep,Tle1,8.322353039079037,8.623400825952803e-17,1.1416520353478916e-12,0.28335
Rep,Rngtt,8.318942797132514,8.875136756710257e-17,1.174979355220871e-12,0.28048825
Rep,Myo1c,8.318878987689692,8.879915425103815e-17,1.175612003129494e-12,0.43343782
Rep,Cenpp,8.318839572835618,8.88286845829777e-17,1.1760029551940419e-12,0.29422617
Rep,D030028A08Rik,8.31100864696788,9.489201007309733e-17,1.2562753213577354e-12,0.3679669
Rep,Cmtm4,8.306796958588164,9.831997250976657e-17,1.3016581160567997e-12,0.29283333
Rep,Slc35a1,8.298593081808125,1.0535154290908732e-16,1.3947490765734071e-12,0.27628684
Rep,Coq6,8.296931257970353,1.0683515546938551e-16,1.4143906232591947e-12,0.34088755
Rep,Stil,8.293509688141668,1.0995497835132572e-16,1.4556939583932012e-12,0.7719064
Rep,Atpsckmt,8.293352764084599,1.1010019784336325e-16,1.457616519248286e-12,0.2999612
Rep,Or14j6,8.28979932791502,1.1343969116027295e-16,1.5018280712708535e-12,1.9939518
Rep,Rpp38,8.28955391769554,1.1367397822420567e-16,1.5049297977102589e-12,0.554301
Rep,Nf2,8.28839863003007,1.1478332832296702e-16,1.5196164836677604e-12,0.38652086
Rep,Spire1,8.279385245113852,1.2381278147099926e-16,1.6391574138945592e-12,0.79966927
Rep,Rufy3,8.272750390462289,1.309035684684894e-16,1.7330323429543313e-12,0.46602845
Rep,Lyrm4,8.27248520583027,1.3119514687065604e-16,1.7368925494206153e-12,0.51228213
Rep,Gphn,8.268334457947773,1.3584335855879707e-16,1.7984302239599145e-12,0.3306868
Rep,Ddb2,8.265136664152509,1.3953479790472153e-16,1.847301189460608e-12,0.4582095
Rep,Usp49,8.264220993875101,1.4060991586059148e-16,1.861534676078371e-12,0.8282418
Rep,Ccdc117,8.253323013595422,1.540499459093997e-16,2.0394672338945427e-12,0.3370552
Rep,Gen1,8.243952801992712,1.6661289958167466e-16,2.2057881775617907e-12,0.6656606
Rep,Nelfcd,8.239188821160889,1.733821288424018e-16,2.2954060037445573e-12,0.2562194
Rep,Arhgdig,8.237569618350516,1.7574406148179258e-16,2.326675629957452e-12,1.0199885
Rep,Mlh1,8.23401548449309,1.810402749933716e-16,2.3967922006372465e-12,0.4157796
Rep,Gkap1,8.233204353160833,1.8227086708182732e-16,2.4130840092963117e-12,0.5954933
Rep,Gpr150,8.232032235864732,1.8406370293435377e-16,2.4368193631479096e-12,0.47989035
Rep,Cul4a,8.231557967964159,1.8479405939786124e-16,2.446488552368285e-12,0.25011396
Rep,Cox11,8.226653768780192,1.9251589431780775e-16,2.5487179248734568e-12,0.39570212
Rep,Arl5a,8.214479533563695,2.1308643470589476e-16,2.8210513090713407e-12,0.30489397
Rep,Ccdc22,8.205892042943935,2.2888501860512897e-16,3.0302087613133023e-12,0.26483536
Rep,Sdhaf3,8.193959433115161,2.5277028761228203e-16,3.346425837699002e-12,0.3620994
Rep,Pitpnm2,8.19248560473491,2.558858409119613e-16,3.3876726478334554e-12,1.2299128
Rep,D3Ertd751e,8.192208113896228,2.564766539634333e-16,3.3954944218218936e-12,0.45431328
Rep,Rbm48,8.187974076716916,2.65660024317638e-16,3.5170730619412094e-12,0.41542292
Rep,Nampt,8.183467916333873,2.7578972940334445e-16,3.651180227570877e-12,0.27109003
Rep,Fam50a,8.183066577017287,2.767101781463471e-16,3.663366048479489e-12,0.25617075
Rep,Dhx29,8.175809332204159,2.938864225356849e-16,3.890762347949933e-12,0.35495377
Rep,Acsl3,8.169569368070514,3.094921908320892e-16,4.0973671144260286e-12,0.45711112
Rep,Pvt1,8.16124959389171,3.3157619518810226e-16,4.389737248095286e-12,0.36796165
Rep,Slco3a1,8.157517393085707,3.4198083343916197e-16,4.527484253901065e-12,0.42434692
Rep,Rmnd1,8.156274886737455,3.455155832693135e-16,4.574280806902442e-12,0.3537321
Rep,Apip,8.155877744269599,3.466529717625637e-16,4.589338693164581e-12,0.25342453
Rep,Hbs1l,8.15176815847358,3.586413656521706e-16,4.748053039869086e-12,0.26668775
Rep,Slc37a4,8.151178864591758,3.603936066087152e-16,4.7712509578927805e-12,0.2538432
Rep,1700102H20Rik,8.150823072682508,3.614556212916368e-16,4.7853109702799795e-12,0.9090171
Rep,Ubqln2,8.148628135135572,3.6807590389530463e-16,4.872956891669938e-12,0.37114334
Rep,Pias2,8.13291553057058,4.190866645881852e-16,5.548288352482984e-12,0.43219137
Rep,Gemin8,8.114642787272567,4.872158507765796e-16,6.4502506484311375e-12,0.4578879
Rep,Ptch1,8.111215939234944,5.011570193578327e-16,6.634817779278347e-12,0.37342215
Rep,Myo9a,8.108204569920732,5.137319374790221e-16,6.801297120284774e-12,0.55349064
Rep,Akap1,8.106065893913538,5.228509679709868e-16,6.922023964967894e-12,0.2679118
Rep,Arfip2,8.105637802878357,5.246953587746966e-16,6.946441854818209e-12,0.25940955
Rep,Klhdc10,8.099556799017943,5.515976897102835e-16,7.302601814074444e-12,0.2709005
Rep,Mastl,8.093945692193577,5.776245048736565e-16,7.647170820022339e-12,0.7901931
Rep,Clock,8.089607420964644,5.985734358464313e-16,7.924513717170904e-12,0.5744302
Rep,Plaa,8.084620127405504,6.235825563120649e-16,8.255609463015428e-12,0.25238287
Rep,Fitm2,8.0832643601374,6.305573058182313e-16,8.347948171727565e-12,0.7124257
Rep,Casp2,8.082480508548558,6.346248430673846e-16,8.401798297369104e-12,0.32302094
Rep,Sephs1,8.081282987342423,6.408889520092328e-16,8.484728835650233e-12,0.3156445
Rep,Gm49336,8.06975208612153,7.044105209047209e-16,9.3256908862576e-12,0.31769586
Rep,Carmil2,8.068368693698346,7.124363190916818e-16,9.431944428454775e-12,0.5518651
Rep,Afp,8.061349505109469,7.545674950299345e-16,9.989719066701303e-12,1.0472383
Rep,Nt5c3b,8.061282460042133,7.549815266752453e-16,9.995200431653573e-12,0.41158557
Rep,Mettl22,8.043836802070707,8.70684577761027e-16,1.1526993124978236e-11,0.31732726
Rep,Wrap53,8.043144224875551,8.756216916189479e-16,1.1592355575343252e-11,0.42820883
Rep,Per3,8.042397655866573,8.809745842780935e-16,1.166322252125768e-11,0.37840772
Rep,Galnt7,8.03435078286905,9.40756917959189e-16,1.2454680836861702e-11,0.4576671
Rep,Mier2,8.030463719896396,9.710492846795434e-16,1.2855721479872474e-11,1.17174
Rep,Gamt,8.023488998029604,1.0278319635756482e-15,1.3607467365778005e-11,0.33014417
Rep,Septin10,8.019527908477249,1.0615234995616465e-15,1.4053509610696637e-11,0.620378
Rep,Stx12,8.018794378897619,1.0678809433839983e-15,1.4137675809460752e-11,0.2507174
Rep,Gm15706,8.005076915437634,1.1939202416102663e-15,1.5806310078678315e-11,0.5928993
Rep,Mrps2,7.997391848740565,1.2708231238378058e-15,1.682442733648871e-11,0.3931923
Rep,Trio,7.992139057456734,1.3261732897564753e-15,1.7557208183085975e-11,0.31375217
Rep,Lrp3,7.991870577293226,1.3290652555721906e-15,1.759549491852023e-11,0.7803731
Rep,H2bc14,7.991245752462357,1.3358197030562189e-15,1.768491704876128e-11,0.81250095
Rep,Spry1,7.9863386077194045,1.390055441788539e-15,1.8402943993838466e-11,0.73084426
Rep,2010204K13Rik,7.975385191990965,1.5190630584189647e-15,2.0110875830408675e-11,0.4982152
Rep,Eif2ak4,7.970375012867834,1.5819358550679463e-15,2.094324878524454e-11,0.41127205
Rep,Ncor2,7.963657607517005,1.6702702916076401e-15,2.211270839059355e-11,0.27567482
Rep,Lactb2,7.960670107286385,1.7111003524098524e-15,2.2653257565554035e-11,0.36004782
Rep,Eeig2,7.948829541153788,1.882819087777938e-15,2.4926641903092122e-11,0.38019967
Rep,Mir17hg,7.948240849999983,1.891785866302712e-15,2.5045353083981605e-11,0.79219294
Rep,Pigu,7.946006980160797,1.9261957603496973e-15,2.550090567126964e-11,0.32599664
Rep,Fkbp6,7.943546427556181,1.9648110474265983e-15,2.6012133456880735e-11,0.6745758
Rep,Nipa1,7.9190598926380975,2.393130611826224e-15,3.1682656169967375e-11,0.8687043
Rep,Ccdc88a,7.9186614910495665,2.4008097963210767e-15,3.178432089349473e-11,0.44954538
Rep,Lrp6,7.91387430746441,2.495002004311433e-15,3.303133153507906e-11,0.2811892
Rep,Mmut,7.905612503955805,2.6661934783527577e-15,3.529773545991216e-11,0.3137436
Rep,Dynlt1a,7.89942840733476,2.8018531204947453e-15,3.7093733462229936e-11,0.31511688
Rep,Dlg1,7.888384144303073,3.0612423115556846e-15,4.052778696268571e-11,0.41067648
Rep,Snx24,7.882070806203093,3.219994595680034e-15,4.262950845220797e-11,0.44234776
Rep,Myo19,7.879825879845696,3.2783759871251567e-15,4.340241969354995e-11,0.91747
Rep,Surf6,7.879270021582236,3.292991828056718e-15,4.359591881164289e-11,0.38795614
Rep,Sirt1,7.877764729424565,3.3328951586586283e-15,4.412419900548158e-11,0.3572538
Rep,Pex14,7.870179355402146,3.5413318462320173e-15,4.688369231226568e-11,0.28099322
Rep,Dclre1a,7.85815992651095,3.898174026074363e-15,5.160792593119849e-11,0.59294295
Rep,Kif24,7.85532942259423,3.987227910759108e-15,5.278691031053983e-11,1.0155025
Rep,Dync2i1,7.854224870639251,4.022520249178604e-15,5.325414557887554e-11,0.39764452
Rep,Pus7l,7.85143525175302,4.113028382257378e-15,5.4452382752705434e-11,0.35111904
Rep,Rbm14,7.846382160613291,4.282107328543365e-15,5.6690818922585615e-11,0.26082516
Rep,Cep152,7.845848726029185,4.300350724572069e-15,5.693234324260962e-11,0.6859269
Rep,9330020H09Rik,7.844925987363585,4.332089101638305e-15,5.7352527616589514e-11,0.28330827
Rep,Xrcc1,7.839230930787784,4.533142000173076e-15,6.001426694029135e-11,0.26935172
Rep,Zfp101,7.8383525424023235,4.5649587415608545e-15,6.043548877952416e-11,0.50644803
Rep,Pi4k2b,7.834061954899002,4.72355837928706e-15,6.253518938338139e-11,0.27008235
Rep,Bcl11b,7.82962991986559,4.8930812564400956e-15,6.477950275401043e-11,0.47281218
Rep,Raph1,7.826834663717191,5.0030633985201276e-15,6.623555633300796e-11,0.4054947
Rep,Capn3,7.8261205821150615,5.03154767683405e-15,6.6612659693606e-11,0.64732695
Rep,2310022B05Rik,7.82188879447546,5.203656987957406e-15,6.88912148635681e-11,0.52544594
Rep,Dcakd,7.811867897003009,5.634660238285987e-15,7.459726689466819e-11,0.2802961
Rep,Zfp692,7.807820781676162,5.818524181573758e-15,7.703144163985499e-11,0.3258233
Rep,Zfp934,7.801529527186238,6.1161292119492205e-15,8.097143463699573e-11,0.44896007
Rep,Orc4,7.801007165881746,6.141502476404704e-15,8.130735128512187e-11,0.29466176
Rep,Gstm5,7.7968874674885855,6.3452777278311934e-15,8.400513183875718e-11,0.25010836
Rep,Rars2,7.796330700238829,6.373323032341582e-15,8.437642362517021e-11,0.30248952
Rep,Zfp280b,7.792731594688951,6.557582468820432e-15,8.68158343047137e-11,0.95265865
Rep,Spart,7.7894424571569285,6.7305525801592994e-15,8.910578560872897e-11,0.35720968
Rep,Cdk5rap2,7.783571048397123,7.050552768710174e-15,9.3342268104954e-11,0.3938024
Rep,Pcsk9,7.772716493071255,7.682055141015951e-15,1.0170272801191018e-10,0.5903566
Rep,Rab33a,7.772200620858402,7.713415150487164e-15,1.0211790317729956e-10,0.8752365
Rep,Nuf2,7.771947349068988,7.728857691227174e-15,1.0232234697415656e-10,0.25265336
Rep,Hypk,7.771722467202808,7.742594736168892e-15,1.0250421171213997e-10,0.2755319
Rep,Enoph1,7.769953928026881,7.851467894140042e-15,1.0394558345052001e-10,0.43261766
Rep,Spred1,7.766758004557675,8.052047092188023e-15,1.0660105145347723e-10,0.29943252
Rep,Ints2,7.76118566368888,8.413903563371036e-15,1.1139166927546915e-10,0.30324793
Rep,Tmem69,7.756810753430523,8.709173997429079e-15,1.1530075455196357e-10,0.5161872
Rep,Mybl1,7.753946869453703,8.90796096523558e-15,1.1793249521875383e-10,1.0216641
Rep,Tmem199,7.75338057950204,8.947793586494815e-15,1.1845983929160486e-10,0.2532314
Rep,Snhg16,7.747274332240324,9.388598039194492e-15,1.242956494408959e-10,0.30242825
Rep,Poglut1,7.747151871936652,9.397653439525272e-15,1.2441553388587507e-10,0.34176016
Rep,Abhd10,7.745412539803001,9.527201208022588e-15,1.2613061679301105e-10,0.3026619
Rep,Lrrc14,7.7426303436201716,9.73808571562398e-15,1.2892251678914588e-10,0.29035068
Rep,Zdhhc23,7.74202798490316,9.784344591380447e-15,1.2953493804528575e-10,1.8420763
Rep,Tcf20,7.738499300654183,1.0059710294583186e-14,1.331805045899868e-10,0.26555228
Rep,Fndc10,7.738489663814031,1.0060472662970322e-14,1.3319059758506408e-10,0.39790463
Rep,Get1,7.736816096607318,1.0193734149945188e-14,1.3495484641112435e-10,0.56450677
Rep,Snip1,7.732201014106157,1.0570285976896403e-14,1.399400160481315e-10,0.28209245
Rep,Ippk,7.731881174212476,1.0596883572245824e-14,1.4029214161296245e-10,0.3508041
Rep,Arhgap35,7.721893275416803,1.1461434478025205e-14,1.5173793105457568e-10,0.8356719
Rep,Mtfr2,7.7166325234438675,1.194433792096452e-14,1.5813108973564928e-10,0.6739993
Rep,Drg2,7.707954401676638,1.2785040907618621e-14,1.6926115657596293e-10,0.27602005
Rep,Schip1,7.703095714501596,1.3280880525199848e-14,1.758255772731208e-10,0.27226222
Rep,Sdr39u1,7.701379844508828,1.3460470983619771e-14,1.7820317535214215e-10,0.42954993
Rep,Smyd3,7.67706086694416,1.627800993594426e-14,2.1550457354196608e-10,0.3255577
Rep,Gm5141,7.665804754755057,1.777133578864637e-14,2.3527471450588926e-10,0.8986578
Rep,Ptar1,7.653687324474525,1.952968041101868e-14,2.585534389614763e-10,0.38624144
Rep,Carm1,7.652764537791517,1.9670389748249354e-14,2.604162898770732e-10,0.32288074
Rep,Nol6,7.651665414856941,1.9839289177917025e-14,2.626523494264435e-10,0.3924091
Rep,Arb2a,7.64592528237461,2.0744810781469276e-14,2.7464054993587175e-10,0.25003123
Rep,Mrs2,7.642161147865336,2.1360559260491555e-14,2.827924440496477e-10,0.3683524
Rep,Fam185a,7.637424181139721,2.216104578445381e-14,2.93390085140384e-10,0.61919236
Rep,Skic3,7.636111290686318,2.238808201085349e-14,2.9639581774168936e-10,0.32082438
Rep,Pdss2,7.631306526324848,2.323863973843937e-14,3.0765635149719885e-10,0.40550756
Rep,Matn2,7.626473771898103,2.4126198590851385e-14,3.1940674314428147e-10,0.45536828
Rep,Fem1a,7.624384015745017,2.452024154320352e-14,3.246234777904714e-10,0.33052897
Rep,Spag4,7.61736477328202,2.58906912895725e-14,3.4276686198265036e-10,1.2338839
Rep,Zfp146,7.615253003280044,2.6317545084399328e-14,3.484179793723627e-10,0.49596667
Rep,Ranbp17,7.6124926950963765,2.6885939505617793e-14,3.5594295311487394e-10,0.90744066
Rep,Tatdn2,7.6124695999552685,2.6890745756835454e-14,3.5600658307474455e-10,0.34711504
Rep,Polh,7.60587567725646,2.8298121989509053e-14,3.7463883701911033e-10,0.4859388
Rep,Rpusd1,7.594525665715401,3.0892191967191305e-14,4.089817294536457e-10,0.46256948
Rep,Usp28,7.587150147472791,3.270180712726804e-14,4.3293922455790155e-10,0.5884299
Rep,Chml,7.578929679723277,3.4841727877516885e-14,4.6126963537044604e-10,0.8864856
Rep,Pdp1,7.577811400361572,3.514327586966437e-14,4.6526182923848656e-10,0.6410856
Rep,2310022A10Rik,7.5729577799443035,3.648208989940116e-14,4.82986388178172e-10,0.34335685
Rep,Gatc,7.567214531511783,3.8131190294703153e-14,5.04818828311575e-10,0.34156656
Rep,Smim33,7.5577378224599645,4.1013967584598165e-14,5.429839168524951e-10,0.67989016
Rep,Urb1,7.556969067426265,4.125700319224882e-14,5.462014652621821e-10,0.7506056
Rep,Foxred1,7.553978130806931,4.221610946284498e-14,5.588990731786047e-10,0.3081274
Rep,Btaf1,7.550845980647037,4.3243999774830673e-14,5.725073130189832e-10,0.33776593
Rep,Tspan2,7.550471461944007,4.336854243023874e-14,5.741561332339307e-10,0.32074404
Rep,Zfp472,7.543041991282563,4.5913323221702016e-14,6.07846486132113e-10,0.40288758
Rep,Vps50,7.535617748685405,4.860283917831682e-14,6.434529878817364e-10,0.34882855
Rep,Snhg17,7.533029551548863,4.9576385807399676e-14,6.563417717041643e-10,0.40171695
Rep,Cdr2,7.532737359874816,4.9687490550488904e-14,6.578126873979226e-10,0.6172652
Rep,Lrrc40,7.531508773714561,5.015734062143146e-14,6.640330324871311e-10,0.49881625
Rep,Jag2,7.531461329508152,5.017557211739693e-14,6.642743992622179e-10,0.5716679
Rep,Cd276,7.525523773320565,5.25093984743509e-14,6.951719264019315e-10,0.518641
Rep,Lgalsl,7.524828641754369,5.278951159882841e-14,6.988803440568894e-10,1.2818804
Rep,Ddx55,7.521181483003407,5.4283435922874764e-14,7.18658408182939e-10,0.3044989
Rep,C2,7.513270394543554,5.766824323401485e-14,7.634698721751225e-10,0.7836304
Rep,Traf3ip1,7.512017150192369,5.822315888109636e-14,7.708164004268346e-10,0.49879313
Rep,Atp10a,7.510752733353411,5.878834092529595e-14,7.782988455099932e-10,0.3903172
Rep,Ppic,7.510050470641769,5.910457173496103e-14,7.82485425199149e-10,0.5821562
Rep,Atpaf2,7.509156965296685,5.950933805873324e-14,7.878441265595693e-10,0.27032757
Rep,Kcnn4,7.507790748290423,6.013352201780188e-14,7.961076979936791e-10,0.29447937
Rep,Dio2,7.505081074814774,6.139059348988004e-14,8.127500672125218e-10,0.3498788
Rep,Mtrf1l,7.499986458285659,6.382442676768371e-14,8.449715859773646e-10,0.39982843
Rep,Elp4,7.4949020049606485,6.634791394909643e-14,8.783800327720876e-10,0.43228984
Rep,Timm21,7.494832965573019,6.63828454015685e-14,8.788424902713654e-10,0.27859616
Rep,Wdr70,7.493920219333873,6.684636530405719e-14,8.849790302604131e-10,0.25492978
Rep,H2bc11,7.485949700430724,7.103159820909587e-14,9.4038732869022e-10,0.5570519
Rep,Ice1,7.484708641552158,7.170603443728578e-14,9.493161899152264e-10,0.27357697
Rep,Poc1b,7.483041493091368,7.26219398146109e-14,9.614418612056337e-10,0.3842473
Rep,Kansl3,7.475593507990072,7.68561852914753e-14,1.0174990370738417e-09,0.25176024
Rep,Ppm1d,7.4726155245683685,7.861629693852335e-14,1.0408011551691107e-09,0.3072989
Rep,Ctc1,7.472204632773863,7.886224093742012e-14,1.0440572077705048e-09,0.26996112
Rep,Josd1,7.472111546907501,7.891806354185103e-14,1.0447962432305658e-09,0.25981867
Rep,Pcdh7,7.46699970086706,8.204395469681523e-14,1.0861799162311367e-09,0.62709
Rep,Tmem201,7.465972993299512,8.268630603348436e-14,1.0946840055772994e-09,0.48808908
Rep,Irak1bp1,7.455651800381118,8.942462793466648e-14,1.1838926492270495e-09,1.2129722
Rep,Jrk,7.4549399436182116,8.9908775313302e-14,1.190302276372805e-09,0.7431669
Rep,Deptor,7.450506458251505,9.298258864224986e-14,1.230996491034746e-09,0.5376675
Rep,Zmym4,7.446981455800676,9.550003700516173e-14,1.2643249899113363e-09,0.34029126
Rep,Cldn34c1,7.44373275045228,9.787941490409872e-14,1.2958255739153628e-09,0.6317134
Rep,Ttl,7.435143366923906,1.0445461144952742e-13,1.3828746009802936e-09,0.91260767
Rep,Prdx4,7.414226139045289,1.2233702176084825e-13,1.61961983109187e-09,0.4153571
Rep,Hemk2,7.41007405210474,1.262289124381635e-13,1.6711445717688465e-09,0.25615454
Rep,Ppargc1b,7.4079022168714594,1.2831285238349828e-13,1.6987338527051337e-09,0.6705947
Rep,Dcbld1,7.407801023860781,1.2841077001805911e-13,1.7000301842690847e-09,0.6788306
Rep,Rtel1,7.404476914485639,1.3166842993946143e-13,1.7431583439685297e-09,0.4729166
Rep,Zfp143,7.400803538844406,1.353628732423161e-13,1.7920690788550228e-09,0.3792081
Rep,Pam,7.3989270060029595,1.3728928767224742e-13,1.8175728794928837e-09,0.30291843
Rep,N4bp2,7.39383178886645,1.4265686171699686e-13,1.8886341922713215e-09,0.28310323
Rep,Kctd17,7.389027502963584,1.4790657600230184e-13,1.958135159694474e-09,0.29096532
Rep,Uba6,7.3839825265959504,1.5362361701316608e-13,2.0338230656373057e-09,0.40823388
Rep,Rttn,7.382323829841892,1.5555028615204148e-13,2.059330238366877e-09,0.69979095
Rep,Wwc2,7.375335840683532,1.639312797869603e-13,2.1702862130995676e-09,0.32465887
Rep,Tyw3,7.363993347203535,1.7848859408647682e-13,2.3630104971108664e-09,0.5592196
Rep,Bik,7.36385567980429,1.7867285970778545e-13,2.3654499896713716e-09,0.34463048
Rep,H3c6,7.359980022985788,1.839377535488785e-13,2.4351519192336024e-09,0.70159006
Rep,Heg1,7.358481680430151,1.860137783374408e-13,2.4626364114093785e-09,0.29651022
Rep,Zw10,7.333114507845788,2.2486464599341315e-13,2.9769830483067968e-09,0.31995225
Rep,Fads3,7.327245142346049,2.3493185847598004e-13,3.1102628743635e-09,0.34445262
Rep,Plpbp,7.320748964187332,2.4659075959314197e-13,3.2646150662536068e-09,0.27228487
Rep,Slx4,7.318017024441364,2.516619434376758e-13,3.3317524691713894e-09,0.48007345
Rep,B4galnt4,7.312763453539782,2.6170348854347454e-13,3.4646924848270594e-09,0.25988126
Rep,Zfp932,7.310716838480126,2.657209658735622e-13,3.5178798672000895e-09,0.49984407
Rep,Pcnx4,7.299719889853132,2.8836743105207376e-13,3.8176964196984045e-09,0.38153172
Rep,Med14,7.298445790732827,2.911107473082447e-13,3.8540151836138515e-09,0.28126788
Rep,Arl4a,7.295396343509471,2.9778116054340926e-13,3.9423247844341954e-09,0.29096508
Rep,5730480H06Rik,7.2765652910093115,3.4242642374397793e-13,4.533383423946524e-09,0.31615353
Rep,Nrip1,7.265024461341633,3.7297077174237506e-13,4.937760047097303e-09,0.25172782
Rep,2810429I04Rik,7.262269231293662,3.8064957970862315e-13,5.039419785762462e-09,1.310308
Rep,Smim13,7.260161239672852,3.866291675812751e-13,5.118583549608501e-09,0.40962267
Rep,Zbtb25,7.259134010458549,3.895763668255918e-13,5.15760152040401e-09,0.3003223
Rep,Gnl3l,7.257233810859679,3.950864495184957e-13,5.230549505175365e-09,0.26890635
Rep,H2bc18,7.252051246594354,4.105064962485399e-13,5.43469550383442e-09,0.8299966
Rep,Prps1l3,7.2506987773176625,4.146268784573825e-13,5.489245243897287e-09,0.44998622
Rep,Lrrc42,7.24799010630545,4.2300150276896264e-13,5.6001168951582965e-09,0.77785826
Rep,Cd69,7.236850528424312,4.592237717329459e-13,6.07966351397247e-09,0.29272676
Rep,Lrp11,7.2244121245308275,5.032741706753354e-13,6.662846745570765e-09,1.0463419
Rep,Plcb4,7.22043974873665,5.18197258766019e-13,6.860413508803325e-09,0.6844549
Rep,Angpt1,7.209340542284995,5.6223493392823e-13,7.443428290275837e-09,0.41095018
Rep,Npr1,7.189752877470119,6.490869646364799e-13,8.593262324822357e-09,0.40013862
Rep,Tmem17,7.184384529086288,6.751061096184255e-13,8.937729785238335e-09,1.0796642
Rep,Lmln,7.174008205730769,7.283324213813386e-13,9.642392926667543e-09,1.058785
Rep,Dcun1d1,7.159601128569877,8.091213773399254e-13,1.0711957914603273e-08,0.28848696
Rep,Kat14,7.15954654197754,8.094436085427685e-13,1.0716223933497711e-08,0.27393126
Rep,Chd1l,7.158478901153747,8.157714042931417e-13,1.0799997621436902e-08,0.32133317
Rep,C2cd2,7.148682462984693,8.761473615400277e-13,1.1599314919428426e-08,0.5919962
Rep,Rabep1,7.1460928681882425,8.928266869156238e-13,1.1820132508075943e-08,0.28589916
Rep,Usp50,7.1443248248152464,9.043930950767271e-13,1.197326018572079e-08,0.6044829
Rep,Bpnt1,7.136062493580102,9.604235826653304e-13,1.2715047810906309e-08,0.48528886
Rep,Snx25,7.13499055096362,9.67938088846198e-13,1.2814532358234815e-08,0.3945918
Rep,Pofut2,7.133088004997406,9.814176163051497e-13,1.2992987822263876e-08,0.25640583
Rep,Rnft1,7.1298145923505984,1.0050421627218383e-12,1.3305753192274417e-08,0.26744342
Rep,Yae1d1,7.1277240001886994,1.020421276687658e-12,1.3509357282067904e-08,0.41119885
Rep,Iqcb1,7.123036473689324,1.055748667759358e-12,1.397705661246614e-08,0.74429893
Rep,Fcor,7.121245104471837,1.0695639025778443e-12,1.4159956506228081e-08,0.29628754
Rep,Prr3,7.1098546121469415,1.1616525948380447e-12,1.5379118703060874e-08,0.26619935
Rep,Rad9b,7.109645436528073,1.1634144653774362e-12,1.5402444107131877e-08,0.60766506
Rep,Nkrf,7.09863126296341,1.259984829119907e-12,1.6680939152718448e-08,0.56978893
Rep,Ark2n,7.095859632264604,1.2854990235336535e-12,1.7018721572562038e-08,0.3044064
Rep,Cep131,7.09467186132057,1.296587573588181e-12,1.716552288673393e-08,0.5239954
Rep,Sergef,7.092911786379659,1.31319170090121e-12,1.738534492823112e-08,0.39286637
Rep,Adgrl1,7.08578567555612,1.3825764362659743e-12,1.8303929439725233e-08,0.7304177
Rep,Ccdc134,7.08323023655178,1.4083240174604324e-12,1.8644801667158664e-08,0.35692263
Rep,Fadd,7.076109525966679,1.4825770224182983e-12,1.9627837199795852e-08,0.326447
Rep,Pgm3,7.071575390891397,1.5318454050710469e-12,2.028010131773559e-08,0.31716466
Rep,Dusp12,7.070463958575236,1.5441653837003895e-12,2.0443205514809455e-08,0.3372302
Rep,Btg3,7.061747124666509,1.6442200794151218e-12,2.17678296313768e-08,0.26939273
Rep,Ttll4,7.06005418334237,1.6643769261579942e-12,2.2034686125405684e-08,0.5067518
Rep,Klhl15,7.05452620337527,1.731898146971159e-12,2.2928599567751174e-08,0.47111845
Rep,Mettl28,7.053014354500602,1.7508278098219901e-12,2.3179209374233326e-08,0.34283185
Rep,Setd1a,7.052242208419627,1.760573904052912e-12,2.33082379157565e-08,0.25616956
Rep,Mipep,7.046996173973864,1.828213441179641e-12,2.4203717747777268e-08,0.25952816
Rep,Gm14636,7.030651281380031,2.0557169837560137e-12,2.7215637147945865e-08,0.25594902
Rep,Uspl1,7.0299225706336514,2.066481824067381e-12,2.735815286882806e-08,0.26290083
Rep,H2-M3,7.027692721162153,2.0997667763533634e-12,2.7798812352142178e-08,0.33019972
Rep,Stk35,7.018112939246311,2.2488474024109715e-12,2.9772490760518852e-08,0.52978516
Rep,Etv4,7.013666254185387,2.3215280362339683e-12,3.073470967170151e-08,0.860239
Rep,Tmem108,7.011001488276722,2.3661821782854394e-12,3.132588585832093e-08,0.25894117
Rep,Ptk2,7.007556888321831,2.425154249496253e-12,3.2106617109080894e-08,1.1305523
Rep,Pcsk4,7.001167523135023,2.5383820222263292e-12,3.3605639592254374e-08,0.45797777
Rep,Dnajc6,6.997902983616779,2.5982189451207407e-12,3.4397820614453486e-08,0.29015946
Rep,Tm7sf2,6.984057506262825,2.867745887952558e-12,3.7966087810603915e-08,0.44803214
Rep,Nr1d2,6.981549658145532,2.919416769675773e-12,3.865015861373756e-08,0.7584028
Rep,Zfp251,6.98021675887421,2.947249831386656e-12,3.901864051772794e-08,0.29726195
Rep,Cep162,6.972805223006016,3.106826383090091e-12,4.1131274485729714e-08,0.56938195
Rep,Gm29170,6.970822536235546,3.15093239309607e-12,4.171519395219887e-08,0.57366085
Rep,Ttk,6.96926804283625,3.1859418628492398e-12,4.2178684322261085e-08,0.40699768
Rep,Mtpap,6.966674601365363,3.245200803392348e-12,4.2963213436111295e-08,0.27199697
Rep,Zfp41,6.955503382107624,3.5130535304152848e-12,4.650931568916796e-08,0.5204184
Rep,4930509E16Rik,6.954493474077707,3.5383101801342727e-12,4.6843688474797634e-08,0.62197065
Rep,Sumf2,6.934304731799054,4.082238409808199e-12,5.4044754307450745e-08,0.3578391
Rep,Adat2,6.930350207042836,4.19800069059355e-12,5.557733114276801e-08,0.33059502
Rep,H4c9,6.928453715146489,4.254653232069473e-12,5.6327354139367756e-08,0.30989647
Rep,Pdhx,6.925796245907414,4.335300715216878e-12,5.739504616875625e-08,0.31225348
Rep,Kif16b,6.922527671279328,4.436550972007689e-12,5.87354983184098e-08,0.35865712
Rep,Acrbp,6.92106891595804,4.48248341408007e-12,5.9343597919006044e-08,0.3629675
Rep,Cipc,6.906944734175685,4.952027375312243e-12,6.555989042175879e-08,0.26247478
Rep,Zfp111,6.904892335501308,5.02415172783326e-12,6.651474472478453e-08,0.636467
Rep,Ece2,6.902041049491874,5.126061670161305e-12,6.786393045126551e-08,0.390244
Rep,Pcca,6.901529247503577,5.14456764573474e-12,6.810893106188222e-08,0.27744293
Rep,Ccdc116,6.9013834327032715,5.14985206137576e-12,6.817889144055369e-08,0.9001999
Rep,Atrip,6.897844875571609,5.27973523657268e-12,6.989841479698572e-08,0.27545404
Rep,Gm38408,6.896542892780108,5.3283282440484965e-12,7.054173762295804e-08,1.0085082
Rep,Slc25a26,6.8720789441163,6.3272920172755376e-12,8.376701901671084e-08,0.34073257
Rep,Zfp141,6.871832406800377,6.338239401714549e-12,8.391195143929892e-08,0.28759623
Rep,Mllt1,6.868696351083245,6.479125006357195e-12,8.57771359591629e-08,0.3442397
Rep,Lmbrd2,6.86865527089231,6.480990725955486e-12,8.580183622092469e-08,0.28682446
Rep,Zfp930,6.852731389696555,7.2453056490716564e-12,9.592060148805965e-08,0.33656144
Rep,Jmy,6.85269907121555,7.246943296480934e-12,9.594228230211109e-08,0.44264793
Rep,Usp12,6.850114856545065,7.379071873100455e-12,9.769153252797693e-08,0.35391402
Rep,Gm32856,6.842349287687169,7.790485022454634e-12,1.031382312122769e-07,0.6561246
Rep,Tfpi,6.837769315432573,8.0435780442556e-12,1.064889297278999e-07,0.39935684
Rep,Slc35e3,6.836283592615883,8.127397906848261e-12,1.0759862088876414e-07,0.7245369
Rep,Znrf3,6.823863852817644,8.862387791404249e-12,1.1732915197040084e-07,0.7848892
Rep,Sestd1,6.821936678853399,8.982125963080813e-12,1.1891436562522689e-07,0.42121744
Rep,Elac2,6.807736808916412,9.914602877059298e-12,1.3125942748938804e-07,0.2782793
Rep,Cers4,6.797840208968495,1.0619914724747637e-11,1.4059705104093398e-07,0.32886004
Rep,Prss16,6.794038763591907,1.0903706724918994e-11,1.4435417333120255e-07,0.2552986
Rep,Prmt6,6.78050020626281,1.1976050637643153e-11,1.585509343917577e-07,0.3721435
Rep,Qtrt2,6.770336189746248,1.2848348424268088e-11,1.700992847888852e-07,0.54992485
Rep,Bicd1,6.767859849444036,1.3070126894468151e-11,1.7303540995586386e-07,0.25027037
Rep,Pigm,6.76517587127061,1.3314735967437023e-11,1.7627378947289874e-07,0.27015543
Rep,Ddias,6.761885560126909,1.3620727738336552e-11,1.8032481452783762e-07,0.5310216
Rep,Qprt,6.7600776185206,1.3791783362495507e-11,1.82589419936078e-07,0.73126745
Rep,Poc1a,6.759964096657038,1.3802593982228945e-11,1.82732541730729e-07,0.26173782
Rep,Galnt3,6.751603127605465,1.4622039582760698e-11,1.9358118203616888e-07,0.4701016
Rep,Sik2,6.751306955688712,1.4651924148261202e-11,1.9397682379883006e-07,0.32972002
Rep,Aqp11,6.749707605656922,1.4814339597965907e-11,1.9612704193747064e-07,0.46703005
Rep,Hmces,6.737278763525111,1.6138038891555194e-11,2.136514968852992e-07,0.27163553
Rep,Mxra7,6.704551549598024,2.020258281004932e-11,2.6746199382224296e-07,0.4431393
Rep,Top3a,6.699711843528589,2.0883092441512235e-11,2.7647126083318047e-07,0.41475558
Rep,Entpd6,6.697578833732849,2.1190092342698173e-11,2.805356325249811e-07,0.4578228
Rep,Bckdhb,6.691206247544644,2.213384445459669e-11,2.930299667344056e-07,0.27816343
Rep,Il15ra,6.689617284140232,2.2375499535865153e-11,2.9622923835531877e-07,0.4046924
Rep,Pus10,6.688365298392,2.2567723517332756e-11,2.9877409164596833e-07,0.3324337
Rep,Slc5a6,6.682187437366524,2.3540166346721942e-11,3.116482622642518e-07,1.0598326
Rep,Tmem237,6.673846511896042,2.4918423374261077e-11,3.298950070518424e-07,0.30822897
Rep,Alkbh2,6.663112635199236,2.6808803678577327e-11,3.5492175190068524e-07,0.2871933
Rep,Zfp568,6.662294054033953,2.6958594578633375e-11,3.569048336265273e-07,0.44032502
Rep,Nek1,6.661365036539358,2.7129586646615293e-11,3.5916859761453987e-07,0.33945346
Rep,Pwp2,6.661364418667583,2.7129700722675363e-11,3.5917010786749914e-07,0.34806085
Rep,Champ1,6.660783688990094,2.7237127201525302e-11,3.605923270209935e-07,0.30230594
Rep,Jade3,6.653343484949776,2.865084767847118e-11,3.7930857241527996e-07,0.6406584
Rep,Hace1,6.6526573144367465,2.8784787999055076e-11,3.8108180831949015e-07,0.32903838
Rep,Rasa1,6.650907706637795,2.9129090847475895e-11,3.8564003372973335e-07,0.2643969
Rep,Nubpl,6.647293006158011,2.985323791987004e-11,3.9522701682115943e-07,0.4014616
Rep,Zdhhc13,6.645064810925676,3.030836814948e-11,4.0125248593096574e-07,0.27353144
Rep,D6Wsu163e,6.641492727765343,3.1052207612111934e-11,4.111001765767499e-07,0.45923877
Rep,Ccdc138,6.628859122794648,3.3829124127531695e-11,4.478637743243921e-07,0.55472755
Rep,Mapk8,6.6281878348709,3.3983287311447026e-11,4.4990474071624716e-07,0.41602182
Rep,Zfp770,6.6191729039205045,3.6121416073156956e-11,4.782114273925249e-07,0.48733497
Rep,F2rl3,6.6105197709222345,3.829729631496893e-11,5.070179059138737e-07,0.42842722
Rep,Shld3,6.608335086162121,3.886661726157125e-11,5.145551459259417e-07,0.37047172
Rep,Qtrt1,6.607581855269653,3.9064819859306894e-11,5.17179150117364e-07,0.28136134
Rep,9430015G10Rik,6.592432332701622,4.3267841223379624e-11,5.728229499563228e-07,0.49296188
Rep,Morc2a,6.581983483806378,4.642131655222676e-11,6.145718098349301e-07,0.4004941
Rep,Galc,6.571227984991204,4.99019829816699e-11,6.606523526943279e-07,0.43163395
Rep,Thg1l,6.563291016081942,5.263298297796249e-11,6.968080616452454e-07,0.26535463
Rep,H3c11,6.559715691261041,5.391046348415485e-11,7.137206260667261e-07,1.3069844
Rep,Plekha8,6.522037858516129,6.935850182102908e-11,9.18237205608604e-07,0.6079745
Rep,Tarbp1,6.514541842529157,7.291185603553605e-11,9.652800620544617e-07,0.69624615
Rep,Tigd3,6.511183452423654,7.456101549519197e-11,9.871132841408465e-07,1.0800357
Rep,Dnmt3b,6.5066041014950535,7.686864035794113e-11,1.0176639296987826e-06,0.4932747
Rep,Slamf9,6.4948489072276665,8.311678583764067e-11,1.1003831277045247e-06,0.87926626
Rep,Srxn1,6.492737127092138,8.429069520356303e-11,1.115924513799971e-06,0.30261898
Rep,Bmal2,6.4877437542554866,8.713130378602264e-11,1.1535313308231536e-06,0.31212163
Rep,Cdkal1,6.4723976257553275,9.645987472002784e-11,1.2770322814184486e-06,0.3606944
Rep,Glce,6.471647226224549,9.694023868395474e-11,1.2833918199368768e-06,0.37189507
Rep,Mtrr,6.46994007406002,9.80417914581686e-11,1.297975277114694e-06,0.37512636
Rep,Efl1,6.4662568644355245,1.0046025687955243e-10,1.3299933408283946e-06,0.26532602
Rep,L3mbtl3,6.465994797166333,1.0063454053832121e-10,1.3323006821868346e-06,0.5402312
Rep,Mex3c,6.464457744120918,1.0166269983354952e-10,1.345912483096362e-06,0.25991488
Rep,Zkscan5,6.4602233882027065,1.0454853219189485e-10,1.384118017688496e-06,0.44190788
Rep,Phlpp2,6.456417626724221,1.0721049370176547e-10,1.4193597261176731e-06,1.2880149
Rep,Cd302,6.449123116238398,1.1249914851070135e-10,1.4893762271331751e-06,0.5380976
Rep,Homer1,6.436365791975218,1.2236793281812573e-10,1.6200290625791665e-06,0.28492618
Rep,Srd5a1,6.43193140601277,1.2599260060777284e-10,1.6680160394463046e-06,0.55059433
Rep,Gm49032,6.431853276378609,1.2605739534430895e-10,1.668873856963306e-06,0.56403303
Rep,Ccdc137,6.4278764595068125,1.2939883476044885e-10,1.7131111733935823e-06,0.41514874
Rep,5930430L01Rik,6.425695364791792,1.3126805396574291e-10,1.7378577664524704e-06,0.9276576
Rep,Fastkd1,6.423420775163364,1.3324550690495085e-10,1.7640372659146443e-06,0.4361422
Rep,Sos1,6.410883543133045,1.4467868490348653e-10,1.9154011094372583e-06,0.295444
Rep,Caprin2,6.407097304747762,1.4831616918189595e-10,1.9635577637991204e-06,1.0371752
Rep,Spice1,6.405406230892494,1.4996953341851982e-10,1.985446652927784e-06,0.53648996
Rep,Nfxl1,6.4018352619652035,1.535202639851528e-10,2.032454774899438e-06,0.38110805
Rep,Pex10,6.390093079991968,1.6578480875356198e-10,2.194825083088407e-06,0.3467958
Rep,Rab3ip,6.3852219784489215,1.7114902125124057e-10,2.265841892345174e-06,0.42071486
Rep,Nemp2,6.377614832299033,1.798671787277622e-10,2.3812615791768436e-06,0.6946187
Rep,Tbccd1,6.377165140400206,1.8039591299673706e-10,2.388261492163802e-06,0.29494452
Rep,2610021A01Rik,6.370559236275967,1.8834018168297598e-10,2.493435665300919e-06,0.65424824
Rep,Slc25a40,6.367710469076457,1.9187066513420933e-10,2.5401757357117974e-06,0.48662663
Rep,Foxred2,6.36159457945943,1.9966989832825791e-10,2.6434297839678064e-06,0.25634813
Rep,Ptprs,6.353869371635173,2.0996515524073598e-10,2.7797286902321035e-06,0.38634682
Rep,Otulinl,6.344322076128042,2.234070115851823e-10,2.9576854263762287e-06,0.6948209
Rep,Supv3l1,6.335233935122776,2.3698143181720507e-10,3.137397175827978e-06,0.30640674
Rep,Rpusd2,6.334248091278617,2.3850148740740795e-10,3.157521191786674e-06,0.7591901
Rep,Syne3,6.333368094042768,2.398663813891267e-10,3.1755910232106485e-06,0.30541754
Rep,Cnmd,6.331198771612263,2.432637129505723e-10,3.220568295752627e-06,0.5669422
Rep,H3c3,6.3223601429161445,2.5759813969601325e-10,3.4103417714355196e-06,0.699656
Rep,R3hcc1,6.305019380608863,2.881578375907055e-10,3.8149216118633504e-06,0.26485348
Rep,Pomgnt2,6.288421447564501,3.207102755655348e-10,4.2458833382121155e-06,0.2510264
Rep,Zfp808,6.286736251515957,3.242094849599044e-10,4.292209371384174e-06,1.1223402
Rep,Elovl6,6.278844077335356,3.4109945343313866e-10,4.515815664001322e-06,0.39777708
Rep,Bcat1,6.26479650174568,3.7331259912997927e-10,4.942285499881795e-06,1.0103683
Rep,Tubgcp5,6.259159152907785,3.8705870835478625e-10,5.124270239909015e-06,0.25471926
Rep,Ogg1,6.258198688263195,3.8944945788839516e-10,5.155921372984463e-06,0.25050378
Rep,Msantd7,6.254170437138835,3.9963439573733663e-10,5.290759765166599e-06,0.7898927
Rep,Fntb,6.250185953182599,4.0996428327359885e-10,5.427517146259175e-06,0.4370122
Rep,Arhgef40,6.23129548154877,4.62593632296743e-10,6.124277097976581e-06,0.6889305
Rep,Map3k15,6.227018766708723,4.753941959930897e-10,6.293743760752514e-06,0.69283724
Rep,4833417C18Rik,6.223295591671181,4.86818947032333e-10,6.444996039761056e-06,0.6239681
Rep,Fbxo48,6.2171328607611365,5.063210367972039e-10,6.703184206158182e-06,1.2923822
Rep,Rbm19,6.21436910712055,5.15312684249642e-10,6.822224626781011e-06,0.38104463
Rep,Cobll1,6.2090987588763555,5.328932697664097e-10,7.054973998437498e-06,1.2002826
Rep,Orc5,6.206509548873436,5.417433061853935e-10,7.172139630588425e-06,0.2894764
Rep,1700001O22Rik,6.203030780618337,5.538600135687794e-10,7.3325527196370704e-06,1.330678
Rep,Zcchc2,6.194332892697073,5.853240257125375e-10,7.749104776408283e-06,0.38849664
Rep,4933404O12Rik,6.191042006881512,5.976777698485159e-10,7.912655995024502e-06,0.4150381
Rep,Pomt2,6.190024132777451,6.015500460185478e-10,7.963921059239554e-06,0.47055244
Rep,Cibar1,6.185430026937224,6.193340288418492e-10,8.19936320783724e-06,0.901669
Rep,Tnfrsf22,6.17441363719011,6.640946946206679e-10,8.791949662083022e-06,0.31520343
Rep,Gm10138,6.174338692970786,6.644097530380024e-10,8.796120720470113e-06,0.46694136
Rep,Wdr62,6.169179136317258,6.864542330477148e-10,9.087967591318696e-06,0.69225454
Rep,Klhl3,6.168311955082863,6.902286939066717e-10,9.137937678630428e-06,0.5797086
Rep,Nphp3,6.165830120238165,7.01143274234792e-10,9.28243580759441e-06,0.6083956
Rep,Rad9a,6.159817313552935,7.282891125714126e-10,9.64181956133293e-06,0.26307988
Rep,Cenpo,6.157441380733313,7.392959380574339e-10,9.787538923942368e-06,0.37433648
Rep,Zfp280c,6.148272713472494,7.833127037130888e-10,1.0370276884457582e-05,0.378186
Rep,Epb41l2,6.147163558123767,7.888077994503411e-10,1.0443026456923066e-05,0.31022
Rep,Ccnyl1,6.135593085632265,8.484206889210115e-10,1.123224150062527e-05,0.75051117
Rep,B230217C12Rik,6.1303591837971645,8.768089349939479e-10,1.1608073490384877e-05,0.3775015
Rep,Pde3b,6.124187782437915,9.114735090061314e-10,1.2066997785732173e-05,0.58578396
Rep,Pank1,6.122615917141914,9.205140239470312e-10,1.2186685163034747e-05,0.39096713
Rep,Gm17108,6.1179941067616515,9.476057047519587e-10,1.254535192521118e-05,1.3324003
Rep,Frmd6,6.116938694035134,9.539004203987075e-10,1.2628687665658488e-05,0.36810994
Rep,Adgrl4,6.115571881617082,9.621130180322623e-10,1.2737414245729121e-05,0.8635397
Rep,Tti1,6.106279889250647,1.019801101829129e-09,1.350114678711584e-05,0.3203745
Rep,Dffb,6.102900398943733,1.041607561256319e-09,1.3789842503472407e-05,0.26464605
Rep,Zfp428,6.100894857963176,1.0547627605325092e-09,1.3964004186689888e-05,0.65736055
Rep,Fstl3,6.0968809483841016,1.0815800733400476e-09,1.431903859094889e-05,0.33277106
Rep,Sec61a2,6.096310944173767,1.0854418307839867e-09,1.43701643977492e-05,0.33096528
Rep,Usp53,6.08192918019068,1.1874501967754687e-09,1.572065315511043e-05,0.4441595
Rep,Xrcc2,6.07161630238747,1.2662920194448858e-09,1.6764440045430844e-05,0.56738853
Rep,Xxylt1,6.068764448899847,1.2889803373716995e-09,1.706481068646393e-05,0.31962872
Rep,Lacc1,6.068223229956398,1.2933305938389542e-09,1.7122403731833914e-05,1.097342
Rep,Gm43462,6.0573130347967155,1.3841407194935093e-09,1.832463898537457e-05,0.7074051
Rep,Enpp1,6.056564443880891,1.3905944559137289e-09,1.8410080001841857e-05,0.4419303
Rep,Slc16a10,6.03683257065656,1.5716864523448408e-09,2.0807556942593348e-05,0.2573843
Rep,Gdf15,6.03422658767809,1.5972581404358778e-09,2.1146100521230585e-05,0.54341745
Rep,Aldh7a1,6.030941872722593,1.63006816266146e-09,2.158047240547507e-05,0.3396852
Rep,Rybp,6.02303402131032,1.7117744358780716e-09,2.266218175658979e-05,0.3480234
Rep,Gtf3c4,6.021286950250316,1.7303567675082736e-09,2.2908193245042033e-05,0.32878542
Rep,Reep6,6.020443693779625,1.7393960679283498e-09,2.3027864543303424e-05,0.32004023
Rep,Mettl18,6.015319685234375,1.7953204269288165e-09,2.3768247132110603e-05,0.35322118
Rep,Crip2,6.006000359537184,1.90155768998241e-09,2.5174722257677128e-05,0.8699422
Rep,Vmn1r43,6.004198741863495,1.9227906329267357e-09,2.5455825189317054e-05,0.71576595
Rep,Tmem186,6.0012260237497355,1.958331603524743e-09,2.5926352099064073e-05,0.40420818
Rep,Zfp948,5.981717080898499,2.2079754074542177e-09,2.923138641928639e-05,1.0169172
Rep,Tars3,5.979550833981543,2.2375373010884176e-09,2.962275632910956e-05,0.45474935
Rep,Fgfrl1,5.979135277042571,2.2432521474285336e-09,2.9698415179806356e-05,1.2324004
Rep,Ddx28,5.978060448855834,2.2580994881882506e-09,2.989497912412425e-05,0.28932095
Rep,Dag1,5.968684551428211,2.3917401127921665e-09,3.166424735325549e-05,0.28084588
Rep,Txndc16,5.961135691394288,2.5049084900730432e-09,3.316248350007702e-05,0.5056181
Rep,Lrrc20,5.951520607099045,2.656625639272793e-09,3.517106683833251e-05,0.30820227
Rep,Mtnap1,5.949623926234232,2.687592881295644e-09,3.558104215547303e-05,0.2593243
Rep,Cul4b,5.946118902425681,2.7457473203369545e-09,3.635094877394094e-05,0.30266142
Rep,Aif1l,5.910630350747242,3.408010396473306e-09,4.51186496389101e-05,1.3076739
Rep,Igfbp4,5.907813536315191,3.466780913695738e-09,4.589671251641787e-05,0.3553474
Rep,Odf2l,5.90759693187133,3.4713408176284637e-09,4.595708108458323e-05,0.34422946
Rep,1700007L15Rik,5.90592149559257,3.5068094900509512e-09,4.6426650838784544e-05,0.34597254
Rep,Mapk7,5.895655647958523,3.731965316076024e-09,4.9407488819530483e-05,0.38727713
Rep,Tctn3,5.894132276746694,3.766553638243257e-09,4.986540361670248e-05,0.60620546
Rep,Rnf149,5.873806855265588,4.258995598111114e-09,5.6384842723393036e-05,0.35897088
Rep,Miga2,5.861880724969763,4.576537265621064e-09,6.058877685955727e-05,0.5431881
Rep,Gm43581,5.860767543196775,4.607325674409651e-09,6.099638460350936e-05,0.94549656
Rep,Tnfrsf12a,5.857640098730049,4.6949071549790815e-09,6.215587582476806e-05,0.62063456
Rep,Exoc8,5.851778418076084,4.863442963135024e-09,6.438712138894458e-05,0.2767601
Rep,H4c4,5.839868587689711,5.2242013571653435e-09,6.916320176751199e-05,0.26311898
Rep,Gm20324,5.838297775117004,5.273684137391467e-09,6.981830429492563e-05,0.30856943
Rep,Aste1,5.83756462558712,5.296935163723923e-09,7.012612463254102e-05,0.38638258
Rep,Phtf2,5.835919892514172,5.349459479371307e-09,7.082149404739673e-05,0.66134596
Rep,Rtn4r,5.833500305910332,5.427650770489304e-09,7.18566685505079e-05,0.40430593
Rep,Oosp1,5.830357601783506,5.5308719463139225e-09,7.322321369725001e-05,0.4626572
Rep,Cwf19l1,5.827721766199605,5.618915573350326e-09,7.438882327558497e-05,0.32390547
Rep,5730455P16Rik,5.822120757769253,5.810553986523234e-09,7.69259242275811e-05,0.2587855
Rep,Snn,5.816247428126979,6.018336446791008e-09,7.967675621906615e-05,1.7086143
Rep,Lrrc8b,5.8135785255750285,6.115126585623954e-09,8.095816086707553e-05,1.2946434
Rep,Gm44777,5.808851546395632,6.290283327964453e-09,8.32770609789214e-05,0.691257
Rep,Kbtbd8,5.801146130350648,6.586316963504053e-09,8.719625027983016e-05,0.81992435
Rep,Cyp2b10,5.800929702534461,6.594824529581787e-09,8.730888194713328e-05,0.8750744
Rep,Pygb,5.799806991741439,6.639129010858593e-09,8.789542897475692e-05,0.25266457
Rep,Zfp748,5.798966057141207,6.6725035073292795e-09,8.833727393353233e-05,0.4317584
Rep,H1f10,5.79596914575177,6.792775239149008e-09,8.992955139109371e-05,0.3058977
Rep,Nek8,5.794596715142819,6.848554841576966e-09,9.066801754763745e-05,0.35715628
Rep,Trmt44,5.782244916193826,7.371028756454362e-09,9.75850497066993e-05,0.30984855
Rep,Arv1,5.774469683638268,7.71958266124699e-09,0.0001021995548522489,0.43918085
Rep,Lrfn4,5.766757818274792,8.081104731293685e-09,0.00010698574553759709,1.0999637
Rep,AA386476,5.750123887266469,8.917807863913046e-09,0.0001180628583103448,0.47903538
Rep,Sfxn2,5.74970692127486,8.939828070719923e-09,0.00011835438382826106,0.4605167
Rep,Ogfod1,5.743383097039194,9.28034409897721e-09,0.00012286247552635926,0.3146999
Rep,Rbbp5,5.710634478056063,1.125557569447029e-08,0.00014901256661909216,0.29850936
Rep,4930513N10Rik,5.710274261151344,1.1279425622165295e-08,0.00014932831581184635,0.89022255
Rep,H2bc3,5.709577299179999,1.1325710925413336e-08,0.00014994108694154715,0.79471207
Rep,Med9os,5.704793293691398,1.1648435984836121e-08,0.00015421364400324542,1.0738311
Rep,Cdyl2,5.704685821174659,1.1655787656084103e-08,0.00015431097277889745,0.3908062
Rep,Gm15491,5.702615385283065,1.1798299366565064e-08,0.00015619768531395487,0.81914186
Rep,4930503L19Rik,5.692588770353504,1.2512750502047352e-08,0.0001656563038966049,0.44813776
Rep,H2bc9,5.684653866226276,1.3107786423089301e-08,0.00017353398445527925,0.68519926
Rep,Spred2,5.670501757354277,1.4237990926125989e-08,0.00018849676187098196,0.36721945
Rep,Paip2b,5.66356436612314,1.4826052005035015e-08,0.00019628210249465856,0.3068192
Rep,Gm15728,5.660296042484442,1.5111208659164817e-08,0.00020005729143868301,2.020475
Rep,Slc10a3,5.655498368155265,1.553947064268093e-08,0.00020572705183845283,0.2800703
Rep,Acad9,5.655087417629023,1.557669723690203e-08,0.00020621989471934597,0.2613063
Rep,Fmnl2,5.651867321374716,1.587140844731107e-08,0.00021012157643395126,0.32649875
Rep,Tmem267,5.646367882670161,1.638729899764528e-08,0.00021695145142982587,0.6037531
Rep,Bend3,5.644501165794186,1.6566085914730515e-08,0.00021931841142511729,0.72497654
Rep,Shfl,5.641713736927263,1.6836586221939782e-08,0.00022289956499226078,1.3287873
Rep,Gm20939,5.641103913624639,1.6896334607073266e-08,0.00022369057386304296,0.3697133
Rep,Tmtc3,5.639216342866543,1.7082580277592265e-08,0.000226156280295044,0.46940708
Rep,Nr4a2,5.624603339156772,1.859347207834185e-08,0.00024615897684516775,0.7870984
Rep,Nemp1,5.592064310882899,2.2438567242569693e-08,0.0002970641917243802,0.25742292
Rep,Gm42531,5.574103053120726,2.488084256031279e-08,0.000329397474655981,1.7075372
Rep,Rcor2,5.572502614497612,2.511057221084433e-08,0.0003324388654993681,0.8087063
Rep,Trmt5,5.566123207498257,2.604691101373983e-08,0.0003448350549109016,0.26188445
Rep,Cep41,5.555918691585393,2.7615540656290494e-08,0.00036560214274862984,0.61504793
Rep,Primpol,5.555613901475122,2.7663775088477994e-08,0.0003662407183963602,0.5006223
Rep,H2-Q7,5.551928208763424,2.825356323555037e-08,0.0003740489236754513,0.30185437
Rep,H3c4,5.550549025172615,2.8477383531443728e-08,0.0003770120805727835,0.62832475
Rep,Prdm4,5.5488646292426695,2.8753069403842024e-08,0.00038066188583746455,0.31286025
Rep,Tpst1,5.545215922811991,2.9359163827213115e-08,0.00038868596990847444,0.7376685
Rep,Ripk2,5.538993851073756,3.042143239217682e-08,0.00040274934344002895,0.36047316
Rep,Gls2,5.531865460155332,3.1684289572008765e-08,0.000419468309643824,1.1178541
Rep,Fam237b,5.5292562534194785,3.215912934367008e-08,0.0004257547133808482,0.6102829
Rep,Miga1,5.527674032472953,3.2450426433049644e-08,0.0004296111955471442,0.30176568
Rep,Rasal2,5.522978558244143,3.333004238209433e-08,0.0004412564310965468,0.6139946
Rep,Slx4ip,5.519577329543495,3.3981602962474325e-08,0.0004498824416201976,0.3426745
Rep,Sco1,5.506628604550187,3.657707840584738e-08,0.0004842439410150135,0.31270814
Rep,Hmgxb3,5.497729611477771,3.847122134541445e-08,0.0005093204993919419,0.29006457
Rep,Usp45,5.494216910159511,3.924478952139785e-08,0.0005195617684737861,0.25207448
Rep,Limd1,5.4898818234369084,4.02202755242362e-08,0.0005324762276653631,0.26552987
Rep,Gpr65,5.476420757288206,4.34014998399518e-08,0.0005745924563811219,0.30595493
Rep,Amigo1,5.473895010311381,4.402499569163486e-08,0.0005828469179615539,0.74313927
Rep,Zbtb48,5.470419896126157,4.489705966903144e-08,0.0005943921729583072,0.41593933
Rep,Accs,5.469883588919831,4.503312656566902e-08,0.0005961935626028922,0.3728919
Rep,1110032F04Rik,5.466639959217532,4.5864631074101684e-08,0.0006072018507900322,0.7029872
Rep,H4c16,5.465213277702331,4.6235056136226914e-08,0.0006121059081875081,0.6606512
Rep,Klhl21,5.463799255581197,4.6605055294742307e-08,0.0006170043270470934,0.25565195
Rep,Lonrf1,5.463534502374459,4.6674650070536676e-08,0.000617925692283835,0.27460217
Rep,Eno1b,5.460043337085855,4.760183737367945e-08,0.0006302007249901423,0.31732035
Rep,Dhx37,5.458515824488399,4.801310788367004e-08,0.0006356455352719076,0.33189654
Rep,Pigw,5.457519828636204,4.828312468680376e-08,0.000639220287728595,0.5518317
Rep,Cnst,5.457508764204991,4.828613253105235e-08,0.0006392601085786021,0.26643658
Rep,Cyp2u1,5.457079303964579,4.840302091599382e-08,0.0006408075939068422,0.83138895
Rep,Catsperz,5.452608462953634,4.963627810961094e-08,0.0006571346858931392,0.44706488
Rep,Tbc1d19,5.4490918784816476,5.0627655901625644e-08,0.0006702595364816219,0.4205885
Rep,Kctd3,5.443462606350391,5.225470710425455e-08,0.000691800067353226,0.33767056
Rep,4930522L14Rik,5.428893170462147,5.670461146389027e-08,0.0007507123511704433,0.3636346
Rep,Kdm1b,5.427523455282458,5.7141359645572064e-08,0.0007564944603477286,0.48222113
Rep,Podnl1,5.4262482506615966,5.755090106074224e-08,0.0007619163791431666,0.8939557
Rep,Mmab,5.424624816643436,5.807639596144645e-08,0.0007688734061335895,0.27494955
Rep,Swsap1,5.409772173669851,6.310497675961624e-08,0.0008354467873205593,0.35372448
Rep,Gm36445,5.401285737900279,6.616493520819294e-08,0.0008759575772212664,0.73269176
Rep,H3c7,5.392744466628339,6.938959855013224e-08,0.0009186488952052008,0.770946
Rep,A130010J15Rik,5.3915224670465305,6.986322223262064e-08,0.0009249191991376646,0.28442097
Rep,Zfp566,5.38068365405406,7.420349288338991e-08,0.000982380042283199,0.5747342
Rep,Calhm2,5.37414835160923,7.694548876141616e-08,0.0010186813257123885,0.26052403
Rep,Gpt2,5.374117408289832,7.695870206573763e-08,0.0010188562566483005,0.2971356
Rep,Dph2,5.3713021858235335,7.817008716262051e-08,0.001034893783945933,0.33270097
Rep,BC052040,5.368091657823314,7.957411348391548e-08,0.001053481688413557,0.4841547
Rep,Fam114a1,5.3675808058048275,7.979975929407589e-08,0.0010564690132942706,0.30505514
Rep,Zfp180,5.367452204677837,7.985666058808949e-08,0.0010572223295257168,0.2593503
Rep,Marchf9,5.365996521730976,8.050349279031594e-08,0.0010657857410509928,0.30282497
Rep,Ttpa,5.365993754380346,8.050472728003977e-08,0.0010658020844604465,1.527267
Rep,B230322F03Rik,5.358466390791675,8.393134576648131e-08,0.001111167086602446,0.95923376
Rep,Epha7,5.349082043081604,8.840146324882323e-08,0.0011703469719511709,0.7245989
Rep,Msantd2,5.347391055262757,8.923108804559973e-08,0.0011813303746356948,0.43703508
Rep,Slc4a7,5.342852730123111,9.149509645269817e-08,0.001211303581937271,0.31443548
Rep,Zfp184,5.342260136484763,9.179479402885853e-08,0.0012152712781480582,0.7397809
Rep,D430019H16Rik,5.337038511957713,9.447697852456338e-08,0.0012507807186866945,0.5940032
Rep,H4c1,5.336495653581926,9.476014261733948e-08,0.0012545295281109574,1.1567698
Rep,Gm4890,5.334925553806987,9.558376541147414e-08,0.0012654334702825061,0.5017538
Rep,Ankrd13b,5.330697313024548,9.783636915975064e-08,0.0012952556913059389,0.2738347
Rep,Ppfibp1,5.325865491366971,1.004734644715663e-07,0.0013301681961390662,0.3373165
Rep,Gpr19,5.320655253582792,1.0339416976039197e-07,0.0013688354134578293,0.38821554
Rep,Cryz,5.310639005262246,1.0924152546510979e-07,0.0014462485556325886,0.26687503
Rep,Plcg1,5.293929193837647,1.1971580151203986e-07,0.0015849174962178957,0.5709119
Rep,Cracr2b,5.293736991117407,1.1984175787119196e-07,0.0015865850324567102,0.3413806
Rep,Brms1l,5.290769533360512,1.218027733314588e-07,0.0016125469161351832,0.28059983
Rep,Stag3,5.27886824027565,1.2998422705289566e-07,0.0017208611819532855,0.31331944
Rep,Lmbr1,5.2761791664844795,1.3190513102626235e-07,0.0017462920296566872,0.4211254
Rep,Grhl1,5.275204819029851,1.3260789791028176e-07,0.0017555959604342202,1.8889537
Rep,Mtrf1,5.27395147674477,1.3351722306101666e-07,0.0017676345161047997,0.26179957
Rep,Simc1,5.270855042108305,1.3578968359107374e-07,0.0017977196210622252,0.70371675
Rep,Rlig1,5.269356059934367,1.3690317643339496e-07,0.001812461152801716,0.35550976
Rep,Pot1b,5.263877234703982,1.4104865357770132e-07,0.0018673431247151877,0.33812428
Rep,Taco1,5.261624552893231,1.4278811021543944e-07,0.0018903717911422028,0.3902743
Rep,Slc29a2,5.237717772927752,1.6257441502174787e-07,0.00215232268047292,0.78248405
Rep,Arl15,5.225131554706283,1.740313320664953e-07,0.0023040008052283316,0.41628218
Rep,Klhl42,5.223714712642093,1.753689004969997e-07,0.002321708873679779,0.26482654
Rep,Gm28417,5.205075664739279,1.939175766885698e-07,0.002567274797779976,0.34116125
Rep,Ndufaf5,5.204738573210082,1.9426989841853825e-07,0.002571939185163028,0.29635906
Rep,Ociad2,5.20079894602981,1.9843366784150486e-07,0.0026270633285536828,0.35949564
Rep,Zscan22,5.192634988765544,2.0733843541177481e-07,0.0027449535464164868,0.30418825
Rep,Dusp19,5.188638257761259,2.118374526112515e-07,0.0028045160351203584,0.25301695
Rep,Fbxo44,5.188267739116914,2.1225928196644184e-07,0.0028101006339537236,0.5043373
Rep,Nars2,5.183949663827538,2.1723558553520944e-07,0.002875981916900638,0.27945805
Rep,Hpdl,5.176654658343724,2.2589979932728103e-07,0.0029906874432938735,1.2238965
Rep,Kcnq5,5.175255357165476,2.275994778720968e-07,0.0030131894875486892,0.460814
Rep,Smpdl3b,5.158639223741804,2.487511036405713e-07,0.0032932158610975235,0.43123245
Rep,Frmd4a,5.153397029273253,2.558095660726617e-07,0.003386662845235968,0.39414358
Rep,Mfsd2a,5.152180936814634,2.574744350758926e-07,0.003408704045969742,0.4036169
Rep,Zfp994,5.143097069082638,2.702458987592547e-07,0.0035777854536737726,0.25525856
Rep,Syne4,5.140233941181579,2.7439661334646265e-07,0.003632736764093819,0.2789445
Rep,Kash5,5.139552474547838,2.753935785746867e-07,0.003645935586750277,2.0200305
Rep,AA465934,5.138923956219904,2.7631618256423156e-07,0.0036581499409678617,0.5106516
Rep,Rcbtb1,5.137283176547491,2.7873877801061934e-07,0.0036902226820825896,0.56447697
Rep,Homer3,5.1366369187822505,2.796985913458368e-07,0.0037029296508275336,0.31506443
Rep,Metap1d,5.1336914117502594,2.8411379448335604e-07,0.0037613825251651507,0.30206347
Rep,Ctf1,5.1209209132956275,3.0404715039361633e-07,0.0040252802240610865,0.66436195
Rep,Gm10734,5.111031744500999,3.2040413463965795e-07,0.0042418303384944315,0.4755125
Rep,Ccsap,5.101031969216014,3.37806491040057e-07,0.004472220134879314,0.52748203
Rep,Gm10762,5.089319474536712,3.5935076883290436e-07,0.004757444828578821,0.3596213
Rep,Xrcc5,5.086416976660844,3.6489134282000733e-07,0.004830796487594077,0.7065234
Rep,Pter,5.083004808357502,3.715102930888039e-07,0.004918424770202675,0.36824512
Rep,Mfap3l,5.069898920795026,3.980270341040663e-07,0.005269479904503734,0.2888317
Rep,AC168977.1,5.066927524675563,4.042881216910094e-07,0.005352370443067273,0.4107294
Rep,Sorbs1,5.066142225639731,4.059586523273301e-07,0.005374486598161523,0.538527
Rep,P3h1,5.0579083352732574,4.2388008589600167e-07,0.005611748457177166,0.35809326
Rep,Mei4,5.053224104553082,4.3441366809033543e-07,0.0057512025518479505,0.91575193
Rep,Prkab2,5.037355018459088,4.7200882951370387e-07,0.006248924893931925,0.63979053
Rep,Faap100,5.036532832815482,4.740398305059009e-07,0.0062758133160676225,0.25134802
Rep,Thnsl1,5.030815256967766,4.883985885621726e-07,0.006465908913974603,0.74862957
Rep,Pafah1b3,5.030591888011843,4.889679724933652e-07,0.006473446987839662,0.30559206
Rep,Ubox5,5.028594719636987,4.940874337344586e-07,0.006541223535210497,0.62113
Rep,Pars2,5.02648033583777,4.995636826007688e-07,0.006613723593951578,0.41357803
Rep,Snx30,5.026275787776793,5.000965560699816e-07,0.006620778305810487,0.30386734
Rep,Ppp2r3a,5.0199393674463835,5.16877918086814e-07,0.006842946757551331,0.6455512
Rep,Chadl,4.999745778713706,5.740595358706283e-07,0.007599974195391248,0.843554
Rep,Tigd5,4.998265924653289,5.784817261730548e-07,0.007658519572805072,0.27981472
Rep,Pdpr,4.99513901266098,5.87934016955157e-07,0.007783658450469323,0.37501335
Rep,Mettl25,4.991693652355787,5.98521327813833e-07,0.007923823858927335,0.32317638
Rep,Tnfsf10,4.9901612173508,6.032892050960765e-07,0.007986945786266957,1.081244
Rep,Nhlrc1,4.9869093385803644,6.135283747959107e-07,0.008122502153923062,0.66422033
Rep,Ghr,4.9768369232674345,6.463172889591048e-07,0.008556594588529589,0.5907221
Rep,Etv5,4.973908723489868,6.56162135750477e-07,0.008686930515200565,0.55439043
Rep,Usp42,4.973100595508372,6.589044733963737e-07,0.008723236323294591,0.29568052
Rep,Hexd,4.968481076504351,6.747938398108831e-07,0.008933595645256281,0.33735132
Rep,Gm35315,4.964954898572249,6.871703734235083e-07,0.009097448573753827,0.8264675
Rep,Wdr31,4.963936276780256,6.907861648509314e-07,0.009145318036461481,0.45017815
Rep,5830487J09Rik,4.962742592982651,6.950467034728596e-07,0.009201723307277188,1.5662856
Rep,Gm43466,4.959027902664386,7.084679212921771e-07,0.009379406809987133,1.1163011
Rep,Zfp1004,4.956686570975068,7.170551002020797e-07,0.009493092471575332,0.5179367
Rep,H4c14,4.9452293728645085,7.605426013953393e-07,0.010068823499872898,0.8087959
Rep,Adat1,4.942061523892307,7.730081240580042e-07,0.010233854554403917,0.47717476
Rep,Zfp213,4.932449816572408,8.120464655913267e-07,0.010750683157963575,0.2551496
Rep,Ipo13,4.924409466322611,8.461549177617515e-07,0.01120224495624783,0.33294106
Rep,Nphp4,4.914389590709989,8.905949672066311e-07,0.011790586770848589,0.5407729
Rep,Tmem67,4.911804778234317,9.024187930707913e-07,0.011947122401464207,0.43193102
Rep,Eogt,4.907515368179816,9.223742993214644e-07,0.012211313348716866,0.5149169
Rep,Mtx3,4.905887030503668,9.300604730008017e-07,0.012313070602057614,0.39352083
Rep,Lipt1,4.903985769171619,9.391129612080755e-07,0.012432916493433711,0.6636381
Rep,Lekr1,4.900352095780179,9.566505383623177e-07,0.012665096477378724,0.65519
Rep,Wdr5b,4.895714791565635,9.794903972611272e-07,0.012967473369340064,0.43952322
Rep,Plekhh3,4.894893043300185,9.835920846700093e-07,0.013021775608946252,0.78857803
Rep,Nrarp,4.885749421055991,1.0303617477294863e-06,0.01364095917819067,0.31652045
Rep,Ldlrad3,4.88331814345885,1.0431535763703766e-06,0.013810310197567415,0.51169443
Rep,Syngr4,4.875132173557308,1.0873562603391072e-06,0.01439550953062944,0.66069555
Rep,1700003F12Rik,4.87460724728744,1.0902514327248683e-06,0.014433838717844531,0.68137884
Rep,Npl,4.8723644672576,1.1027050105129693e-06,0.014598711634181201,0.59287643
Rep,Lrrc75a,4.872056834765348,1.1044238538147741e-06,0.014621467400653794,0.49785852
Rep,Dcun1d4,4.871141634162592,1.1095526370673103e-06,0.014689367362134121,0.32463884
Rep,Abtb3,4.866964270080189,1.133255073265265e-06,0.015003163914958845,0.6097956
Rep,Ptrh1,4.86510838496341,1.1439410193031463e-06,0.015144635154554354,0.29802418
Rep,Cnn3,4.8636766654799315,1.1522508561813476e-06,0.015254649084984861,0.6986308
Rep,Zfp69,4.8636416380543,1.1524548848217854e-06,0.015257350220155617,0.9746022
Rep,Mipol1,4.863416683918377,1.1537660321347093e-06,0.015274708499431416,0.47189093
Rep,Ercc2,4.860024987139842,1.173709379748208e-06,0.015538738478486526,0.2554481
Rep,Tex54,4.853178217123828,1.2149841231069785e-06,0.01608517480581329,1.7069225
Rep,H4c11,4.850566697689762,1.2310922617455598e-06,0.016298430453249465,0.95940924
Rep,H4c3,4.849495643409324,1.237757879105e-06,0.016386676561471095,0.74483156
Rep,Pank4,4.846796506865613,1.2547100817846804e-06,0.016611106772747384,0.37891674
Rep,Pomk,4.846323700613643,1.2577024867655555e-06,0.01665072322228919,0.39962435
Rep,Pacc1,4.842431621759415,1.2825977946960462e-06,0.016980312203980955,0.38456488
Rep,Gm4707,4.842137878329571,1.2844958121678178e-06,0.01700544005728974,0.5981765
Rep,Ppp1r3e,4.8333635483270845,1.3424530525497845e-06,0.017772735962706596,0.6448717
Rep,Tssk6,4.830357257070892,1.3628829077915051e-06,0.018043206816251735,0.56913805
Rep,Abcb7,4.827326243099893,1.3837833147844588e-06,0.018319907304431452,0.2847836
Rep,Rpp25,4.822247346783008,1.4194976915906205e-06,0.018792729938968224,1.6166887
Rep,Tmem120b,4.820895637317954,1.4291511393698484e-06,0.018920531934117423,0.55225277
Rep,Gpc2,4.819020532228518,1.4426470834039957e-06,0.019099204737185498,0.3062663
Rep,BC017158,4.815152692257677,1.4708737607336636e-06,0.019472897718352974,0.31672144
Rep,Tmem243,4.813528376169642,1.4828853398632715e-06,0.019631919014449852,0.33283758
Rep,Mdm1,4.811569566616688,1.4974959190030408e-06,0.019825348471681256,0.4920888
Rep,AI854703,4.811181700262952,1.5004053489087554e-06,0.019863866414203013,0.5918665
Rep,Gm17399,4.810195115963652,1.5078303447093352e-06,0.01996216593360689,0.34672308
Rep,Fastkd5,4.8082645809250115,1.5224618040611437e-06,0.02015587182396548,0.2533784
Rep,Mansc1,4.807784401850738,1.5261222079360433e-06,0.020204331910865278,0.74416924
Rep,Ccr10,4.784943310554302,1.7103559963183093e-06,0.022643403035258098,1.5940762
Rep,Ptk7,4.772731448059723,1.8174406157453782e-06,0.02406109631185306,0.31411028
Rep,Tmem86a,4.77253316333916,1.819231408461053e-06,0.02408480461661588,0.6563721
Rep,Xylb,4.770710623544302,1.8357711405400432e-06,0.024303774129609632,1.7994981
Rep,Tnfsf9,4.754510299540752,1.9892800083520676e-06,0.026336078030573022,0.55062485
Rep,Cbs,4.75271840111378,2.0069978658727453e-06,0.026570644746289274,0.81905174
Rep,Nckipsd,4.751532524480552,2.018806778323988e-06,0.026726982938231274,0.559937
Rep,Galr3,4.7493343397026075,2.04087296825902e-06,0.02701911722678117,0.5061979
Rep,Slc4a5,4.747022967070726,2.0643251915458423e-06,0.027329601210875406,1.0727792
Rep,Gm47664,4.746577877977347,2.0688708902695414e-06,0.02738978171627846,0.29536343
Rep,Taf1a,4.744091529459545,2.0944413865619087e-06,0.02772830951669311,0.32343674
Rep,Acvr2b,4.743565265588854,2.0998924623644855e-06,0.027800476309243424,0.8503761
Rep,Etaa1os,4.734048210495003,2.200854137426021e-06,0.029137107925383092,0.4450984
Rep,Ube3d,4.725080975678523,2.300236786095269e-06,0.030452834811115267,0.48258686
Rep,Rell2,4.723012761484959,2.3237626197731095e-06,0.030764293323176196,0.37484407
Rep,Pogk,4.72268610772966,2.327499351605115e-06,0.030813763915900117,0.44825554
Rep,Hspa1b,4.709586449674323,2.4821991582568253e-06,0.03286183465616211,0.41381598
Rep,Jun,4.704030431222404,2.550752030997935e-06,0.03376940613838166,0.343148
Rep,Nmnat3,4.702261069018469,2.5729622196454273e-06,0.03406344682588581,0.5096817
Rep,Rwdd2a,4.701174049699402,2.586699119351025e-06,0.03424530964108822,0.6678915
Rep,Mdc1,4.6997787559746715,2.6044349452875038e-06,0.03448011424066126,0.2918985
Rep,Aldh5a1,4.690085585328244,2.7309079797753102e-06,0.03615449074424533,0.35577345
Rep,Gpr157,4.688116239804915,2.7573139512983917e-06,0.036504079401239405,0.39162493
Rep,Nepro,4.682020364278868,2.8406125347778828e-06,0.03760686934792439,0.2690029
Rep,Kbtbd6,4.671836698846823,2.985182584705838e-06,0.039520832238920584,0.8859987
Rep,Intu,4.670971340792143,2.997787668082147e-06,0.03968771093773955,0.43658352
Rep,Zbtb41,4.6682229145573855,3.038161649605341e-06,0.04022222207912511,0.29569483
Rep,Phlpp1,4.658622384852785,3.1833253033554833e-06,0.04214404369112324,0.4300213
Rep,2310074N15Rik,4.658168290512446,3.190353608007272e-06,0.04223709141640827,1.0513625
Rep,Pigg,4.653699020493366,3.2603261145323602e-06,0.043163457430293914,0.35886717
Rep,Zfp850,4.653519885690527,3.263161171677233e-06,0.04320099075183489,0.5198245
Rep,E130311K13Rik,4.650388566272224,3.313102207841879e-06,0.04386216012961863,0.25716305
Rep,Arf2,4.648748952702479,3.3395437747533284e-06,0.04421222003395931,0.25730515
Rep,Steap3,4.646567329367938,3.375040109382694e-06,0.044682156008117487,0.38940096
Rep,Rnase10,4.64501707595187,3.40048327290754e-06,0.04501899805002292,0.41909742
Rep,Dop1a,4.642874338941825,3.4359534145251354e-06,0.045488587254898266,0.2943201
Rep,Sh3rf1,4.6425734223867305,3.4409630065947857e-06,0.04555490924430837,0.416389
Rep,Ift172,4.641147399650284,3.4647985091849673e-06,0.04587046746309978,0.26003742
Rep,Erhrt-ps,4.6396851023604375,3.489404703896079e-06,0.04619622887488019,0.55723095
Rep,Thoc2l,4.638432631252409,3.5106132760751557e-06,0.04647700916195899,0.28462505
Rep,Cabcoco1,4.63245809806291,3.613494872622719e-06,0.047839058618652175,0.32173824
Cycl,Pclaf,43.47580659084414,0.0,0.0,1.8721467
Cycl,H1f5,42.136876365937795,0.0,0.0,2.2371025
Cycl,Stmn1,41.93459440360085,0.0,0.0,1.207021
Cycl,Rrm2,41.01148175061763,0.0,0.0,1.8078605
Cycl,Hmgb2,39.10542294095524,0.0,0.0,1.0524437
Cycl,Top2a,38.57773134764041,0.0,0.0,1.5068749
Cycl,Tk1,37.71542143955049,0.0,0.0,1.8196023
Cycl,Mki67,37.49279187655491,1.2071377065105915e-307,1.598129609649372e-303,1.5900227
Cycl,Dek,37.26202762504598,6.766823942682863e-304,8.958598217717843e-300,1.0779855
Cycl,Asf1b,36.684002710575186,1.3140527487724332e-294,1.7396744340998243e-290,1.5479774
Cycl,Neil3,36.26773411460726,5.221366931557444e-288,6.9125676806889e-284,1.9707053
Cycl,Smc2,35.23543210696557,5.735414655326154e-272,7.593115462186296e-268,1.3111259
Cycl,Fbxo5,35.00803110181385,1.698084697707816e-268,2.2480943312953775e-264,1.8574196
Cycl,Tyms,32.4070176148037,2.1859702282770126e-230,2.894005985215937e-226,1.3023956
Cycl,H2ac24,32.18288388206485,3.0636877680542505e-227,4.056016236127022e-223,1.9688792
Cycl,Spc25,32.13796505511284,1.300874610244972e-226,1.7222278965033186e-222,1.8042653
Cycl,Atad2,32.04825620835336,2.3216485940513084e-225,3.073630573664527e-221,1.2353889
Cycl,H2ac8,31.956771306362572,4.350507047230021e-224,5.759636279827824e-220,1.8751323
Cycl,H1f4,31.471889321102452,2.1067854160986813e-217,2.7891732123730443e-213,1.6183777
Cycl,Smc4,31.383767939953543,3.369755331630961e-216,4.461219083546229e-212,0.9949313
Cycl,H2az1,31.213290476975033,7.034309809456522e-214,9.312722756739489e-210,0.61091566
Cycl,Cdk1,30.94820573666373,2.68586445904435e-210,3.555815957328815e-206,1.0626212
Cycl,Kif11,30.754703991138868,1.0579326566687736e-207,1.4005970441637895e-203,1.552065
Cycl,Tmpo,30.741199681297257,1.603173044267638e-207,2.122440793305926e-203,1.053412
Cycl,Tubb5,30.71525752220647,3.560795159836808e-207,4.7141367121079504e-203,0.8726795
Cycl,H2az2,30.505161328458865,2.2259107172741683e-204,2.9468831985992717e-200,0.73738635
Cycl,Rrm1,30.425003432948138,2.565679721494805e-203,3.396703383286972e-199,1.168227
Cycl,Dut,30.321543506798015,5.9622857303297925e-202,7.893470078383612e-198,0.8714906
Cycl,Slbp,29.663502839984584,2.2713640296257356e-193,3.0070588388215114e-189,1.046879
Cycl,Esco2,29.437460333762477,1.821976987910379e-190,2.4121153342945505e-186,1.9234936
Cycl,Pbk,29.337213123121195,3.4789794800580636e-189,4.605820933648871e-185,1.6330929
Cycl,Mxd3,29.170638039268574,4.5732532115478423e-187,6.054529926768189e-183,2.308353
Cycl,Lig1,28.867402741223284,3.0645498700996206e-183,4.0571575730248875e-179,1.3135068
Cycl,Nusap1,28.789657817076577,2.8900617236639137e-182,3.8261527159586554e-178,1.4080074
Cycl,Birc5,28.585603680173403,1.014553005048995e-179,1.3431667233843643e-175,1.116378
Cycl,Ngp,28.459886067207734,3.6769047522331845e-178,4.867854201481513e-174,1.2375698
Cycl,Camp,28.251434586359945,1.366740328462729e-175,1.809427520851807e-171,1.4472404
Cycl,Prc1,28.104813549375265,8.555202790142583e-174,1.1326232973869766e-169,1.3221608
Cycl,H3f3b,27.983878480040108,2.5528636898656566e-172,3.3797362390131426e-168,0.5851526
Cycl,Cstdc5,27.786559070939308,6.305350281479268e-170,8.347653237650403e-166,1.4089272
Cycl,Pcna,27.746558202581888,1.9173361255712188e-169,2.5383612966437367e-165,1.0840229
Cycl,Cdkn2c,27.70088957309704,6.811989899027946e-169,9.018393427323097e-165,2.4250712
Cycl,Cdca8,27.574433432661845,2.254728810507466e-167,2.985035472230835e-163,1.0886652
Cycl,Kif15,27.40334010238531,2.5023553939249847e-165,3.3128683060172873e-161,1.537457
Cycl,Spc24,27.370982270683783,6.077539735005106e-165,8.04605485517326e-161,1.249774
Cycl,Lmnb1,27.169120351408807,1.5053300409863773e-162,1.992906441261865e-158,1.0281489
Cycl,Gmnn,27.13428701333857,3.880934994338066e-162,5.137969839004166e-158,0.9452291
Cycl,Tcf19,26.753811606915587,1.1149184773351605e-157,1.476040572144019e-153,2.0102909
Cycl,Incenp,26.516749676674845,6.213333719250816e-155,8.225832510916156e-151,1.0284338
Cycl,Dnajc9,26.470907794137695,2.096700387343498e-154,2.775821642804057e-150,1.0166031
Cycl,H3f3a,26.337290543613594,7.176910340495639e-153,9.501511599782176e-149,0.34361506
Cycl,S100a9,26.025542755850385,2.5456860668389175e-149,3.370233783888043e-145,0.8610158
Cycl,Aurkb,25.827036966229432,4.4078304642182654e-147,5.835526751578562e-143,1.0988908
Cycl,Tuba1b,25.78636634876715,1.2610482028381354e-146,1.6695017157374074e-142,0.7111037
Cycl,Cdca3,25.615505272402856,1.0249980874560169e-144,1.3569949679830208e-140,1.1229205
Cycl,Cd177,25.522542054257396,1.1081690168386098e-143,1.4671049613926354e-139,0.9844723
Cycl,Orm1,25.295412796432608,3.5879199531221275e-141,4.750047225938385e-137,1.3555834
Cycl,H1f1,25.15038639750776,1.3995078213951101e-139,1.852808404744986e-135,1.9305012
Cycl,Sumo2,25.14091515952615,1.776520248607252e-139,2.3519351571311408e-135,0.45521116
Cycl,Ndc80,25.07816617495401,8.608463612080479e-139,1.1396744976033346e-134,1.594832
Cycl,Racgap1,25.021744163794313,3.545839256448326e-138,4.694336591611938e-134,1.1640241
Cycl,Hpf1,24.950663783210523,2.1002458644860627e-137,2.7805154999930983e-133,0.8693431
Cycl,E2f8,24.90567157048457,6.458692845165651e-137,8.550663457714805e-133,1.397521
Cycl,Ncapd3,24.865140648865474,1.7737461654705953e-136,2.348262548466521e-132,1.2569423
Cycl,Rad51ap1,24.639256375037874,4.797775279049444e-134,6.3517746919335595e-130,1.3676283
Cycl,Lcn2,24.46909289342061,3.152240077305159e-132,4.1732506383443e-128,0.26916194
Cycl,S100a8,24.2569619355674,5.583263913233367e-130,7.391683094729655e-126,0.7215791
Cycl,Smc1a,24.212370778134037,1.6481839205256508e-129,2.182030692383909e-125,0.7096743
Cycl,Ptma,24.149437148056947,7.56899186732849e-129,1.0020588333156187e-124,0.39326
Cycl,Dnmt1,23.95188303507865,8.83200881973233e-127,1.1692696476443632e-122,0.864654
Cycl,Tpx2,23.55514040155406,1.1119686406873013e-122,1.4721352834059182e-118,1.0573974
Cycl,Tuba4a,23.40888734741841,3.4697032804978794e-121,4.593540173051143e-117,0.5385392
Cycl,Ccdc34,23.307807114370647,3.6945650251274815e-120,4.891234636766273e-116,1.0222301
Cycl,Knl1,23.270045545116396,8.916511178330264e-120,1.1804569148991436e-115,1.2337095
Cycl,Hmgn2,23.223071114482025,2.662663108302986e-119,3.525099689082323e-115,0.75092876
Cycl,Mapk13,23.14519925157732,1.6249547294193227e-118,2.1512775662782412e-114,0.85809344
Cycl,Ncapg2,23.085076594290314,6.539200009901506e-118,8.657246893108604e-114,1.5277318
Cycl,Rbbp4,23.05483188885766,1.31558289273852e-117,1.7417001916965268e-113,0.63351756
Cycl,Tipin,22.957453570662572,1.2413643991129683e-116,1.6434423279856587e-112,0.7822351
Cycl,Plk4,22.83345206339808,2.134200693960278e-115,2.8254682987340123e-111,1.3028283
Cycl,C3,22.806866256430958,3.919425641487536e-115,5.188927606765349e-111,0.73525614
Cycl,Nuf2,22.722973545974988,2.6560550452037253e-114,3.516351274345212e-110,1.3376074
Cycl,Clspn,22.716780829119887,3.0581533240142577e-114,4.0486891856624757e-110,1.4593651
Cycl,Ccna2,22.39877274397508,4.045698488902116e-111,5.3561002294575114e-107,0.99634373
Cycl,Ccnf,22.37507550668563,6.884116600336727e-111,9.113881967185794e-107,1.2416382
Cycl,Wfdc21,22.35714150571714,1.0289554883832163e-110,1.36223417107054e-106,0.68503785
Cycl,Ckap2l,22.26450538715372,8.161825391918462e-110,1.0805440636360853e-105,1.1931365
Cycl,Topbp1,22.0883459419018,4.091027275572163e-108,5.416111010129987e-104,0.86078614
Cycl,Rac2,22.057144152821866,8.157298814627005e-108,1.0799447900684692e-103,0.441118
Cycl,Tagln2,21.82302887845029,1.4025528812610435e-105,1.8568397595014956e-101,0.4124601
Cycl,Pglyrp1,21.770346820807017,4.432639966082777e-105,5.868372051096989e-101,0.56746745
Cycl,Gal,21.685199324497415,2.830287024467281e-104,3.747016991692233e-100,0.9610056
Cycl,Lockd,21.586809878855913,2.3894800838711394e-103,3.1634326830370017e-99,0.995135
Cycl,Rad21,21.42682520998749,7.513179867594849e-102,9.946698826708821e-98,0.7246071
Cycl,Tacc3,21.349158138755346,3.970261700342526e-101,5.25622946508347e-97,0.9919071
Cycl,Mcm7,21.31665333484539,7.954764040263209e-101,1.0531312112904463e-96,0.7832617
Cycl,Alyref,21.294245586882752,1.2835635106283605e-100,1.6993097317208865e-96,0.52373254
Cycl,Prim1,21.258572489801125,2.746438362222932e-100,3.63600974774694e-96,1.0817581
Cycl,Cdkn2d,21.19552330906792,1.0502466153751078e-99,1.3904214940951053e-95,1.3885806
Cycl,Hp,21.0747122746211,1.3572847418008746e-98,1.7969092696701778e-94,0.65677404
Cycl,H2ax,21.00123291044872,6.390548730837534e-98,8.460447464755811e-94,0.74164575
Cycl,Ceacam10,20.931266394250848,2.7801158040367246e-97,3.68059531296422e-93,0.57182384
Cycl,Kif22,20.824668091421945,2.587121822764365e-96,3.4250905811577433e-92,1.0711248
Cycl,Vcam1,20.817291776327746,3.0176571685757673e-96,3.9950763254774585e-92,0.69759357
Cycl,Smc6,20.791230536921066,5.196121874408243e-96,6.879145749529072e-92,0.77767026
Cycl,Cdca2,20.74504560144824,1.3589552693590063e-95,1.7991208811043885e-91,1.2414782
Cycl,Gatm,20.723891813860224,2.1092750253024215e-95,2.792469205997876e-91,0.90849566
Cycl,Ncapg,20.707375756164804,2.9721289174857783e-95,3.934801473859422e-91,1.3772079
Cycl,Sgo2a,20.70551303050046,3.089281292956571e-95,4.089899503745204e-91,1.3195131
Cycl,Syne2,20.686328618697473,4.5992821066244334e-95,6.088989580960087e-91,1.5967084
Cycl,Nrm,20.68535275751763,4.693289365153257e-95,6.213445790526397e-91,1.1038502
Cycl,Cd52,20.6184662271984,1.8740594728769617e-94,2.4810673361418097e-90,0.6677866
Cycl,Ncf4,20.60514611905309,2.4677372464852004e-94,3.2670373406217568e-90,0.70733213
Cycl,H4c4,20.564124963712242,5.752822918127626e-94,7.616162261309164e-90,1.5712894
Cycl,Ube2s,20.52804838061126,1.2093534174692308e-93,1.6010629893875146e-89,0.5631461
Cycl,Arln,20.452105400940635,5.753752372384917e-93,7.617392765800391e-89,0.5976955
Cycl,Mrpl18,20.40530477192383,1.5002375462457428e-92,1.9861644874747387e-88,0.46601784
Cycl,Tmsb4x,20.274470702737222,2.1610416048273264e-91,2.8610029806308975e-87,0.28591776
Cycl,Nutm1,20.26011715155786,2.89273602601948e-91,3.829693224847189e-87,1.5830164
Cycl,Cit,20.24666033433276,3.8015548301494446e-91,5.03287843963485e-87,1.2167552
Cycl,Ezh2,20.224283367459343,5.985375783572452e-91,7.924038999871569e-87,0.8454217
Cycl,Ncaph,20.138296271337737,3.4086100850386885e-90,4.5126588915827194e-86,1.5939782
Cycl,Lrg1,20.12726802458031,4.258338256036585e-90,5.637614017166835e-86,0.6489824
Cycl,Fen1,20.118506101117532,5.081606724935169e-90,6.72753914314167e-86,0.8245472
Cycl,Melk,20.099290056123113,7.485680406946167e-90,9.910292290756031e-86,1.6199989
Cycl,Smc3,20.041563421083293,2.3913716711749775e-89,3.1659369554685526e-85,0.6506443
Cycl,Anp32b,20.00957880481638,4.5447224147087376e-89,6.016758004832898e-85,0.36658216
Cycl,Ncapd2,19.96025480724758,1.2208818203803298e-88,1.6163254420015185e-84,1.0892811
Cycl,Anp32e,19.928708103365768,2.2940754847959154e-88,3.0371265343213125e-84,0.5874445
Cycl,Slc43a3,19.893237125702207,4.656966133331441e-88,6.165357463917494e-84,1.0898263
Cycl,Ska1,19.855454063912653,9.886492293392926e-88,1.3088727147222894e-83,1.2864896
Cycl,Cenpe,19.70746309567314,1.8606390538006686e-86,2.463300043326705e-82,0.9718324
Cycl,Mcm5,19.670386028788446,3.868245829143267e-86,5.121170653202771e-82,0.7661392
Cycl,Arhgdib,19.67005950332023,3.8932351657110476e-86,5.154254035884856e-82,0.3296523
Cycl,Mad2l1,19.645130877898783,6.3632481568710464e-86,8.424304234881578e-82,1.0871383
Cycl,Hmmr,19.46228326239024,2.2933653305374613e-84,3.036186361098545e-80,0.9316689
Cycl,Cenph,19.44805164044428,3.0271651785303524e-84,4.007663979856334e-80,1.0630426
Cycl,H1f3,19.371369794537436,1.3462782722278188e-83,1.7823378046024094e-79,1.3828388
Cycl,Hnrnpd,19.31273751614084,4.1972433758646916e-83,5.556730505307265e-79,0.4554211
Cycl,Plk1,19.281795814100853,7.637827256373588e-83,1.0111719504712992e-78,0.813248
Cycl,Sf3b2,19.19900323342165,3.7726230737915146e-82,4.994575687392586e-78,0.4343251
Cycl,H2ac4,19.15943888594608,8.073892524956157e-82,1.0689026313789456e-77,2.2299132
Cycl,Anln,19.018667531658817,1.1948157067701377e-80,1.5818165141929853e-76,1.3779094
Cycl,Nxt1,19.012472035790395,1.3446407423468545e-80,1.7801698787930006e-76,0.6812071
Cycl,Ctcf,18.984558631782303,2.2885108366815064e-80,3.029759496682646e-76,0.6931704
Cycl,Siva1,18.968022448892274,3.134793699115183e-80,4.1501533782585906e-76,0.4528048
Cycl,Kif4,18.899089539367356,1.1603760395146097e-79,1.5362218387133918e-75,1.5202881
Cycl,Kif23,18.86584205402976,2.177744369939998e-79,2.883115771363563e-75,1.1859475
Cycl,Mcemp1,18.85375219353423,2.7372108078309636e-79,3.6237933884874125e-75,0.5397745
Cycl,Dtymk,18.78058350530062,1.0887699683183337e-78,1.441422561056642e-74,0.43225372
Cycl,Dck,18.73345408805333,2.642048332625455e-78,3.49780778756284e-74,1.4678665
Cycl,Rbl1,18.530399812307333,1.1741132000074244e-76,1.5544084654898292e-72,1.2799432
Cycl,Cenpm,18.446462178768503,5.567255021619207e-76,7.370488923121669e-72,0.7715186
Cycl,Cdc45,18.405003168026884,1.1977762001484072e-75,1.5857359113764763e-71,0.99046284
Cycl,Tubb4b,18.395768089740617,1.4203376809156722e-75,1.8803850557642586e-71,0.44314623
Cycl,Hmgb3,18.38205860437107,1.8289433023049463e-75,2.4213380379215183e-71,0.58904696
Cycl,Shcbp1,18.349798847974448,3.3133673322017233e-75,4.386567011101862e-71,1.206851
Cycl,Nap1l1,18.339138979746515,4.031313710486099e-75,5.337056221312546e-71,0.43978965
Cycl,Aldh2,18.298085786475454,8.570771430064142e-75,1.1346844296261918e-70,0.39481068
Cycl,Brip1,18.27336924940129,1.3486124256151678e-74,1.7854279902719207e-70,1.7727714
Cycl,Nsd2,18.2445742424872,2.2851031385103384e-74,3.025248045073837e-70,0.95781493
Cycl,Ube2c,18.229681115223737,3.0006556754692352e-74,3.9725680487537205e-70,0.30694735
Cycl,4930523C07Rik,17.93977729545188,5.768584864768505e-72,7.637029502467025e-68,0.7363385
Cycl,Hirip3,17.923109051493302,7.785292075855465e-72,1.030694817922505e-67,1.0881829
Cycl,Ada,17.915322241070772,8.954907830314381e-72,1.185540247655321e-67,0.7135892
Cycl,Cbx5,17.897374873696975,1.2361288486365493e-71,1.6365109827099278e-67,0.7354089
Cycl,Rpa3,17.811349873652734,5.77012946490087e-71,7.639074398582262e-67,0.6419072
Cycl,Hjurp,17.799440497914777,7.1378411318328405e-71,9.449787874433498e-67,0.93915135
Cycl,Prdx5,17.729377658324733,2.487727431478603e-70,3.2935023465345225e-66,0.29038548
Cycl,Cdca5,17.70300985910857,3.9748446431814985e-70,5.262296823107986e-66,1.2115943
Cycl,Cenpf,17.66541580794697,7.744007646899938e-70,1.0252291723730828e-65,0.5794629
Cycl,H1f0,17.627477508076932,1.515805150392351e-69,2.0067744386044334e-65,0.73472625
Cycl,Suz12,17.606388402854584,2.2004493799317473e-69,2.9131749340916404e-65,0.7044424
Cycl,Rfc5,17.59858129083644,2.525721790961162e-69,3.3438030790534823e-65,0.810133
Cycl,Marcksl1,17.533859319892482,7.90193951411102e-69,1.046137772273158e-64,0.72099954
Cycl,Cenpk,17.521350462275787,9.846023276409225e-69,1.3035150215638172e-64,1.2202191
Cycl,Fignl1,17.45668550237009,3.062044630924652e-68,4.053840886881147e-64,1.1153402
Cycl,Ets1,17.4538316301275,3.2189666476867376e-68,4.261589944872472e-64,0.7619837
Cycl,Bub1b,17.40565794692466,7.47423199699713e-68,9.8951357408245e-64,0.9536029
Cycl,Lbr,17.303861747955292,4.398889703848092e-67,5.823690078924489e-63,0.66960174
Cycl,Brca1,17.19954076142807,2.6764428434658864e-66,3.543342680464487e-62,1.5186597
Cycl,Rflnb,17.165049155559757,4.850722098385285e-66,6.4218709860522795e-62,0.6794758
Cycl,Orc6,17.156173199847345,5.651710138901473e-66,7.48229905289166e-62,0.75181854
Cycl,Syce2,17.077643186638472,2.177377532210526e-65,2.8826301148935153e-61,0.74433494
Cycl,Lipg,17.04205398903056,4.004182946770889e-65,5.30113780322998e-61,1.0939813
Cycl,Mis18bp1,16.997239002794398,8.607983052995864e-65,1.1396108763861224e-60,1.0477451
Cycl,Nfyb,16.99423090724881,9.061100817414078e-65,1.1995991372174498e-60,0.78421307
Cycl,Kif20b,16.965897898064014,1.4683789970768293e-64,1.9439869542300142e-60,0.93467605
Cycl,Cyrib,16.917951052143714,3.317732605513396e-64,4.3923461964391847e-60,0.34980845
Cycl,Nin,16.9006222715324,4.4518363800119754e-64,5.893786183497854e-60,0.66591907
Cycl,Gsr,16.74874008939349,5.783827138445461e-63,7.657208748587946e-59,0.3053472
Cycl,Cotl1,16.70203441217042,1.2667111932246634e-62,1.6769989487101317e-58,0.56617975
Cycl,Usp1,16.695447886945963,1.4145369909130389e-62,1.872705522269772e-58,0.59543425
Cycl,Bub1,16.65923330083454,2.5932745801146687e-62,3.43323621661381e-58,1.330128
Cycl,Kif2c,16.643913428430295,3.349914687252618e-62,4.434952054453741e-58,1.162024
Cycl,Atad5,16.641130689483983,3.509286336023442e-62,4.645944180261435e-58,1.0922811
Cycl,Megf9,16.58229882250292,9.357959492525109e-62,1.2389002572153992e-57,1.1871495
Cycl,Nasp,16.53791539044238,1.95677459616543e-61,2.5905738878634127e-57,0.5811044
Cycl,Dhfr,16.493936182967534,4.0564105950962166e-61,5.370281986847881e-57,0.97863805
Cycl,Srsf3,16.486026112568307,4.623775730196334e-61,6.121416689206926e-57,0.33231544
Cycl,Nucks1,16.478748067121668,5.215367541701122e-61,6.904625088458116e-57,0.44802392
Cycl,Cd24a,16.35685384096745,3.886970518770646e-60,5.145960269800458e-56,0.5035616
Cycl,Gca,16.263334203889567,1.7968777819251157e-59,2.3788864954906608e-55,1.0150721
Cycl,Pmf1,16.258157923497986,1.955286520498953e-59,2.588603824488564e-55,0.6579268
Cycl,Calm2,16.25246996394896,2.1454377756825e-59,2.8403450712260617e-55,0.33101892
Cycl,Mcm3,16.224620005184576,3.3780165438088623e-59,4.472156102348553e-55,0.5711266
Cycl,Sorl1,16.177311375900263,7.290939922957243e-59,9.652475364003094e-55,0.9334463
Cycl,Ncaph2,16.095619607134807,2.7381655627059425e-58,3.6250573884663974e-54,0.60960436
Cycl,Cenpl,16.077839104682397,3.6488616153787644e-58,4.830727892599946e-54,1.1618435
Cycl,Rad51,16.007152096599295,1.13905480847861e-57,1.5079946609448317e-53,0.9863304
Cycl,Hmgb1,15.965246307264676,2.2315900288004623e-57,2.954402039128932e-53,0.3956399
Cycl,Tle5,15.903850004626875,5.958745404057088e-57,7.888783040431179e-53,0.39027393
Cycl,Pbrm1,15.898042965173453,6.537532151730496e-57,8.655038815676004e-53,0.5972574
Cycl,Cks1b,15.69677126493606,1.5913797412042061e-55,2.1068276393802486e-51,0.47988963
Cycl,Ccne1,15.656267124580491,3.010567113650538e-55,3.985689801761947e-51,1.468071
Cycl,Uhrf1,15.62454073906162,4.954787048038907e-55,6.559642572898709e-51,0.7802798
Cycl,Cdkn3,15.558711711612297,1.38865926934073e-54,1.8384460066801923e-50,0.7653433
Cycl,Anapc11,15.542313465134749,1.7938889015475505e-54,2.374929516758802e-50,0.46209627
Cycl,Rbbp8,15.527480617818336,2.2608924945564063e-54,2.993195573543226e-50,0.96142447
Cycl,Gltp,15.498013342995979,3.577850163298035e-54,4.736715831190269e-50,0.6062692
Cycl,Sass6,15.41938162684706,1.2125987681248365e-53,1.605359509120471e-49,1.1078972
Cycl,Chaf1a,15.411415464175578,1.371739822147658e-53,1.8160463505412845e-49,0.77212846
Cycl,Scp2,15.378089668152791,2.2962310802230544e-53,3.0399803271073017e-49,0.47465444
Cycl,Mcm6,15.312799289177587,6.280178008451568e-53,8.314327665389032e-49,0.55390143
Cycl,Itgb2l,15.290119480930167,8.89867412129115e-53,1.1780954669177354e-48,0.67919004
Cycl,Tubg1,15.255483238647017,1.5137022089947386e-52,2.0039903544881345e-48,0.93550456
Cycl,C5ar1,15.246012111184038,1.7500004016448988e-52,2.3168255317376816e-48,0.45851433
Cycl,Haus8,15.22199244197433,2.5271574240443645e-52,3.345703713692334e-48,0.9971782
Cycl,Bub3,15.21419027551116,2.847204286211771e-52,3.769413754515764e-48,0.42058772
Cycl,Cbx3,15.200594082003054,3.504285644472617e-52,4.6393237647172977e-48,0.45768577
Cycl,Lnpk,15.197330438853019,3.6832797303294855e-52,4.876294034983206e-48,0.77994597
Cycl,Ube2t,15.181153700325929,4.7141657176899466e-52,6.24108399364972e-48,0.9824159
Cycl,Dstn,15.15816001732451,6.691788055862677e-52,8.859258207156598e-48,0.29714012
Cycl,Cntln,15.120309206002196,1.189826093700022e-51,1.5752107654494591e-47,0.95239234
Cycl,Cenps,15.092911025988684,1.803084624228781e-51,2.387103734016483e-47,1.0150379
Cycl,Aurka,15.029798666053617,4.684272998379459e-51,6.201509022554566e-47,0.7923926
Cycl,Ncf1,14.999137331386468,7.437975839845604e-51,9.847136214371595e-47,0.46395552
Cycl,Serpina11,14.99194268720197,8.289270205949347e-51,1.097416482565634e-46,1.2947805
Cycl,Fam111a,14.973332526781538,1.0968444944201383e-50,1.4521124261628212e-46,0.621105
Cycl,Psip1,14.968301581692302,1.1830405842488235e-50,1.5662274294870175e-46,0.5355184
Cycl,Foxm1,14.962446670042274,1.2918775771031917e-50,1.7103167243269155e-46,1.5631368
Cycl,Spag5,14.960601890936436,1.3281932730605805e-50,1.7583950742049025e-46,1.2679181
Cycl,Nsmce4a,14.939656697511868,1.8190996238950691e-50,2.408305992074682e-46,0.45072863
Cycl,Ccne2,14.899489640139645,3.3210652665232807e-50,4.3967583063501715e-46,1.2956054
Cycl,H2ac20,14.886711511791601,4.020643513262485e-50,5.322929947208204e-46,1.5987523
Cycl,Iqgap3,14.802592846058527,1.4094302163388659e-49,1.8659446634110244e-45,1.3957095
Cycl,Cklf,14.774941652522436,2.1254118806694787e-49,2.813832788818323e-45,0.72111577
Cycl,Snrpd1,14.772464707405932,2.2049953907509216e-49,2.919193397815145e-45,0.3196118
Cycl,Mir223hg,14.767544597196371,2.371981301258823e-49,3.140266044736555e-45,0.61822104
Cycl,Syne1,14.748562794108356,3.1428647302866067e-49,4.1608386164264384e-45,0.5454169
Cycl,Olfm4,14.737193783962631,3.719208460029835e-49,4.923860080233498e-45,0.9672048
Cycl,Mogat2,14.636078485640956,1.653330662818232e-48,2.1888444645050573e-44,0.6624788
Cycl,Inhba,14.62044161560649,2.0804645756884417e-48,2.754327051753928e-44,0.8516638
Cycl,Tfdp1,14.617231615831459,2.180894810192382e-48,2.8872866392136946e-44,0.43147498
Cycl,Hnrnpa3,14.596485676940599,2.957000851109257e-48,3.914773426783545e-44,0.351578
Cycl,Cenpw,14.566823175763135,4.5663737769829574e-48,6.045422243347738e-44,0.50574064
Cycl,Hnrnpab,14.566426144980037,4.59298348302609e-48,6.080650833178241e-44,0.34524357
Cycl,Cenpu,14.532078967770206,7.588200860080228e-48,1.0046019118660214e-43,1.3000642
Cycl,Rfc4,14.470176743357312,1.8699106064148273e-47,2.47557465183259e-43,0.6627133
Cycl,Hat1,14.401603100272231,5.055707911764785e-47,6.6932517043853995e-43,0.7495451
Cycl,H3c3,14.390032770812724,5.976758676713802e-47,7.912630812101403e-43,1.8415527
Cycl,Baz1b,14.356987846845001,9.632350044775563e-47,1.2752268224278368e-42,0.63885146
Cycl,4930579G24Rik,14.354947151430872,9.920111779063324e-47,1.3133235984301935e-42,1.2215371
Cycl,Rfc2,14.302998432624943,2.0958135888548892e-46,2.774647610284988e-42,0.52459574
Cycl,Ttk,14.29573251747078,2.3264490166477145e-46,3.0799858531399094e-42,1.2873833
Cycl,Cenpp,14.294500235126696,2.367996115659204e-46,3.13499005752122e-42,0.96951854
Cycl,Arpp19,14.269562241569597,3.386980018118406e-46,4.484022845986958e-42,0.39664263
Cycl,Pold3,14.236813467553498,5.4140025725193125e-46,7.167598005758318e-42,0.7977554
Cycl,Brip1os,14.231186589009901,5.867761169226453e-46,7.768329011938901e-42,0.8285186
Cycl,Csrp1,14.128992304409197,2.51720488662681e-45,3.332527549405234e-41,0.65206754
Cycl,Lsm3,14.111818124452055,3.211890986579651e-45,4.2522224771327997e-41,0.46272114
Cycl,E2f7,14.051106606504883,7.583962633789342e-45,1.004040813087371e-40,1.6604583
Cycl,Ssrp1,14.042231099025617,8.596307604064628e-45,1.138065163702116e-40,0.37057853
Cycl,Sgo1,13.938366891730194,3.703169374626068e-44,4.902625935067451e-40,1.1301527
Cycl,Fcnb,13.92665794902877,4.362982969471943e-44,5.776153153283905e-40,1.1997111
Cycl,Ckap5,13.923500033842068,4.560146303976774e-44,6.037177691834852e-40,0.7431323
Cycl,Pgp,13.841964885107117,1.4226395678604144e-43,1.8834325238904028e-39,0.42901456
Cycl,Ranbp1,13.814356699806734,2.088112578722383e-43,2.764452242970563e-39,0.3094095
Cycl,Mgst2,13.77516169720887,3.595770883112164e-43,4.760441072152194e-39,0.36444175
Cycl,Cks2,13.713489357722672,8.430397588017988e-43,1.1161003366777014e-38,0.3215946
Cycl,Ssna1,13.68938887620325,1.1749326624538283e-42,1.5554933518226234e-38,0.32552826
Cycl,Rnaseh2c,13.664649185470408,1.6509750746245905e-42,2.1857259012954955e-38,0.34558696
Cycl,Sgms2,13.654223113687753,1.905102181588377e-42,2.522164778204852e-38,0.519034
Cycl,Rangap1,13.599518710489015,4.030771612017812e-42,5.336338537150381e-38,0.5580202
Cycl,Gtse1,13.593147370962742,4.3975534315999826e-42,5.821920988095217e-38,0.9647956
Cycl,Ulbp1,13.5575677653703,7.146676424805715e-42,9.461484918800287e-38,1.0230954
Cycl,Hprt1,13.462837491737014,2.5878424302314423e-41,3.4260445933834067e-37,0.38581038
Cycl,Rfc1,13.453830262864347,2.9232875530967135e-41,3.870140391544739e-37,0.53887707
Cycl,Pola1,13.430130532479955,4.027010484181019e-41,5.33135918000725e-37,1.1854249
Cycl,Elof1,13.38693982469272,7.209031920261464e-41,9.544037359234152e-37,0.5434006
Cycl,Cxcl10,13.341724990722309,1.3236089178813376e-40,1.7523258463831028e-36,1.7490656
Cycl,Cxcr4,13.246600140190736,4.721109812627857e-40,6.250277280938019e-36,0.5704374
Cycl,Rhno1,13.233989490336974,5.5842743733122734e-40,7.393020842828119e-36,0.98076713
Cycl,Cdk2,13.220077051790279,6.719507827834454e-40,8.895956413270033e-36,0.7057244
Cycl,Ces1d,13.203578047184157,8.366467948746166e-40,1.107636691734505e-35,0.711226
Cycl,Rfc3,13.179363947730353,1.1535929503708637e-39,1.5272417069959865e-35,0.9255805
Cycl,Rnf130,13.17633814451732,1.2007927959985483e-39,1.589729582622478e-35,0.27987492
Cycl,Actn4,13.168004894420472,1.3409449491682976e-39,1.775277018203909e-35,0.5301601
Cycl,Eri1,13.129561050967235,2.229450585030724e-39,2.9515696295221753e-35,0.73737377
Cycl,Psmb9,13.1165861923831,2.6458774476287622e-39,3.502877152915718e-35,0.47332847
Cycl,Cebpb,13.093698892603538,3.577523287395078e-39,4.736283080182344e-35,0.35343492
Cycl,Psmc3ip,12.994465518443754,1.315234017522022e-38,1.741238315797405e-34,0.8855314
Cycl,Ogfrl1,12.916491235720203,3.6333595824089454e-38,4.810204751151203e-34,0.45033255
Cycl,Poc1a,12.89952656699989,4.5287083764120654e-38,5.995557019531933e-34,0.94987774
Cycl,Pxylp1,12.885705245140771,5.417796987502088e-38,7.172621431754014e-34,0.6489086
Cycl,Septin7,12.839048215146244,9.908514072280952e-38,1.3117881780292753e-33,0.35879695
Cycl,Cep128,12.782140366038842,2.063126120083692e-37,2.7313726703787998e-33,0.8214073
Cycl,Skp2,12.763681774763644,2.6154083741801655e-37,3.462539146577121e-33,1.024301
Cycl,Clec12a,12.73040320657628,4.007642154373508e-37,5.305717448175087e-33,0.35139883
Cycl,Ube2e3,12.718665306978561,4.6574765414709e-37,6.166033193253325e-33,0.61197996
Cycl,Ect2,12.712002814872216,5.0718583188844264e-37,6.714633228371092e-33,0.93968
Cycl,Ceacam1,12.696602846251428,6.175258582453794e-37,8.175424837310578e-33,0.9349077
Cycl,Cdc25a,12.694242032392184,6.364311174899959e-37,8.425711564450056e-33,0.812175
Cycl,Agpat2,12.666100574634331,9.113319771688262e-37,1.206512404573809e-32,0.47356394
Cycl,Gtf2a2,12.64554344078618,1.1840301896481756e-36,1.5675375680752196e-32,0.43034953
Cycl,Lrr1,12.61394646760681,1.7690755288779766e-36,2.3420790926815532e-32,1.0875335
Cycl,Cd81,12.607630124209932,1.9167018798846635e-36,2.537521618779306e-32,0.25489497
Cycl,Slc40a1,12.600674668744805,2.093460961754603e-36,2.771532967266919e-32,0.7529676
Cycl,Wdr76,12.581112250908475,2.6822652057889584e-36,3.551050905944002e-32,1.1520053
Cycl,Knstrn,12.55663766046177,3.6553909938416206e-36,4.8393721367469215e-32,0.54523057
Cycl,H2bc14,12.525263395385435,5.431074889660227e-36,7.190200046421175e-32,1.6476967
Cycl,Nudt4,12.482241253287333,9.332223922020955e-36,1.2354931250363542e-31,0.49312666
Cycl,Tuba8,12.471904993440056,1.0625510097949502e-35,1.4067112818675346e-31,0.7569946
Cycl,Rbbp7,12.37274111379276,3.6707678874693864e-35,4.8597296062207205e-31,0.38775104
Cycl,Pcnt,12.366171894999656,3.9835879104509154e-35,5.273872034645967e-31,0.79624605
Cycl,Dlgap5,12.358547224636329,4.380008917948819e-35,5.798693806472442e-31,0.810596
Cycl,Dbf4,12.341356121231227,5.423462084023719e-35,7.180121453039001e-31,0.62388736
Cycl,BC055324,12.270392256402461,1.3061901155127555e-34,1.7292650939273372e-30,1.1138451
Cycl,Marcks,12.260034942586994,1.4843587084895687e-34,1.96514249416934e-30,0.4763776
Cycl,Dscc1,12.257497511602148,1.5315693487558814e-34,2.0276446608179113e-30,1.1220028
Cycl,Brca2,12.254597864820566,1.5873479633000197e-34,2.101489968612896e-30,1.0604249
Cycl,Srsf4,12.225476502335722,2.2724525700041207e-34,3.0084999574284554e-30,0.5482086
Cycl,Depdc1b,12.209762522406779,2.7569268373682237e-34,3.649895439991792e-30,1.2095125
Cycl,Raly,12.184786720669726,3.746321094590707e-34,4.9597544971286374e-30,0.37453124
Cycl,Nfic,12.177301399471123,4.106453797644845e-34,5.43653418270201e-30,0.54349333
Cycl,Mcm4,12.1456670167837,6.048728185930484e-34,8.007911245353368e-30,0.66095066
Cycl,Actn1,12.113595319986011,8.94840395124663e-34,1.1846791991055413e-29,0.50871456
Cycl,Pkmyt1,12.105328345746695,9.897255281827127e-34,1.3102976267610932e-29,1.0692608
Cycl,Prim2,12.104827558363413,9.957841870805216e-34,1.3183186852759026e-29,1.098196
Cycl,Cdca4,12.075248059027484,1.4273317002371072e-33,1.8896444379439064e-29,0.74857426
Cycl,Stag3,12.064991325585018,1.6167940965561916e-33,2.140473704430742e-29,1.4080245
Cycl,H2bc18,12.063695197922787,1.642448590618473e-33,2.1744376891197962e-29,1.6297798
Cycl,Fus,12.062205476344367,1.6724346894996625e-33,2.214136285428603e-29,0.3653257
Cycl,Haus5,12.032898316280878,2.3863385371271063e-33,3.159273589302576e-29,0.95487845
Cycl,Ticrr,12.029963794425134,2.4726917667402114e-33,3.2735966299873657e-29,1.4269714
Cycl,Depdc1a,12.024933432134874,2.627998193866411e-33,3.479206808859742e-29,1.1459236
Cycl,Myh9,12.00933463843484,3.173883350084546e-33,4.20190416717693e-29,0.26677334
Cycl,Ltb4r1,12.008323515941465,3.212923711049988e-33,4.253589701059079e-29,0.35584152
Cycl,Ppp1cc,11.996218460620673,3.7190360716124584e-33,4.9236318552077335e-29,0.30549252
Cycl,Kntc1,11.978132107913469,4.626299470265304e-33,6.124757868684236e-29,1.5551665
Cycl,Cmc2,11.917666364822198,9.575312368160095e-33,1.267675604420715e-28,0.3497866
Cycl,Samd1,11.88937038650897,1.3441602214542044e-32,1.779533717183221e-28,0.6566922
Cycl,Sp1,11.87476845487536,1.6007666892476156e-32,2.1192550198949183e-28,0.628992
Cycl,Oip5,11.870954631509427,1.675447862564599e-32,2.218125425249273e-28,1.0522783
Cycl,Srsf2,11.83913829437353,2.449567667127121e-32,3.2429826345095954e-28,0.2651701
Cycl,H2ac15,11.782390813387938,4.810884120926156e-32,6.369129487694138e-28,1.7564924
Cycl,Baz1a,11.732058388853078,8.730928047490052e-32,1.155887564207208e-27,0.35313398
Cycl,Irf2bp2,11.717569465681121,1.0360183918555673e-31,1.3715847489775857e-27,0.2963751
Cycl,Nelfe,11.70994057612596,1.133590412103513e-31,1.5007603465838409e-27,0.5585527
Cycl,Ppp1r2,11.707532669741209,1.16624157282436e-31,1.5439872182621701e-27,0.4464043
Cycl,H1f2,11.679571950464917,1.6210980774167124e-31,2.1461717446919856e-27,0.4931962
Cycl,2610020C07Rik,11.676336256682355,1.6839852952373415e-31,2.2294281323647164e-27,1.4937997
Cycl,Gfi1,11.660405080948202,2.0307395163557584e-31,2.6884960457033885e-27,0.4551221
Cycl,H3c6,11.651925986727502,2.243306394435255e-31,2.9699133355928344e-27,1.511368
Cycl,Ska2,11.621891401726405,3.1899484735302106e-31,4.223172784106646e-27,1.0606503
Cycl,Rock2,11.6208486054421,3.2291273628486646e-31,4.275041715675347e-27,0.57015085
Cycl,Scaf11,11.613454024932192,3.5209939310298195e-31,4.661443865290378e-27,0.33524942
Cycl,Ptgs1,11.606543873975786,3.8173513988799977e-31,5.053791516977229e-27,0.7376232
Cycl,Fancd2,11.598015487241712,4.217447487203747e-31,5.583478728309041e-27,1.2873545
Cycl,Lin9,11.570934500371182,5.784912233040856e-31,7.65864530532279e-27,1.078907
Cycl,Cep57,11.56869711232201,5.937748084874943e-31,7.860984689565937e-27,0.65301275
Cycl,Oip5os1,11.54697151656469,7.646770276084401e-31,1.0123559168508139e-26,0.3834742
Cycl,Cenpx,11.543712166841035,7.942212610441353e-31,1.0514695274963308e-26,0.2984715
Cycl,Rad54l,11.529677239270248,9.349356284742764e-31,1.2377612785370945e-26,1.1254184
Cycl,Id2,11.507294184514846,1.2122235050515955e-30,1.6048626983378075e-26,0.47786295
Cycl,Mis18a,11.504588697600513,1.2508423043663724e-30,1.6559901267506403e-26,0.6410062
Cycl,H2ac10,11.479871965918926,1.665269339014627e-30,2.2046500779214648e-26,2.324275
Cycl,Rif1,11.479230634116057,1.677666981480051e-30,2.2210633167814393e-26,0.5793602
Cycl,Cenpa,11.401673052935953,4.101600737281423e-30,5.430109216086876e-26,0.28225
Cycl,Kifc1,11.393226161974761,4.519405514624007e-30,5.983240960810723e-26,1.2549586
Cycl,Arhgap19,11.371629542858402,5.789648415144104e-30,7.664915536809279e-26,0.8446641
Cycl,U2af1,11.34573946980492,7.786519913561267e-30,1.0308573713563761e-25,0.25943065
Cycl,Ncam1,11.341634165600789,8.160617104526618e-30,1.0803840984682788e-25,0.4777948
Cycl,Rfwd3,11.327538338556074,9.586109507062911e-30,1.269105037640059e-25,0.84496117
Cycl,Myg1,11.304290545856661,1.2496001198807167e-29,1.6543455987100809e-25,0.48077583
Cycl,Vcl,11.303254090911004,1.2644405302441657e-29,1.673992817990251e-25,0.59765995
Cycl,Zfp91,11.298521935040569,1.3344506999441034e-29,1.7666792816559985e-25,0.36007658
Cycl,Arhgap11a,11.271990504681598,1.8044379713097863e-29,2.3888954302170263e-25,0.7927284
Cycl,Ywhah,11.260452733836821,2.0569922042639988e-29,2.723251979225108e-25,0.25747454
Cycl,Med30,11.255715923607095,2.1705630102999473e-29,2.8736083693361004e-25,0.3508144
Cycl,Mthfd2,11.238423450842697,2.6405582173658114e-29,3.4958350239705977e-25,0.49801862
Cycl,Cenpn,11.23601698335282,2.713510631606464e-29,3.5924167251837977e-25,1.0444965
Cycl,Lsm2,11.231413974528664,2.8586675449810814e-29,3.7845899628004537e-25,0.32690454
Cycl,Ckap4,11.206380110930006,3.793940685416044e-29,5.0227980734223e-25,0.25938487
Cycl,Bacc1,11.190220689943404,4.552990025630209e-29,6.027703494931833e-25,0.44156906
Cycl,Arrb2,11.175660555840953,5.364972447628959e-29,7.102687023415979e-25,0.30942407
Cycl,H4c9,11.173746562511642,5.481880440810316e-29,7.257461515588778e-25,0.9101423
Cycl,Lta4h,11.131447060483996,8.819203914553725e-29,1.1675744062477677e-24,0.25251842
Cycl,Blm,11.126844983740822,9.286445686207821e-29,1.2294325443970533e-24,0.8807864
Cycl,Stk39,11.078432217975315,1.5964344522288282e-28,2.1135195713057455e-24,1.2828782
Cycl,Anapc5,11.073986851165152,1.6776693557778443e-28,2.221066460114288e-24,0.28300738
Cycl,Traip,11.057494679984332,2.0165146693427633e-28,2.669663770742884e-24,0.92641187
Cycl,Nrg4,11.055331248439977,2.065728599531026e-28,2.7348180929191254e-24,0.60742813
Cycl,Nsmce1,11.041380386096868,2.4129737507932442e-28,3.194535948675176e-24,0.4583915
Cycl,Lmnb2,11.037490137879143,2.519732860057252e-28,3.3358743334297964e-24,0.7564968
Cycl,Trir,11.009363299825637,3.444291467725057e-28,4.559897474121203e-24,0.27094364
Cycl,Rnaseh2b,11.006153688895521,3.5691796782137114e-28,4.725236975987133e-24,0.5016078
Cycl,Hmgn5,10.995698670209999,4.0079743275418937e-28,5.306157212232713e-24,0.44950002
Cycl,Ercc6l,10.98227192144715,4.650778823043545e-28,6.157166083827349e-24,1.2386823
Cycl,Ino80d,10.978744916582647,4.835957223568058e-28,6.4023237682817526e-24,0.5269743
Cycl,Supt16,10.943168075813153,7.165151179469538e-28,9.485943646499722e-24,0.39115453
Cycl,Ift27,10.936913371975413,7.676919989448939e-28,1.016347437403145e-23,0.3843611
Cycl,Donson,10.925901656777812,8.667523601118317e-28,1.1474934495520539e-23,1.2608933
Cycl,Rpa1,10.924243526500046,8.827286346364254e-28,1.1686444393951636e-23,0.55996954
Cycl,Lsm6,10.91587942470865,9.678798306273778e-28,1.2813761077675855e-23,0.2555151
Cycl,Rdx,10.882058334008907,1.4035723245653985e-27,1.858189400492131e-23,0.370023
Cycl,Id1,10.880351089275665,1.4301107375891204e-27,1.8933236054942364e-23,0.5495865
Cycl,Tnfrsf18,10.833612765904874,2.385535919709387e-27,3.1582110041032576e-23,0.40385097
Cycl,Hspa14,10.823414539576657,2.6665401586357934e-27,3.530232516017927e-23,0.46506703
Cycl,Pold1,10.821372011211386,2.7266465797010385e-27,3.609807406866205e-23,0.749073
Cycl,Sp3,10.810607266291699,3.0663342608636878e-27,4.059519927957436e-23,0.5716348
Cycl,Sp140,10.807847576349666,3.1599747183067153e-27,4.1834905295662605e-23,0.35924703
Cycl,Ccnb1,10.783517386586858,4.118304768578683e-27,5.452223683121318e-23,0.26977593
Cycl,Cdk5rap2,10.769886442859615,4.775898795892364e-27,6.3228124158819e-23,1.086709
Cycl,G6pdx,10.767488240982802,4.901918643185353e-27,6.489650091713089e-23,0.41778177
Cycl,Diaph3,10.747356825723084,6.0984168117556456e-27,8.073694017083299e-23,1.0795689
Cycl,Cldn15,10.73018699128637,7.344739923641219e-27,9.72370118490861e-23,0.48250663
Cycl,Dgat2,10.708741922725897,9.26117775706698e-27,1.2260873232580974e-22,0.65626526
Cycl,Ctdspl2,10.68972580550454,1.1370663613623782e-26,1.5053621558076525e-22,0.74128747
Cycl,Dhrs3,10.669204148026466,1.418359883575625e-26,1.87776664986577e-22,0.5357566
Cycl,Ppm1m,10.66123466881411,1.545321657376106e-26,2.0458513422002265e-22,0.5474395
Cycl,Plp2,10.646671191380268,1.8071202405677907e-26,2.392446486487698e-22,0.3727069
Cycl,Cdc7,10.6260019272886,2.2557672125822223e-26,2.9864102127376043e-22,1.1643834
Cycl,Ak2,10.608516128600872,2.720349368814405e-26,3.6014705293733905e-22,0.36825976
Cycl,Adpgk,10.594455277142771,3.1617634522411214e-26,4.1858586344220207e-22,0.43608975
Cycl,BC030867,10.585550352054643,3.4773121357225515e-26,4.603613536483086e-22,1.0944011
Cycl,H2bc11,10.570408412024046,4.0871082733894856e-26,5.41092264314034e-22,1.2959268
Cycl,Ubc,10.550893668476455,5.031621127192031e-26,6.66136321028953e-22,0.31612146
Cycl,Rad23a,10.547029894941073,5.242827691418379e-26,6.940979580668792e-22,0.5120148
Cycl,Smchd1,10.538614102370392,5.733760988289805e-26,7.590926172396872e-22,0.510201
Cycl,Kif18b,10.523230875695397,6.751784156555583e-26,8.938687044863936e-22,1.0097814
Cycl,Gen1,10.487970011738815,9.811365816347906e-26,1.2989267204262993e-21,1.2496309
Cycl,Cnot6,10.472902772075004,1.1505961957405416e-25,1.523274303540903e-21,0.5387862
Cycl,Stil,10.431359389699752,1.7831868222063555e-25,2.360761033918994e-21,1.3848104
Cycl,Sptssa,10.416884560198497,2.076437398015896e-25,2.748995471233245e-21,0.27316213
Cycl,Cbx1,10.388092604429525,2.8091458896655508e-25,3.719028243328223e-21,0.47790173
Cycl,Rab24,10.381509993924881,3.00976562536584e-25,3.984628711421835e-21,0.38689604
Cycl,Kif14,10.379731237856896,3.0663720304295547e-25,4.059569931085687e-21,1.266747
Cycl,Pcgf5,10.35971913645612,3.7807055062035536e-25,5.0052760196628844e-21,0.43483534
Cycl,Neto2,10.33364458132867,4.963796288837463e-25,6.571569906791917e-21,1.3308182
Cycl,Stag2,10.331631063023751,5.069119650080935e-25,6.7110075047421505e-21,0.56844944
Cycl,Syngr4,10.326580133957139,5.34316929765989e-25,7.073821833171928e-21,1.8880863
Cycl,Cystm1,10.310348832816178,6.327124502025741e-25,8.376480128231878e-21,0.33340093
Cycl,Slc25a10,10.307842054589878,6.494315599874482e-25,8.597824422673827e-21,0.87439966
Cycl,Spdl1,10.29853943695748,7.153920595691774e-25,9.471075476636339e-21,0.8577025
Cycl,Mbnl3,10.218734417784109,1.6346099800869243e-24,2.164060152637079e-20,0.73995817
Cycl,Ppp1r12a,10.202438808930879,1.93355188502149e-24,2.5598293405799505e-20,0.35840496
Cycl,Cmtm4,10.2005697889438,1.971126741763724e-24,2.6095746934209945e-20,1.051136
Cycl,Dach1,10.189402734457612,2.2111848762124208e-24,2.927387657617624e-20,0.6110131
Cycl,Lsm8,10.17906849850358,2.4590395630160094e-24,3.255522477476895e-20,0.34086093
Cycl,Nono,10.167239223960218,2.7766723630657458e-24,3.676036541462741e-20,0.31252545
Cycl,Stub1,10.160569654432301,2.973340767634625e-24,3.93640584227148e-20,0.33329862
Cycl,Mybl2,10.145955510843766,3.453817326796354e-24,4.572508758945693e-20,0.7083603
Cycl,Ccdc82,10.116994682926155,4.6445818096589186e-24,6.148961857807443e-20,0.9164572
Cycl,Metrn,10.10625006628109,5.183028865673112e-24,6.861811915264632e-20,0.48923996
Cycl,Pole,10.09983171630605,5.5337066486083566e-24,7.326074232092604e-20,1.0125017
Cycl,Espl1,10.097221291556853,5.6829642560777154e-24,7.523676378621288e-20,0.9845953
Cycl,Rell1,10.068113162094912,7.643023844207946e-24,1.01185992673469e-19,0.6715622
Cycl,Ccp110,10.054013350754927,8.82004895540536e-24,1.1676862812061155e-19,1.2345252
Cycl,Smarca5,10.031270912503011,1.1107753145218383e-23,1.4705554388954616e-19,0.3385625
Cycl,Chtf18,10.013412763580662,1.3308086028204008e-23,1.7618575092739288e-19,1.2165027
Cycl,Scnn1a,10.013298314915652,1.3323495424287692e-23,1.7638975592214476e-19,0.30997574
Cycl,Cpne3,10.013121288516864,1.33473651113552e-23,1.767057667092315e-19,0.49960262
Cycl,Optn,10.012468107734048,1.3435804944725615e-23,1.778766216632224e-19,1.1290939
Cycl,Brd8,9.978982736321463,1.883882267089868e-23,2.4940717334002764e-19,0.5737824
Cycl,Cgas,9.974539571113317,1.9701307344103974e-23,2.608256079285925e-19,1.0069447
Cycl,Gins2,9.958096950333715,2.3246987315593398e-23,3.07766865071141e-19,0.6221657
Cycl,Fmr1,9.953012165247298,2.4466340793600467e-23,3.239098857664766e-19,0.5967414
Cycl,Rbmx2,9.946738534892162,2.6058357782099414e-23,3.4498659867721413e-19,0.8186481
Cycl,Sp100,9.946334192557863,2.6164413577910115e-23,3.46390671357952e-19,0.38459316
Cycl,Srrm1,9.93592967216446,2.904537806228328e-23,3.845317601665684e-19,0.2857595
Cycl,Hnrnpul1,9.849266623589296,6.904593498833666e-23,9.14099133310589e-19,0.39769495
Cycl,Sfmbt1,9.83187181749705,8.207879574644942e-23,1.0866411768872438e-18,0.83759737
Cycl,Stag1,9.816970669393717,9.516019141543647e-23,1.2598257741489634e-18,0.66984904
Cycl,Gchfr,9.814263388663083,9.7749266232291e-23,1.2941025356493005e-18,0.5786762
Cycl,Arl6ip1,9.801922795810613,1.1046256517476674e-22,1.4624139003487369e-18,0.25199497
Cycl,Trip13,9.800817614743243,1.116779742060614e-22,1.478504700514047e-18,0.7306633
Cycl,Kif20a,9.794088586436414,1.1936905969208941e-22,1.5803269812635718e-18,0.6331943
Cycl,Pde4d,9.771410115139487,1.4935857432883186e-22,1.977358165539405e-18,0.4176904
Cycl,Trim59,9.756648754875776,1.7277012455430597e-22,2.287303678974457e-18,0.7562704
Cycl,Mtfr2,9.735600817979545,2.1255784101803344e-22,2.814053257237745e-18,1.2929463
Cycl,Eme1,9.730195523619761,2.241616709556789e-22,2.9676763617822332e-18,1.0662227
Cycl,Fam221a,9.69126714392505,3.284282971863198e-22,4.348062226449687e-18,1.4570277
Cycl,Kmt5a,9.687820913737927,3.396988204452133e-22,4.497272683874179e-18,0.3505773
Cycl,Cyfip2,9.685721395030528,3.467518206221751e-22,4.590647353216976e-18,0.41699886
Cycl,Stk26,9.674687651960339,3.86269341518331e-22,5.1138198123611845e-18,0.47702116
Cycl,Atrx,9.64999142946675,4.915983806186841e-22,6.508270961010759e-18,0.33202943
Cycl,Cirbp,9.623720250327178,6.349231637385883e-22,8.40574776473517e-18,0.44291714
Cycl,Ppp2cb,9.619597954519179,6.608897025899311e-22,8.749518772588098e-18,0.3722597
Cycl,Tuba1c,9.598341624063046,8.124099057296089e-22,1.0755494741954292e-17,0.525937
Cycl,Galns,9.597188662602308,8.215464898709844e-22,1.0876453979401962e-17,0.56801105
Cycl,Uba2,9.581986988487206,9.519559901949331e-22,1.260294535419072e-17,0.34493303
Cycl,Rad50,9.580694663670233,9.639439007266377e-22,1.2761653301719956e-17,0.46603477
Cycl,Taf1,9.57153621885673,1.0532880254072705e-21,1.3944480168366853e-17,0.64576316
Cycl,Rpa2,9.567221314988268,1.0981744731016178e-21,1.453873184939232e-17,0.40192175
Cycl,Luc7l2,9.526828041960135,1.6216232756609701e-21,2.1468670546475583e-17,0.2604459
Cycl,Cbfb,9.517965575135856,1.7660242130190657e-21,2.338039455615941e-17,0.5688957
Cycl,H2bc3,9.504623820865286,2.0077234583977946e-21,2.6580250865728402e-17,1.6798267
Cycl,Zwilch,9.503684655947204,2.025920532287909e-21,2.6821161926959625e-17,0.85892606
Cycl,Cntrl,9.501943597180402,2.060087596057979e-21,2.7273499684211586e-17,0.46158236
Cycl,Nup107,9.485996906333101,2.4007716874840724e-21,3.1783816370601633e-17,0.70013
Cycl,Smarcc2,9.472264647039681,2.73841203359332e-21,3.625383691274196e-17,0.61353326
Cycl,Mfsd14b,9.44873953180819,3.429352873725057e-21,4.540120269524603e-17,0.44744444
Cycl,Nup62,9.44736690311813,3.474610689644361e-21,4.6000370920201694e-17,0.4552102
Cycl,Rab28,9.446876904121044,3.4909094396403386e-21,4.6216150071398444e-17,0.48308367
Cycl,Fmnl3,9.444788030316438,3.561243853797815e-21,4.7147307380429275e-17,0.87965274
Cycl,Ankle1,9.442062796772412,3.655116144153883e-21,4.839008263245326e-17,1.5915451
Cycl,R3hdm4,9.441370212675507,3.6793600789703356e-21,4.871104808548827e-17,0.2608277
Cycl,Padi4,9.44120277422075,3.685245103730146e-21,4.87889599282834e-17,0.3109132
Cycl,Dleu2,9.428629524061021,4.154818905657229e-21,5.500564749199606e-17,0.6336458
Cycl,Hacd2,9.420268388236435,4.4993645625809486e-21,5.956708744400917e-17,0.44586527
Cycl,Tssc4,9.408856803930385,5.015622037652387e-21,6.640182015647995e-17,0.43340057
Cycl,Slk,9.399899980310941,5.4614963321240205e-21,7.230474994098991e-17,0.45766318
Cycl,1700020L24Rik,9.398522146647455,5.5334793809310954e-21,7.325773352414678e-17,0.35307178
Cycl,Nsl1,9.389084726286521,6.052389411359287e-21,8.01275834169856e-17,1.248102
Cycl,Hsd11b1,9.384966957283927,6.2936171793172374e-21,8.33211978369809e-17,0.42345604
Cycl,Mcm10,9.376862902623428,6.796479148400506e-21,8.99785874456743e-17,0.98572445
Cycl,Iws1,9.339878201756463,9.64449994537086e-21,1.276835347767648e-16,0.6186942
Cycl,Aarsd1,9.318904129706187,1.1754808300390523e-20,1.5562190708887013e-16,0.36782563
Cycl,Pask,9.315501409462643,1.2137786649009747e-20,1.6069215744624005e-16,1.4189436
Cycl,Sclt1,9.30155077258782,1.3841194607594375e-20,1.8324357540994194e-16,0.80855227
Cycl,E2f2,9.29385647445759,1.4879701816739586e-20,1.9699237235181538e-16,0.67638063
Cycl,Haus4,9.28644347334852,1.5952990784848994e-20,2.1120164500061584e-16,0.73456717
Cycl,Naa40,9.286252517036415,1.5981626524513327e-20,2.1158075355803192e-16,0.76108754
Cycl,Nup133,9.244220015990322,2.3696262762220237e-20,3.1371482270903374e-16,0.78593683
Cycl,Sae1,9.221570348367138,2.927804918962916e-20,3.876120932215005e-16,0.26710552
Cycl,Cep19,9.214307111541919,3.132951229511838e-20,4.147714132750723e-16,0.29900253
Cycl,Rnps1,9.213276609787497,3.1631856134376813e-20,4.187741433630146e-16,0.33338043
Cycl,Cep295,9.187457275240394,4.022367331526499e-20,5.325212110207932e-16,0.7461544
Cycl,Mcm2,9.176479130566632,4.454168500477867e-20,5.896873677782648e-16,0.47363782
Cycl,Casp8ap2,9.162483157690671,5.0716603753017246e-20,6.714371170861953e-16,0.5279111
Cycl,Tnrc6b,9.136741142982473,6.436260096462966e-20,8.520964741707321e-16,0.38224232
Cycl,Rad54b,9.13303379393738,6.660606268502757e-20,8.817976638870799e-16,1.6114283
Cycl,Taf5,9.123609967189847,7.266270760177453e-20,9.61981585939893e-16,0.6774198
Cycl,Haspin,9.122020161172223,7.373680818030934e-20,9.762016034991153e-16,1.0791068
Cycl,Senp1,9.103879476133057,8.716149161182219e-20,1.153930987448914e-15,0.4912809
Cycl,Pak2,9.10201546686024,8.867080604401767e-20,1.17391280121675e-15,0.31976855
Cycl,Pank2,9.097948973712482,9.20537268411224e-20,1.2186992896496195e-15,0.5308132
Cycl,Tmx4,9.053716002124125,1.381839018544422e-19,1.8294166766509603e-15,0.35362482
Cycl,Tesc,9.034268690863652,1.651026548697311e-19,2.18579404782037e-15,0.9437823
Cycl,Ly6i,9.023874017421926,1.8155275499035415e-19,2.4035769233172986e-15,0.47869575
Cycl,Ing1,9.000904958121554,2.238646847498996e-19,2.963744561403921e-15,0.3808173
Cycl,Rapgef6,8.994875067851703,2.365010391505533e-19,3.1310372573141753e-15,0.47857583
Cycl,Mms22l,8.924180717737435,4.490102401471007e-19,5.9444465693074665e-15,0.6856934
Cycl,Cenpc1,8.913844046726679,4.929314312893091e-19,6.525919218839164e-15,0.71545005
Cycl,Tpm3,8.905366630599671,5.320989215593488e-19,7.044457622524219e-15,0.28634876
Cycl,Nup50,8.896877290487748,5.743994854867392e-19,7.604474788358942e-15,0.3769162
Cycl,Pcif1,8.891206757370345,6.04487783854546e-19,8.002813770450334e-15,0.4009706
Cycl,Phf10,8.879344719159976,6.725537983125642e-19,8.903939735860037e-15,0.354461
Cycl,Tmem248,8.872811174126978,7.132220808715205e-19,9.44234712865806e-15,0.27330706
Cycl,Acat1,8.869155349587526,7.370279756773642e-19,9.757513369992625e-15,0.34661418
Cycl,Bard1,8.866763846562241,7.530237911623274e-19,9.969281971198052e-15,1.261914
Cycl,Mapre1,8.855339132178155,8.342976198849588e-19,1.104526618965697e-14,0.31056827
Cycl,Acsl1,8.84490706225943,9.160452004084984e-19,1.2127522408208111e-14,0.39727545
Cycl,Rdh12,8.837117965156537,9.821941618784252e-19,1.300326850910847e-14,0.65649176
Cycl,Fanci,8.824755057942747,1.0969964417754978e-18,1.4523135892665816e-14,1.1713326
Cycl,Acap2,8.815113477088705,1.1956389792410404e-18,1.5829064446172135e-14,0.64009786
Cycl,Hnrnpr,8.81350404517865,1.212937316695404e-18,1.6058077135730453e-14,0.3244261
Cycl,Rad18,8.770933604862108,1.7719091129189043e-18,2.3458304745933374e-14,0.6910881
Cycl,H3c4,8.755202319282095,2.0373767904318033e-18,2.6972831328526642e-14,1.2028418
Cycl,Phip,8.746604030723017,2.198695684354171e-18,2.9108532165164875e-14,0.46786726
Cycl,Slfn9,8.722188136437914,2.7287643410270834e-18,3.6126111110857556e-14,1.1330931
Cycl,Trmt2b,8.714584048907364,2.918281380460636e-18,3.863512719591836e-14,0.70508885
Cycl,Foxd2os,8.713021545692675,2.958803885853541e-18,3.917160464481503e-14,1.0426543
Cycl,Pals2,8.68831681798341,3.6784875357480054e-18,4.869949648576784e-14,0.31700957
Cycl,Morc3,8.668039776943848,4.396231575503501e-18,5.820170982809085e-14,0.43146855
Cycl,E2f1,8.648543825306481,5.2160720811502686e-18,6.90555782823484e-14,0.71170235
Cycl,Tbc1d8,8.647333352272735,5.271680528948045e-18,6.979177852274317e-14,0.60447526
Cycl,Nfatc2ip,8.635133916308206,5.8658279507298666e-18,7.765769623971271e-14,0.96370435
Cycl,Smc5,8.610829889965016,7.253355389790686e-18,9.60271720054389e-14,0.71087897
Cycl,Ilf2,8.59131736068875,8.597779194304516e-18,1.1382599875339749e-13,0.30860665
Cycl,Ska3,8.588260973359427,8.829553317648004e-18,1.1689445637234192e-13,0.9803841
Cycl,Vrk1,8.58178719317472,9.341033182882903e-18,1.2366593830818676e-13,0.34480408
Cycl,Cep192,8.569446573717986,1.0398354926426147e-17,1.3766382087095576e-13,0.6258328
Cycl,Ptbp3,8.562510701337752,1.104357871761878e-17,1.4620593864255503e-13,0.26865774
Cycl,Kif18a,8.510041393694811,1.738712715142978e-17,2.3018817635777887e-13,0.8748548
Cycl,Gins4,8.493552633769356,2.0041464637521147e-17,2.653289503361425e-13,0.4813137
Cycl,Cchcr1,8.493544705374244,2.0042832502581778e-17,2.6534705950168015e-13,1.149442
Cycl,Mis12,8.489959223079747,2.0670961588668533e-17,2.736628604723827e-13,0.7637235
Cycl,Ccng2,8.48364281910907,2.1825103782864107e-17,2.889425489813379e-13,0.7578049
Cycl,Med31,8.463874426085262,2.5863830246254792e-17,3.424112486301672e-13,0.34642088
Cycl,Aspm,8.42950167915455,3.4714029575058906e-17,4.595790375442049e-13,0.68169713
Cycl,Wdhd1,8.428638277469373,3.4971076049598067e-17,4.629820758206288e-13,0.74057364
Cycl,Fancm,8.383699608187044,5.12895846481518e-17,6.790228111568817e-13,0.9050653
Cycl,Hmgxb4,8.372624234678499,5.634906668155597e-17,7.460052937971196e-13,0.43848342
Cycl,Rev1,8.365487965088223,5.986664125339592e-17,7.925744635537086e-13,0.4764495
Cycl,Phf20l1,8.326693698226682,8.313147109977859e-17,1.1005775458899687e-12,0.36641493
Cycl,Hnrnpll,8.302987979773322,1.0152515104711536e-16,1.3440914747127601e-12,0.41812438
Cycl,Jdp2,8.302249280332225,1.0215857481438599e-16,1.352477371967656e-12,0.56117415
Cycl,Abca13,8.30016233511431,1.0396923190609968e-16,1.3764486612048536e-12,0.65501595
Cycl,Wapl,8.298379583303836,1.0554100279008274e-16,1.3972573359379055e-12,0.35431883
Cycl,Trappc5,8.293429514025936,1.100291488711784e-16,1.456675901905531e-12,0.34375155
Cycl,Trem3,8.246164085708346,1.6356004362595498e-16,2.165371417564018e-12,0.27718303
Cycl,Pknox1,8.245280568564455,1.6477313783144813e-16,2.1814315717505418e-12,0.6613047
Cycl,Mastl,8.239193262010152,1.7337569420066105e-16,2.2953208155225515e-12,1.2490625
Cycl,Stfa1,8.23909380670773,1.7351985802202336e-16,2.297229400353567e-12,1.4731632
Cycl,Rtkn2,8.223944389414282,1.9691742583215448e-16,2.6069898005918932e-12,1.472549
Cycl,Stat1,8.207744099942452,2.253829283395897e-16,2.983844588287828e-12,0.54075277
Cycl,Hnrnpul2,8.203154436755007,2.341600721942229e-16,3.100045195779317e-12,0.3091526
Cycl,Xpo1,8.198720613159045,2.429588558795951e-16,3.2165322929899597e-12,0.45231974
Cycl,Srpk2,8.195802144677776,2.48927504041428e-16,3.295551226004465e-12,0.32730436
Cycl,Cenpi,8.148005644672425,3.6997508929636457e-16,4.898100207194571e-12,1.0466292
Cycl,Stim1,8.142969728899073,3.856987190053101e-16,5.1062653409113005e-12,0.44934684
Cycl,Trim27,8.118394934651592,4.723894088963999e-16,6.253963384379439e-12,0.31962466
Cycl,Ccdc18,8.100442337860654,5.475971403508534e-16,7.249638541104948e-12,0.8727777
Cycl,Yeats4,8.088097554851664,6.060385808605446e-16,8.02334477201275e-12,0.29332763
Cycl,Gng11,8.071662923634358,6.934710588934935e-16,9.180863348690961e-12,0.40763825
Cycl,Mapk3,8.054768230699665,7.962954991719871e-16,1.0542156113537937e-11,0.26553223
Cycl,Kras,8.043046951509737,8.763173209624632e-16,1.160156501222205e-11,0.3808358
Cycl,Polh,8.030889219064933,9.67687032780814e-16,1.2811208626985197e-11,1.0365872
Cycl,Fancg,8.025095009528275,1.0144739756948064e-15,1.343062096422354e-11,0.82015514
Cycl,Tubb6,8.00538494807873,1.1909353165764234e-15,1.576679265615527e-11,0.8353164
Cycl,Msra,7.985920627547995,1.394774131134195e-15,1.8465414722085607e-11,0.29488
Cycl,Snx11,7.984825307234102,1.4072144697925696e-15,1.863011236558383e-11,0.39919025
Cycl,Septin5,7.971970792705749,1.5616371823961271e-15,2.0674514657742328e-11,1.0943382
Cycl,Rbms1,7.949741127155272,1.8690165952200768e-15,2.4743910704118596e-11,0.36476892
Cycl,Slc22a15,7.9474348582286085,1.9041307499988426e-15,2.5208786999234677e-11,0.5295416
Cycl,Tbc1d10b,7.94467921269949,1.946939615745484e-15,2.5775533572854463e-11,0.44697952
Cycl,Fuom,7.9345165646849685,2.1131681766747327e-15,2.7976233490996786e-11,0.47537863
Cycl,Pde2a,7.934322383965295,2.1164767362912235e-15,2.8020035511759508e-11,0.3877614
Cycl,Arhgap4,7.91931517797176,2.3882227116073825e-15,3.1617680478970133e-11,0.6612122
Cycl,Nedd1,7.893988166007222,2.926799320588255e-15,3.874789620526791e-11,0.64438057
Cycl,Lsp1,7.891502001443647,2.9857104211274645e-15,3.9527820265306504e-11,0.42207384
Cycl,Wdr90,7.889126768997749,3.043082869689648e-15,4.028737411182125e-11,1.0884635
Cycl,Bora,7.877144261622329,3.3494811723481355e-15,4.434378124071697e-11,0.5191437
Cycl,Rock1,7.862311408721695,3.771090857114694e-15,4.992547185734143e-11,0.26730552
Cycl,Cip2a,7.858661369680707,3.882603002510032e-15,5.140178115023032e-11,0.8457196
Cycl,Bckdk,7.854589221110364,4.010844764522609e-15,5.309957383751482e-11,0.27564842
Cycl,Ndc1,7.833948112027735,4.727839571559535e-15,6.259186808787668e-11,0.5423728
Cycl,Sla,7.824660767637321,5.090276471223935e-15,6.739017020253368e-11,0.46620786
Cycl,Bcl2l11,7.750476469957674,9.154838283960122e-15,1.2120090404134805e-10,0.8333938
Cycl,Oser1,7.745761549504226,9.501066337745907e-15,1.2578461724541805e-10,0.49047828
Cycl,Efcab11,7.745366560866894,9.530649515437063e-15,1.2617626893487127e-10,1.1066704
Cycl,Cyth2,7.723114083839045,1.1352148245906186e-14,1.50291090627552e-10,0.45209706
Cycl,Mxi1,7.723024287253023,1.1360151737675681e-14,1.5039704885508834e-10,0.32621726
Cycl,Nr2c2,7.71954738656028,1.1674351312306112e-14,1.545567370236206e-10,0.5358094
Cycl,Ppp3ca,7.712892241655956,1.229979368041301e-14,1.6283696853498783e-10,0.29138172
Cycl,Lyst,7.706765699301358,1.2904640720631445e-14,1.708445385004397e-10,0.35672474
Cycl,Atf1,7.7050388094033195,1.3080353295625204e-14,1.7317079728078206e-10,0.25525454
Cycl,Ptpn7,7.695802123113775,1.4060926971577636e-14,1.8615261217671631e-10,0.33401144
Cycl,Sin3a,7.692084133138573,1.4475737279174387e-14,1.916442858389897e-10,0.5933441
Cycl,Smarcc1,7.665775292726588,1.777541606077761e-14,2.353287332286348e-10,0.3152988
Cycl,Cnih4,7.649620602828064,2.01573147226637e-14,2.668626896133447e-10,0.3417964
Cycl,Pcm1,7.642007412491018,2.1386086255574514e-14,2.83130395937551e-10,0.3941875
Cycl,H3c7,7.611122250839368,2.717260555801123e-14,3.597381249825107e-10,1.615736
Cycl,Srsf10,7.592174592451882,3.14580747345567e-14,4.164734514107961e-10,0.2952359
Cycl,Nsd3,7.586193501660757,3.2944032952630824e-14,4.361460522598795e-10,0.37387592
Cycl,Aggf1,7.573969887114427,3.619883570911511e-14,4.79236385952975e-10,0.32368863
Cycl,Exo1,7.56096793408949,4.0008087465659583e-14,5.296670699578672e-10,0.838367
Cycl,Creb1,7.530287157731696,5.062885565209774e-14,6.702754199781221e-10,0.60337615
Cycl,Mybl1,7.491902050833334,6.788257641665716e-14,8.986974291801242e-10,1.6221886
Cycl,Sqor,7.489821840274504,6.896716689392208e-14,9.130563225086345e-10,0.25918728
Cycl,Tbc1d31,7.486318765795847,7.083224045555487e-14,9.377480313910908e-10,0.55538
Cycl,Aunip,7.486024804050142,7.099098489451785e-14,9.398496490185218e-10,0.7375243
Cycl,Yaf2,7.479617257380076,7.453937855429709e-14,9.868268326803391e-10,0.30713427
Cycl,Dynll2,7.464578885961989,8.356643755799578e-14,1.1063360668303061e-09,0.29268295
Cycl,Arid3a,7.439894507375575,1.0076573633466175e-13,1.334037583334587e-09,0.4922017
Cycl,Pwwp3a,7.437400285653413,1.0268603945345666e-13,1.3594604763243128e-09,0.57354736
Cycl,Brd3,7.434386669990175,1.0505425082874614e-13,1.3908132267217701e-09,0.34185022
Cycl,Dynlt1a,7.43149873281595,1.0737403112328115e-13,1.4215247980411192e-09,0.6513238
Cycl,Pde3b,7.430415966632387,1.0825669385631155e-13,1.4332103699637085e-09,1.3197324
Cycl,Ppp1r18,7.413283090608844,1.232104890353173e-13,1.631183664338566e-09,0.26968524
Cycl,Cep83,7.411259832690498,1.2510519544260531e-13,1.6562676824646518e-09,0.5469972
Cycl,Prr11,7.389959789259301,1.4687322367451214e-13,1.9444546082268663e-09,0.9443579
Cycl,Pkn2,7.369277430856566,1.7155531777322498e-13,2.2712208519997255e-09,0.44048876
Cycl,Sypl1,7.357770792083084,1.8700678304912784e-13,2.4757828007874035e-09,0.2511837
Cycl,Faf1,7.355144945839897,1.9072004995636779e-13,2.524942741372353e-09,0.4409901
Cycl,Bik,7.3509358325913405,1.9682389830923462e-13,2.6057515897159572e-09,0.97418785
Cycl,Chek2,7.3482204470763115,2.0086303335717624e-13,2.659225698615656e-09,0.72363305
Cycl,Zfp414,7.340179865850499,2.1330699832535156e-13,2.8239713508293294e-09,0.3921026
Cycl,Sp140l1,7.339827563876846,2.1386921732728757e-13,2.83141456819596e-09,0.503011
Cycl,Zfp143,7.336073086401672,2.1995194019150593e-13,2.911943736195347e-09,0.7806301
Cycl,Mier1,7.331200357928372,2.281003454644599e-13,3.019820473603985e-09,0.32406655
Cycl,Kifc5b,7.329881405501487,2.303564881576785e-13,3.0496895467195054e-09,1.0937123
Cycl,Plekho2,7.32772679288542,2.340893162348143e-13,3.0991084576327065e-09,0.5338452
Cycl,Ppwd1,7.298551166757776,2.908828887886413e-13,3.850998564672822e-09,0.6357229
Cycl,Sptlc2,7.2952033615646545,2.982083068143476e-13,3.9479797739151474e-09,0.27289304
Cycl,Prkcb,7.295069968762848,2.985039101557607e-13,3.951893266552116e-09,0.5194354
Cycl,C2cd5,7.292565819222984,3.04106913909757e-13,4.026071433251273e-09,0.3630336
Cycl,Hipk1,7.287949662410232,3.147075032722003e-13,4.166412635820659e-09,0.36585915
Cycl,Rnf168,7.2776182346055736,3.3976519069357524e-13,4.498151359592242e-09,0.53555477
Cycl,Cdc25c,7.276730641301556,3.420071629200839e-13,4.5278328298989906e-09,0.76857424
Cycl,Mtus1,7.276557184520471,3.4244699146430186e-13,4.5336557199958924e-09,0.34706026
Cycl,Igf1r,7.26988437023829,3.597953434112073e-13,4.7633305514209736e-09,0.4070893
Cycl,Gm2788,7.254041666118434,4.045155925669848e-13,5.355381929994312e-09,1.330198
Cycl,Timm50,7.251035824310271,4.1359626028869347e-13,5.4756008899620126e-09,0.25260603
Cycl,Sort1,7.247688902329139,4.2394295999496743e-13,5.612580847373374e-09,0.36119467
Cycl,Map3k9,7.238521878676924,4.5360104467586426e-13,6.005224230463767e-09,0.7387836
Cycl,Rcsd1,7.235807147194304,4.627685343355437e-13,6.126592626068264e-09,0.2861114
Cycl,Herc6,7.235430051587735,4.640562698803861e-13,6.143640956946432e-09,0.87620807
Cycl,Spidr,7.228550457334025,4.88176455917406e-13,6.462968099890538e-09,0.6412747
Cycl,Cdc42ep3,7.226431700354768,4.958498212570471e-13,6.564555783622046e-09,0.32113782
Cycl,Pds5a,7.219646519690062,5.212288159520351e-13,6.900548294388993e-09,0.40576822
Cycl,Dmc1,7.219289843766673,5.225976262044768e-13,6.918669973321068e-09,0.65968347
Cycl,H4c8,7.210355820143591,5.580585788211118e-13,7.388137525012699e-09,1.3291492
Cycl,Cpap,7.204453835074902,5.827696230342473e-13,7.7152870393504e-09,0.69991136
Cycl,Snx13,7.196827687514439,6.16295651451834e-13,8.15913812957083e-09,0.55680275
Cycl,Rps6ka5,7.1820256249873555,6.868604321915607e-13,9.093345261784072e-09,0.5909202
Cycl,Taf15,7.17424999938174,7.270464747854546e-13,9.625368279684633e-09,0.3493244
Cycl,Plagl2,7.17275047979326,7.35057561563792e-13,9.731427057543043e-09,0.62055326
Cycl,Cdkn1b,7.163942479947185,7.838930555123464e-13,1.0377960161927954e-08,0.5302999
Cycl,Lpgat1,7.155746484555701,8.321881313354292e-13,1.1017338670749746e-08,0.32918298
Cycl,Cdca7l,7.1546608060849435,8.388006706046773e-13,1.1104882078135323e-08,0.50965583
Cycl,Ate1,7.144061176786006,9.061304135269615e-13,1.1996260544683444e-08,0.3894592
Cycl,Smim5,7.136878012659555,9.547450273818618e-13,1.263986941750847e-08,0.29684567
Cycl,Med9,7.130180903455725,1.0023709734143897e-12,1.3270389317033105e-08,0.37223983
Cycl,Wee1,7.1271967944001835,1.0243359041421093e-12,1.3561183034937385e-08,0.44660473
Cycl,Odf2,7.109882320590649,1.1614194051686738e-12,1.5376031505028074e-08,0.5399287
Cycl,Ttf2,7.109331264877556,1.166065637567093e-12,1.5437542975750743e-08,0.86409116
Cycl,Cep55,7.107016118620174,1.1857859081738563e-12,1.5698619638313684e-08,0.8173642
Cycl,Slc20a1,7.106872913290332,1.1870164121517286e-12,1.5714910280476736e-08,0.8423197
Cycl,Rp2,7.097127430275464,1.2737660351402044e-12,1.6863388539221166e-08,0.5940068
Cycl,Mid1ip1,7.090418729317095,1.3370681876622246e-12,1.770144573646019e-08,0.3305169
Cycl,Fbxo45,7.090266652573977,1.3385383606558864e-12,1.772090935672328e-08,0.70047927
Cycl,Tmx1,7.0844250140830844,1.396227884908986e-12,1.8484660968310066e-08,0.33655137
Cycl,Galnt1,7.058712135321243,1.6805279743994793e-12,2.2248509853074706e-08,0.25561386
Cycl,Cript,7.044983603533961,1.8548334713902093e-12,2.455614032773498e-08,0.2894362
Cycl,Gins3,7.016347522530015,2.2774318486983862e-12,3.015092024491793e-08,0.91234374
Cycl,Rnf144a,7.011729572401231,2.3538985315361945e-12,3.116326265900768e-08,0.6267009
Cycl,Ptpn12,6.987311587623275,2.802034872789234e-12,3.709613968085667e-08,0.52846146
Cycl,Lrrfip2,6.971060567843616,3.1456049840753142e-12,4.164466438417308e-08,0.32956386
Cycl,Ccno,6.969088528996505,3.190009262400366e-12,4.2232532624918444e-08,0.76032424
Cycl,H2-Q10,6.9560933469718975,3.4983810639125107e-12,4.631506690513773e-08,0.80677605
Cycl,Fam76a,6.946054443904822,3.756438491941324e-12,4.973148919481118e-08,0.41899776
Cycl,Pik3cb,6.940701445176065,3.901577854611391e-12,5.1652989217200204e-08,0.5623989
Cycl,Tial1,6.938412651655075,3.9653004282733976e-12,5.249661236991151e-08,0.28865728
Cycl,Mns1,6.931270836908649,4.170766669365911e-12,5.52167799357353e-08,0.42337084
Cycl,Cenpq,6.930747820690418,4.1862171843651445e-12,5.542132930381015e-08,0.501238
Cycl,Bclaf3,6.920580510604112,4.497965959675635e-12,5.954857134014573e-08,0.582793
Cycl,Gmeb1,6.918057498220974,4.578784631996098e-12,6.061852974299634e-08,0.5585766
Cycl,Rnf227,6.9166079781100285,4.625858607121825e-12,6.124174209968584e-08,1.1573288
Cycl,Nkap,6.910534734603989,4.828301947233117e-12,6.392188947941923e-08,0.41358244
Cycl,H2bc9,6.894984089379835,5.387083222541015e-12,7.131959478322049e-08,1.6246142
Cycl,Rpia,6.882600334227957,5.8769742950107735e-12,7.780526269164764e-08,0.3755355
Cycl,Agtrap,6.879202031122247,6.018875026939766e-12,7.968388648165556e-08,0.29306024
Cycl,Skap2,6.877187531752875,6.10457277778559e-12,8.081843900510342e-08,0.32112288
Cycl,Cul3,6.876881202628198,6.117708480437381e-12,8.09923425725105e-08,0.27633223
Cycl,Apmap,6.873479440905629,6.265454290086332e-12,8.294834934645294e-08,0.28889674
Cycl,Anapc15,6.8407087848509125,7.880230525885882e-12,1.043263719322032e-07,0.3227439
Cycl,Palb2,6.822905632846362,8.92172662270142e-12,1.1811473875794408e-07,0.98040557
Cycl,Fancb,6.816391657777709,9.335557042446375e-12,1.2359343968494755e-07,1.2029078
Cycl,Haus1,6.811282151688528,9.673269643517736e-12,1.280644168105313e-07,0.41507208
Cycl,Pdlim1,6.803399787323923,1.0217857621218639e-11,1.3527421704731356e-07,0.2987813
Cycl,Daglb,6.801640618446443,1.0343436806075591e-11,1.3693675987563476e-07,0.46549904
Cycl,Atp8a1,6.801461680445737,1.0356294789627367e-11,1.3710698671987672e-07,0.54403377
Cycl,Plppr3,6.789657489757355,1.1240007149753456e-11,1.48806454655586e-07,0.38143468
Cycl,Ormdl1,6.7855573129314335,1.1563923180665428e-11,1.530947789888296e-07,0.4401276
Cycl,Rprd1b,6.779628845049351,1.2048500518408869e-11,1.5951009836321502e-07,0.49686766
Cycl,Golim4,6.7745194379425335,1.2482045279413599e-11,1.6524979745415663e-07,0.38360584
Cycl,Nfya,6.765139877915399,1.331804656364556e-11,1.7631761845610357e-07,0.57182026
Cycl,Snrnp27,6.762895373610956,1.3526092027753907e-11,1.7907193235543397e-07,0.30516416
Cycl,Ctnna1,6.76122290537551,1.3683181195807777e-11,1.8115163585129917e-07,0.45267475
Cycl,Tubgcp2,6.759679346825139,1.382974707060969e-11,1.830920214678017e-07,0.5633776
Cycl,Camk4,6.754469624111452,1.4335869753953112e-11,1.8979257967258523e-07,0.8704848
Cycl,Tdp2,6.735847681404989,1.6297695036863225e-11,2.1576518459303223e-07,0.53488064
Cycl,Ubn1,6.728133330534934,1.7185341835430482e-11,2.2751674055926414e-07,0.3088539
Cycl,Timeless,6.723887086321759,1.7693956768950854e-11,2.3425029366414035e-07,0.5777341
Cycl,Gpd2,6.7143214079899485,1.8894343002544316e-11,2.501422070106842e-07,0.46546733
Cycl,Dcaf15,6.708838923379222,1.9617907116928367e-11,2.597214723210146e-07,0.54714346
Cycl,Cep152,6.697988843703234,2.113073937673933e-11,2.79749858608652e-07,1.1033103
Cycl,Aoah,6.692441890811369,2.1947691334702622e-11,2.90565485580128e-07,0.7676549
Cycl,Gm42047,6.6917714418549,2.204850531705366e-11,2.919001618924734e-07,0.6038903
Cycl,Treml6,6.6889115689627285,2.248365371922383e-11,2.976610915888043e-07,0.2564485
Cycl,Xkr5,6.687356314925356,2.2723813692919694e-11,3.008405694805638e-07,1.0008557
Cycl,Ankrd22,6.6829271669635615,2.3421599828140563e-11,3.100785601247529e-07,0.52821875
Cycl,Slc35e1,6.682550276690771,2.348193591753204e-11,3.108773496122067e-07,0.4230057
Cycl,Tex15,6.674000016585619,2.489235872984018e-11,3.2954993722435417e-07,0.8590324
Cycl,Suv39h1,6.656190418098285,2.8101613382880414e-11,3.720372595759538e-07,0.56801844
Cycl,Rtf1,6.651217265635368,2.906788105063203e-11,3.848296772293174e-07,0.30675015
Cycl,Gm7125,6.647763741955684,2.975794503584828e-11,3.939654343295954e-07,0.7240634
Cycl,Nptn,6.639335715610214,3.150999808771502e-11,4.171608646832592e-07,0.2772982
Cycl,D430020J02Rik,6.6356776855222215,3.230149893075255e-11,4.27639544344233e-07,1.2432077
Cycl,Tedc1,6.632544865027936,3.2994800355608486e-11,4.3681816190790075e-07,0.7624366
Cycl,Lin54,6.62935774360201,3.371505763782414e-11,4.4635364806715385e-07,0.6512432
Cycl,Mtf2,6.616874891365894,3.668717251352168e-11,4.857014769065135e-07,0.3195755
Cycl,Ctc1,6.613750079595796,3.7470414398201775e-11,4.960708162177933e-07,0.60535717
Cycl,Tcirg1,6.5855100985973145,4.5332627845282935e-11,6.001586600437008e-07,0.4641508
Cycl,Hmgn2-ps,6.5801934343601385,4.698366181181929e-11,6.220166987266755e-07,0.8077767
Cycl,Carhsp1,6.5732402484931205,4.923192352593529e-11,6.517814355598573e-07,0.3166863
Cycl,Cstdc4,6.566196138550481,5.1616817999040745e-11,6.833550534893004e-07,1.643302
Cycl,Alms1,6.554317075013314,5.589708651291896e-11,7.400215283445341e-07,1.2037888
Cycl,Dynlt1f,6.553965068316903,5.602907864384145e-11,7.417689721658169e-07,0.3084569
Cycl,Nmral1,6.520926984076511,6.98741954782707e-11,9.250644739368258e-07,0.34478557
Cycl,Fbxl14,6.520753654533263,6.995499652808057e-11,9.261341990352587e-07,0.3537829
Cycl,Cenpo,6.477613684935968,9.318456010270634e-11,1.2336703911997293e-06,0.82913256
Cycl,Atp2c1,6.476139023763542,9.409935333925524e-11,1.2457813388584002e-06,0.34970313
Cycl,Sp2,6.473757769207217,9.559511157320799e-11,1.2655836821177006e-06,0.7271621
Cycl,Stip1,6.456855105615966,1.069011581290461e-10,1.4152644324704414e-06,0.25293043
Cycl,Arhgef1,6.450461122376764,1.1151033658237862e-10,1.4762853460141105e-06,0.26446512
Cycl,G2e3,6.449962000173905,1.1187819983554776e-10,1.4811554876228169e-06,0.7516477
Cycl,Gtf2a1,6.429812601787952,1.2776135674550582e-10,1.6914326019537515e-06,0.5452585
Cycl,Cpd,6.4258191535557545,1.3116126304302216e-10,1.7364439614265704e-06,0.3112247
Cycl,Helb,6.418737040530195,1.3740952241932597e-10,1.8191646673094564e-06,0.6142099
Cycl,Zfp131,6.406752477996908,1.4865185428263732e-10,1.9680018988478355e-06,0.35802174
Cycl,Tspan2,6.40577546059228,1.4960700726722793e-10,1.9806471692108308e-06,0.5744462
Cycl,Casp7,6.403562402816448,1.5179277199438388e-10,2.009584508433648e-06,0.64578104
Cycl,Usp39,6.394833298908942,1.6072260298405423e-10,2.127806540905894e-06,0.33461392
Cycl,Mbd4,6.370027085903555,1.889948204459083e-10,2.50210242788338e-06,0.64122987
Cycl,Mdm1,6.36964975742975,1.8946034742459802e-10,2.5082655395542533e-06,1.1102693
Cycl,Rab8a,6.3569496495322495,2.0579941140067037e-10,2.724578407533475e-06,0.29356435
Cycl,Adam10,6.354484425891535,2.0912683216323095e-10,2.7686301310090147e-06,0.36583877
Cycl,Elf4,6.350209992941423,2.1502120629000183e-10,2.8466657500733343e-06,0.53197765
Cycl,Nup155,6.3488761171550605,2.1689360010005414e-10,2.871454371724617e-06,0.57103324
Cycl,Troap,6.347006986080214,2.1954416527350703e-10,2.9065452040559598e-06,0.7154331
Cycl,Rsbn1,6.346531207329734,2.202238906154116e-10,2.9155440878574343e-06,0.31837878
Cycl,Cep350,6.342784677320615,2.2564871387798113e-10,2.9873633230305923e-06,0.42471898
Cycl,Gabpb2,6.342747291667705,2.2570349914667392e-10,2.988088625202816e-06,0.53595483
Cycl,Nemp2,6.335129208652932,2.371424574608835e-10,3.139528994324637e-06,1.2395043
Cycl,Cnot9,6.33024359207174,2.447744606192909e-10,3.240569084138792e-06,0.5251856
Cycl,Oard1,6.327031530305606,2.4992230266896143e-10,3.3087213650343803e-06,0.34078157
Cycl,Stk10,6.323966653497606,2.5493276277251793e-10,3.375054846345365e-06,0.5121155
Cycl,Fmo5,6.308096919248678,2.824873105230623e-10,3.739849504014822e-06,0.3539989
Cycl,Zcwpw1,6.303440148603736,2.911106577622008e-10,3.854013998113777e-06,1.1926923
Cycl,Gm15489,6.301396194544194,2.9497630842813763e-10,3.905191347280114e-06,1.820384
Cycl,Matcap2,6.295010257768117,3.073795324523488e-10,4.0693976301366455e-06,0.99535275
Cycl,Cspp1,6.268956430644589,3.6347580613946595e-10,4.81205619748039e-06,0.47352922
Cycl,Stxbp5,6.2626916601392555,3.783883618560592e-10,5.009483522612368e-06,0.33651602
Cycl,9230114K14Rik,6.258617214153623,3.8840591328062073e-10,5.142105885922138e-06,0.5292721
Cycl,Fcho1,6.256505950320857,3.936980910319398e-10,5.2121690271718505e-06,0.3898425
Cycl,Sptbn1,6.243523589846961,4.2782175159736757e-10,5.663932169397549e-06,0.25544494
Cycl,Jade1,6.24133923216942,4.338401964049383e-10,5.743610360204978e-06,0.28015077
Cycl,Ccdc88a,6.230675149761264,4.6442925777936476e-10,6.14857894374101e-06,0.7675688
Cycl,Itgb3bp,6.226095406022449,4.782029301570824e-10,6.330928592349614e-06,0.479478
Cycl,Zw10,6.2203319157266135,4.961042745092884e-10,6.567924490228469e-06,0.6560328
Cycl,Wipi1,6.2187624104814185,5.010913782782764e-10,6.633948757026101e-06,0.3767829
Cycl,Gm17092,6.215381533458246,5.120008962248858e-10,6.778379865121263e-06,0.91694903
Cycl,Nup160,6.209896922162354,5.30193674981386e-10,7.019234063078569e-06,0.63990355
Cycl,Wbp4,6.200861231985819,5.615501139874475e-10,7.434361959079817e-06,0.32985783
Cycl,Eldr,6.1925155760661035,5.921149617422254e-10,7.839009978505322e-06,1.5117412
Cycl,Wbp11,6.192139213837688,5.935309280424105e-10,7.857755956353472e-06,0.2603532
Cycl,Dsn1,6.142297710213432,8.133622826163278e-10,1.0768103259557564e-05,0.763304
Cycl,Zfp101,6.133245570217222,8.610407809410326e-10,1.1399318898878332e-05,0.83003783
Cycl,D030056L22Rik,6.128238316703868,8.885742378543957e-10,1.1763834334954345e-05,0.48445094
Cycl,Cdc6,6.126806516802426,8.966039160131431e-10,1.1870139244098e-05,0.7014878
Cycl,Mapre2,6.112007816928549,9.838536345025977e-10,1.3025238267179891e-05,0.3803332
Cycl,B230219D22Rik,6.102575625377643,1.0437269801870949e-09,1.3817901490696948e-05,0.3690276
Cycl,Dda1,6.096214865196559,1.0860940849617746e-09,1.4378799590808934e-05,0.28730458
Cycl,Ighm,6.079660279198354,1.2043744128240797e-09,1.5944712851377992e-05,0.4004842
Cycl,Haus3,6.068271401910421,1.292942813621584e-09,1.711726990953615e-05,0.39204097
Cycl,Lbx2,6.067520557985091,1.29899994938892e-09,1.7197460329959912e-05,0.7186589
Cycl,Pilrb2,6.0669310283687485,1.303775122704305e-09,1.7260678849482294e-05,0.28532982
Cycl,Arhgap33,6.066704871775029,1.3056115223011746e-09,1.7284990943745252e-05,1.348897
Cycl,Taf6,6.06461506780496,1.3227005368018126e-09,1.7511232406719197e-05,0.49083543
Cycl,Med14,6.064606638334005,1.3227699069128112e-09,1.7512150797618707e-05,0.4783113
Cycl,Pds5b,6.0640232534072736,1.3275794834943484e-09,1.757582478198168e-05,0.5392208
Cycl,Mad1l1,6.050334082192002,1.4454576403971626e-09,1.9136413701218035e-05,0.5352161
Cycl,H2ac13,6.049868717249533,1.4496391735966857e-09,1.919177301924652e-05,1.8059578
Cycl,H2bc6,6.04879080380953,1.4593700902828946e-09,1.9320600625255242e-05,0.99013853
Cycl,Sipa1,6.043354923373424,1.50942102716196e-09,1.998322497859719e-05,0.41559505
Cycl,Slc35a3,6.036983644203307,1.5702163143461603e-09,2.0788093785628814e-05,0.57436466
Cycl,Fry,6.029100964847027,1.6487426668756827e-09,2.1827704166767162e-05,0.6039238
Cycl,Hells,6.027654806409005,1.6635588240401165e-09,2.20238552714671e-05,0.56183076
Cycl,Alg6,6.014918532110599,1.799771893928402e-09,2.3827180103718114e-05,0.5260031
Cycl,Pradc1,6.006302996069586,1.8980134530918907e-09,2.512780010548354e-05,0.4636624
Cycl,Gbe1,5.972168930859172,2.3411991458136545e-09,3.0995135491426974e-05,0.38441575
Cycl,Thbs4,5.971110738463707,2.3564372189732937e-09,3.1196872341987434e-05,0.35031042
Cycl,Agfg2,5.96784966992407,2.4040070040103608e-09,3.1826648726093165e-05,0.51159704
Cycl,Fbxo48,5.965937458760514,2.4323344342613236e-09,3.220167557518566e-05,1.4976501
Cycl,Cox20,5.959372990062555,2.5320756946247017e-09,3.3522150121136424e-05,0.31666243
Cycl,Arhgef39,5.91021939939315,3.4165237266384294e-09,4.5231357616966165e-05,0.6002929
Cycl,Zgrf1,5.90970802569494,3.4271463357403134e-09,4.537199033886601e-05,0.8737154
Cycl,Gsdmd,5.907804234880103,3.466976605358005e-09,4.589930327833463e-05,0.33263016
Cycl,Srrt,5.9007062453542805,3.619488436115259e-09,4.791840740572992e-05,0.28202996
Cycl,Emsy,5.898964544921006,3.657898204381787e-09,4.842691432781048e-05,0.53983855
Cycl,Rufy1,5.896468496449456,3.713636199056575e-09,4.9164829639309996e-05,0.4284519
Cycl,Dnajc14,5.8953612471226,3.738625530141361e-09,4.9495663393541475e-05,0.35331714
Cycl,Rpp30,5.894756294618956,3.752347671866815e-09,4.9677330827844766e-05,0.39250505
Cycl,Cd300lf,5.884778517185786,3.9858739344677025e-09,5.276898501841791e-05,0.30460596
Cycl,Sephs1,5.881252008443242,4.0717466343433755e-09,5.390585369207195e-05,0.4967357
Cycl,Elf2,5.877776180218866,4.158146072956497e-09,5.504969585987107e-05,0.33931005
Cycl,Btbd10,5.876527443791966,4.1896197684865555e-09,5.546637611499351e-05,0.6277585
Cycl,H2bc7,5.869856376397388,4.361728228892881e-09,5.774492002231285e-05,1.808249
Cycl,H2ac6,5.864083646703507,4.5161978398541714e-09,5.978994320182938e-05,0.8249259
Cycl,H4c11,5.855815357673877,4.746753650997792e-09,6.284227158555977e-05,1.609776
Cycl,Bbip1,5.855616368804944,4.752441112485659e-09,6.291756788819763e-05,0.36605918
Cycl,Nck1,5.848279506471593,4.966834586975398e-09,6.57559230969673e-05,0.37263477
Cycl,Pram1,5.844085994150225,5.093571205766848e-09,6.74337891931473e-05,0.28553343
Cycl,Rb1,5.842139616140187,5.153458616017388e-09,6.82266386174542e-05,0.5679338
Cycl,Nup85,5.8416936250523905,5.16727732708392e-09,6.840958453326401e-05,0.3873626
Cycl,Xiap,5.824956535104826,5.712746568670049e-09,7.563105182262278e-05,0.44814944
Cycl,Gle1,5.820006819658672,5.884522640033823e-09,7.790519523140779e-05,0.41103733
Cycl,Haus6,5.806247442134456,6.38885233973052e-09,8.458201612569236e-05,0.7255275
Cycl,Zfp382,5.789602541656411,7.055317423384765e-09,9.340534736819091e-05,1.0566354
Cycl,2810408I11Rik,5.7769265381388095,7.607748154292754e-09,0.00010071897781468177,0.62324214
Cycl,Klf5,5.773877481702168,7.746777496680397e-09,0.00010255958727855178,0.39096105
Cycl,Cep72,5.771479041944611,7.857873364163726e-09,0.00010403038546816356,0.7935641
Cycl,Mtbp,5.763852979427333,8.221504039258548e-09,0.0001088444919757439,0.50403035
Cycl,Cyld,5.762799293122784,8.273015621493358e-09,0.00010952645381295056,0.37329137
Cycl,Lrch4,5.741203241901979,9.40061826053547e-09,0.00012445478515122908,0.31531453
Cycl,Mcu,5.730249095375806,1.0028326005641534e-08,0.00013276500798868826,0.40021467
Cycl,Smtn,5.705680402511687,1.1587925046255301e-08,0.00015341253968737393,0.694057
Cycl,Zfp367,5.700095835855313,1.1974009383577316e-08,0.0001585239102291801,0.7915714
Cycl,N4bp2l1,5.6783487220269135,1.3600123530133042e-08,0.00018005203541543135,0.40343165
Cycl,0610030E20Rik,5.67484901812902,1.3881102947011675e-08,0.00018377192191548758,0.34807456
Cycl,Arid4a,5.671470968857104,1.415765956317676e-08,0.00018743325495689713,0.3005181
Cycl,Rnf141,5.671334609054887,1.4168934828634088e-08,0.0001875825281962867,0.42161798
Cycl,Dusp28,5.667315899159922,1.4505177101639967e-08,0.0001920340396486115,0.619087
Cycl,Pias1,5.660981295564964,1.505098333249138e-08,0.00019925996833885338,0.49444532
Cycl,Adgre5,5.654958504155607,1.558839290252111e-08,0.00020637473363647695,0.32019222
Cycl,Nos1,5.650352020111008,1.6011959594811002e-08,0.00021198233307570286,0.45253348
Cycl,Flot2,5.646289514023733,1.6394767012820337e-08,0.00021705032048272845,0.25868845
Cycl,H2bc13,5.642277893025642,1.6781494899875023e-08,0.00022217021097944544,1.8036628
Cycl,Traf2,5.639626853681907,1.7041906495289504e-08,0.00022561780009113774,0.35994112
Cycl,Mtmr3,5.635826744081094,1.74220470960146e-08,0.00023065048150413728,0.25099123
Cycl,Adtrp,5.6354908513748265,1.745604116575846e-08,0.00023110052899347623,0.6523528
Cycl,Mast2,5.625401455982713,1.8507703817535366e-08,0.0002450234908403507,0.6141074
Cycl,Trpm7,5.615937451747869,1.9549937717003877e-08,0.00025882162543541435,0.35028052
Cycl,Exoc4,5.605968428722159,2.070937126651818e-08,0.00027417136619743417,0.3264768
Cycl,Gas2l3,5.59898829400479,2.156063542996334e-08,0.00028544125245728467,0.6801059
Cycl,Anxa11,5.5978714731888255,2.1699952661246078e-08,0.00028728567328223685,0.30558097
Cycl,Myo5a,5.587587759568739,2.3024541079125002e-08,0.0003048218993465359,0.30679822
Cycl,Pole2,5.5826648566568045,2.368609097811372e-08,0.00031358015845924756,0.46377432
Cycl,Tesk2,5.572275324937785,2.514336421315428e-08,0.00033287299881794947,0.6473708
Cycl,Gps2,5.569084163500522,2.5608177484785404e-08,0.00033902666172107396,0.40892196
Cycl,Tnfrsf1b,5.565366836217733,2.616014920224503e-08,0.00034633421528852194,0.36231315
Cycl,Il1r2,5.5644918307840125,2.629174446411708e-08,0.00034807640496044604,0.6688304
Cycl,Pdpk1,5.5628219691110665,2.6544666101426203e-08,0.0003514248345167815,0.36175334
Cycl,Dbr1,5.557298507935136,2.7398197450145533e-08,0.00036272473604247673,0.41348255
Cycl,Ppfia1,5.555301113523427,2.7713360206983096e-08,0.0003668971757802492,0.4106989
Cycl,Ccdc125,5.533288526907144,3.142818467479684e-08,0.00041607773690963536,0.25797164
Cycl,Fas,5.528309833219846,3.2333065096575375e-08,0.0004280574488135614,0.36853576
Cycl,Senp2,5.5223188242781065,3.345547041219697e-08,0.00044291697278707573,0.44436324
Cycl,Setd1b,5.509039088027417,3.607977909108298e-08,0.00047766019538684763,0.4858147
Cycl,Dpysl2,5.508469320435529,3.619673087014886e-08,0.0004792085199899008,0.93373275
Cycl,Cdc123,5.5081200511883806,3.6268604345626704e-08,0.0004801600529317519,0.26126856
Cycl,Ralgapa1,5.505276191026832,3.685899509715068e-08,0.0004879762360911779,0.35556054
Cycl,Hexb,5.49557182147049,3.894464002535659e-08,0.0005155880892956959,0.37121618
Cycl,Olfml2b,5.494744283026949,3.91276964785108e-08,0.0005180115736790046,0.57897377
Cycl,Rbm15,5.493938373400894,3.9306770328312044e-08,0.0005203823323765231,0.43177676
Cycl,Tmub1,5.493841061438279,3.932844683494814e-08,0.0005206693076478784,0.4961419
Cycl,Magi3,5.4930291419235076,3.950975653408895e-08,0.0005230696667548036,0.98284864
Cycl,Malt1,5.482168633538673,4.201434549284389e-08,0.0005562279199797603,0.66917396
Cycl,Ctps2,5.474998562252141,4.375151632937551e-08,0.0005792263246846024,0.33146858
Cycl,Zcchc8,5.465828211141341,4.607503991559104e-08,0.0006099874534425098,0.34293962
Cycl,Jpt2,5.464377373617491,4.645343685270027e-08,0.0006149970504928989,0.47492707
Cycl,Ctdsp1,5.457393045846959,4.831760122856048e-08,0.0006396767226649121,0.4011128
Cycl,Prkd3,5.450946842024048,5.010234613092051e-08,0.0006633049604272566,0.8969264
Cycl,Herc3,5.4496039073163125,5.0482122702826945e-08,0.000668332822462726,0.50799775
Cycl,Hspa4l,5.442089373707399,5.2659242423442676e-08,0.0006971557104439575,0.345672
Cycl,Dnajc4,5.434065184966292,5.508444288033392e-08,0.0007292629392927408,0.4499464
Cycl,Cenpt,5.4234903599197155,5.8446368775224714e-08,0.0007737714762152,0.44294763
Cycl,Hace1,5.420144902421867,5.955074722682807e-08,0.0007883923425359768,0.79800224
Cycl,Entpd5,5.412859379138018,6.202620026540173e-08,0.0008211648653136535,0.2946955
Cycl,Arid1a,5.408480394375164,6.356174377012832e-08,0.0008414939257727288,0.2734569
Cycl,Tmem170b,5.401356551767367,6.613881683551427e-08,0.0008756117960853734,0.4489379
Cycl,Tap1,5.400265954825365,6.654217301149436e-08,0.0008809518284991738,0.43490338
Cycl,Cinp,5.3968534760241065,6.781972828502432e-08,0.000897865382765437,0.30279773
Cycl,Cbl,5.388809900646965,7.092577816120978e-08,0.0009389863770762563,0.29592305
Cycl,Garem1,5.386727072666553,7.175226293445382e-08,0.0009499282089892341,1.1145
Cycl,Rfx2,5.3838542024058365,7.290756614583658e-08,0.0009652232682047305,1.6762476
Cycl,Fnip1,5.383278366082518,7.314129228462694e-08,0.0009683175685561761,0.48018932
Cycl,Ddias,5.379843825559331,7.455048385796648e-08,0.0009869738557956183,0.7263763
Cycl,B430010I23Rik,5.375050941873233,7.656103321384888e-08,0.0010135915187181454,0.8700714
Cycl,Topors,5.37241946897664,7.768712827028518e-08,0.0010284998911703055,0.386544
Cycl,Tmem107,5.341322446714853,9.227096276122089e-08,0.0012215752759958034,0.39246023
Cycl,Lyrm2,5.328953696048028,9.878017425647455e-08,0.0013077507269814664,0.37630033
Cycl,Ckap2,5.322822819734013,1.0216924880534226e-07,0.001352618684933926,0.5650158
Cycl,Smim36,5.313699253220639,1.0742185514376225e-07,0.0014221579402482684,0.58717203
Cycl,Enpp4,5.3095552485714865,1.098930685260489e-07,0.0014548743342163613,0.50074005
Cycl,Gphn,5.308729520733353,1.1039200998536578e-07,0.0014614798201962576,0.6226852
Cycl,Paxip1,5.300851177498893,1.1526402057204631e-07,0.001525980368353321,0.5713129
Cycl,Atad2b,5.2949877474925655,1.1902439081602298e-07,0.0015757639100133284,0.40026176
Cycl,Akip1,5.292390748866848,1.2072759326866308e-07,0.0015983126072838304,0.5211241
Cycl,Xndc1,5.2865269197974145,1.246604784190499e-07,0.0016503800737898016,0.64386773
Cycl,Misp3,5.286393832256805,1.2475116366573662e-07,0.001651580655770687,1.2887282
Cycl,Lin28a,5.286370745535345,1.2476690134794735e-07,0.0016517890069454749,0.82027197
Cycl,Cdca7,5.282587695124682,1.27371830863468e-07,0.001686275668801453,0.32873023
Cycl,Tmem273,5.271600152949089,1.3523945565622726e-07,0.0017904351534327927,0.52359986
Cycl,Rmi1,5.271541912850528,1.3528238530616196e-07,0.0017910034990682782,0.52852845
Cycl,Ssx2ip,5.2620627078135,1.4244816217940683e-07,0.0018858712190931671,0.36664748
Cycl,Gpr19,5.2517659676108295,1.5064780052252605e-07,0.0019944262311177223,0.9313555
Cycl,Sart3,5.247733494188058,1.539818279876489e-07,0.0020385654207284837,0.43236816
Cycl,Taf12,5.24001990662959,1.605592762258709e-07,0.0021256442579543045,0.2949865
Cycl,Fam133b,5.211661065406203,1.871572509066011e-07,0.0024777748447524918,0.3724618
Cycl,Dram1,5.204840036603989,1.9416378574955558e-07,0.0025705343595383663,0.48558402
Cycl,Mark2,5.191395311397929,2.0872393580127825e-07,0.0027632961860731228,0.2804563
Cycl,Fam76b,5.186104517958624,2.1473832516433375e-07,0.0028429206868506147,0.4304117
Cycl,Ncoa7,5.168122711236831,2.364570465508185e-07,0.0031304548392862863,0.56537175
Cycl,App,5.167897020698716,2.367426833392086e-07,0.0031342363847277825,0.4269024
Cycl,Camk2n2,5.166101560679583,2.3902694555161774e-07,0.003164477732157867,1.0731945
Cycl,Nxn,5.16330284642821,2.4263011288893723e-07,0.00321218006453664,0.27601302
Cycl,Lmbrd2,5.155766240816109,2.525958546140033e-07,0.0033441165192347896,0.72939897
Cycl,Terf1,5.135102505723209,2.8199028419562345e-07,0.003733269372465859,0.37905002
Cycl,Nos1ap,5.11721425367061,3.100813201438536e-07,0.004105166597384478,0.8756747
Cycl,Pdzd8,5.1140532311687155,3.153184360272024e-07,0.004174500774564133,0.32785904
Cycl,Ppp3cb,5.106077766042577,3.289143734805357e-07,0.004354497390508812,0.33837676
Cycl,Dcbld1,5.105059111044457,3.3069112885325247e-07,0.004378019854888209,1.0360377
Cycl,Gapt,5.104883903702116,3.3099766089104634e-07,0.004382078032536562,0.25853753
Cycl,Kctd9,5.097126285854046,3.448482915084046e-07,0.004565446531279768,0.611923
Cycl,Strbp,5.088269590514544,3.613454518610384e-07,0.004783852437188287,0.3525815
Cycl,Mlkl,5.0882204554589,3.614390652338447e-07,0.00478509178463087,0.47795582
Cycl,Tm9sf1,5.086921191182402,3.6392296715112794e-07,0.004817976162113783,0.39574265
Cycl,Fanca,5.084788479676038,3.6803599060730305e-07,0.004872428479650085,0.50508165
Cycl,Dgcr8,5.083947975481531,3.696692317381412e-07,0.004894050958981252,0.57318854
Cycl,Cdan1,5.078410590276567,3.806054697753741e-07,0.005038835814356178,0.6913388
Cycl,Noct,5.077319740452673,3.8279638674280536e-07,0.005067841364088,0.2695247
Cycl,Nme6,5.073557105507303,3.9044722879245566e-07,0.005169130861983321,0.3180076
Cycl,Trappc10,5.069356737483661,3.991624570521528e-07,0.0052845117689134516,0.3037641
Cycl,Eea1,5.056568781813692,4.2686695717046997e-07,0.005651291645979852,0.42409563
Cycl,Pidd1,5.050959548151269,4.3959616736377647e-07,0.005819813659729037,0.7576337
Cycl,mt-Nd4l,5.047697693423772,4.471659645310651e-07,0.005920030204426771,0.32755315
Cycl,Chka,5.047469062868619,4.4770123795197996e-07,0.005927116689246263,0.5649984
Cycl,Inip,5.045361295836224,4.526651778601633e-07,0.005992834289690702,0.49577546
Cycl,Ugdh,5.040864667851716,4.6343311887372465e-07,0.006135391060769241,0.30289996
Cycl,Chek1,5.039999571827029,4.655328876287306e-07,0.006163189899316765,0.7378702
Cycl,Virma,5.037962158362412,4.7051443439543197e-07,0.006229140596961124,0.3443439
Cycl,Syngr1,5.036637340637346,4.7378120360980996e-07,0.006272389354590274,0.34639406
Cycl,Numa1,5.0195677380418795,5.178788168241379e-07,0.006856197655934762,0.2672857
Cycl,Taf3,5.018684253675073,5.202657883750686e-07,0.006887798772297534,0.38397074
Cycl,Ankrd28,5.014096549204865,5.32832279664404e-07,0.007054166550477044,0.2678616
Cycl,Mob4,5.010358262032386,5.432879976014835e-07,0.0071925898002460405,0.2664554
Cycl,Pbx2,5.009888872551301,5.446147417624563e-07,0.007210154566193159,0.3188672
Cycl,Esco1,5.0028848239370065,5.647868750196097e-07,0.007477213438384612,0.3445629
Cycl,Ift80,5.0017697804677805,5.680640265874961e-07,0.007520599647991861,0.6286895
Cycl,Kbtbd6,5.000266099755257,5.725124385025397e-07,0.007579492173335123,1.6672754
Cycl,Ankrd69,4.992969959765133,5.945780848560199e-07,0.007871619265408848,1.264636
Cycl,Foxn2,4.99250008520557,5.960268743972036e-07,0.007890799790144579,0.4300766
Cycl,Nxt2,4.9866775814123665,6.142644666305323e-07,0.008132247273721617,0.46282864
Cycl,Uck1,4.974269432111022,6.549416444696391e-07,0.008670772431133551,0.39087582
Cycl,H4c12,4.972938872103764,6.59454597607865e-07,0.008730519417730525,2.4965315
Cycl,Ccdc25,4.969514789808146,6.712065123017562e-07,0.00888610301636295,0.40706742
Cycl,Atp2a2,4.969385809829628,6.716531100366885e-07,0.008892015523775719,0.31637812
Cycl,Mllt10,4.963733662890807,6.915075639988784e-07,0.009154868639781152,0.29626173
Cycl,Nde1,4.951044114472308,7.381636684701956e-07,0.00977254880687692,0.353611
Cycl,Gtf2f1,4.948787009299852,7.467741070386419e-07,0.009886542403084581,0.26177663
Cycl,Nup205,4.92871853561234,8.27707162071916e-07,0.010958015118670096,0.5382061
Cycl,Ripk1,4.925539770382272,8.412779697175807e-07,0.011137679041091052,0.30775213
Cycl,Nr3c1,4.916102586869233,8.828414702836748e-07,0.011687938225085572,0.3508203
Cycl,Sh3kbp1,4.904490808208798,9.367000757838064e-07,0.012400972303301814,0.32191938
Cycl,Rab1b,4.8978246305476105,9.690345820998464e-07,0.012829048832419867,0.26225674
Cycl,Msh5,4.891547519277441,1.0004623206463335e-06,0.013245120663036809,1.1309161
Cycl,Cplane1,4.881182482667445,1.0545160437484604e-06,0.013960737903185867,0.47013855
Cycl,Nek2,4.87282203743105,1.1001531776241965e-06,0.014564927918566738,0.7647741
Cycl,Btbd8,4.859613875416161,1.1761491567553955e-06,0.01557103868628468,0.94838
Cycl,Csta2,4.850263426815026,1.2329761300220585e-06,0.016323370985362032,0.29306185
Cycl,Panct2,4.8501357159718,1.2337702781084161e-06,0.01633388471187732,0.6240454
Cycl,Bicd2,4.840189955984385,1.297150807900003e-06,0.01717297954578814,0.51985836
Cycl,Cdk5r1,4.831745326854628,1.3534131167351142e-06,0.017917836252456177,0.6621692
Cycl,Pbx3,4.824925053833862,1.40055923126891e-06,0.0185420036627691,1.0852613
Cycl,Fem1c,4.819021204384596,1.4426422237199036e-06,0.019099140399827803,0.47079778
Cycl,Tab2,4.817761900603117,1.4517746472898797e-06,0.019220044555470717,0.3396014
Cycl,Xrn1,4.815180046294975,1.4706722848363195e-06,0.019470230378948034,0.4050573
Cycl,Vezf1,4.801250866829177,1.57677588276586e-06,0.02087493591193722,0.29390085
Cycl,Ermp1,4.799667004050477,1.58929660654878e-06,0.0210406977740993,0.46262717
Cycl,Txndc16,4.792038451529293,1.6509525095603501e-06,0.021856960274069477,0.9575081
Cycl,Gm50022,4.789307262327814,1.6735805516137281e-06,0.022156532922814148,0.7458205
Cycl,Wrap53,4.786203102929993,1.6996606136577456e-06,0.022501806864214893,0.61473346
Cycl,Axin1,4.779165856027541,1.7602394716663337e-06,0.023303810365390594,0.37855434
Cycl,Tubgcp3,4.778132179718242,1.7693106179625788e-06,0.02342390327120658,0.48880315
Cycl,Map4k2,4.766969964028634,1.8701717728185724e-06,0.02475920410034508,0.37415934
Cycl,H4c3,4.766336223587052,1.8760609300568864e-06,0.02483717065302312,1.2955041
Cycl,Rngtt,4.76565887815966,1.8823749931916372e-06,0.024920762534864086,0.350433
Cycl,Mrnip,4.765448960597062,1.884335938743906e-06,0.024946723493030572,0.48396134
Cycl,Gid8,4.764864710833894,1.8898040483772028e-06,0.025019115796465787,0.29696393
Cycl,Usp37,4.7385248218814295,2.1527966238618332e-06,0.028500874503306812,0.45967698
Cycl,Agap1,4.736670230105454,2.172582566632291e-06,0.028762820599644898,0.5857036
Cycl,Stx12,4.732634006601003,2.2162489209180665e-06,0.029340919464034283,0.35535228
Cycl,Rttn,4.730797578549369,2.2363943506160593e-06,0.02960762480780601,0.84739685
Cycl,Rmi2,4.705760564958381,2.5292122882846128e-06,0.03348424148459999,0.6701157
Cycl,Rsbn1l,4.701706281281316,2.579964420737616e-06,0.0341561489661453,0.25959045
Cycl,Odf2l,4.696640870657798,2.6447485594761095e-06,0.035013826178904216,0.60392404
Cycl,Pla2g4a,4.692134238807374,2.703696212146619e-06,0.03579423415260909,0.34951806
Cycl,Katnb1,4.6918455303095765,2.707515244125589e-06,0.03584479431697867,0.5292733
Cycl,Suco,4.688453637294635,2.752772630369005e-06,0.03644395685345526,0.4735782
Cycl,Prss16,4.686330800639509,2.7814656385321205e-06,0.03682382358852675,0.4158461
Cycl,Nelfcd,4.6814220664080635,2.8489170237688547e-06,0.037716812477675866,0.34308493
Cycl,B230208H11Rik,4.680568882989146,2.860799679031689e-06,0.03787412695070053,0.32065487
Cycl,Ccsap,4.672846678086303,2.970535205297893e-06,0.039326915582938805,0.8865957
Cycl,Gabpb1,4.662314817428476,3.126723963326592e-06,0.04139469855048075,0.3925401
Cycl,Dennd5a,4.658961191449862,3.1780910563411475e-06,0.04207474749490045,0.31886792
Cycl,Tex30,4.650668155765701,3.308613434763716e-06,0.04380273326283684,0.2576915
Cycl,Taok2,4.643687757678101,3.422446779148412e-06,0.045309772909145826,0.38630033
Cycl,Ctdspl,4.633948933160282,3.5875552891056115e-06,0.04749564447246919,0.38664913
Cycl,Herc1,4.626607233679706,3.717044543064595e-06,0.04920995270563217,0.25159138
Neu,Ltf,65.96327502902399,0.0,0.0,7.877948
Neu,Clec4a2,60.57167356071017,0.0,0.0,5.4296827
Neu,Coxfa4l3,59.20147853424552,0.0,0.0,5.098913
Neu,Retnlg,52.71504223644197,0.0,0.0,6.5859485
Neu,Cybb,52.158790501025074,0.0,0.0,6.808608
Neu,Ceacam10,50.81595548150339,0.0,0.0,4.2782626
Neu,Itgb2l,50.37116187835247,0.0,0.0,4.288081
Neu,Ly6g,49.3870094168699,0.0,0.0,5.202825
Neu,C5ar1,48.15014995524329,0.0,0.0,3.6681209
Neu,Lcn2,46.77998040316189,0.0,0.0,4.220827
Neu,Ngp,46.47435203394998,0.0,0.0,3.108088
Neu,Itgam,45.12574814676243,0.0,0.0,3.7970145
Neu,Prdx5,45.103139582936684,0.0,0.0,1.4912496
Neu,Ncf1,44.60835528367171,0.0,0.0,3.0138044
Neu,Cd177,44.30634503383347,0.0,0.0,2.6281464
Neu,Cd52,43.93053520978025,0.0,0.0,2.3504586
Neu,Ifitm6,43.553941525045396,0.0,0.0,4.87762
Neu,Tmsb4x,43.40233780603279,0.0,0.0,1.1109333
Neu,S100a8,43.113666648742104,0.0,0.0,3.6148195
Neu,Camp,43.063642784930025,0.0,0.0,2.7142448
Neu,Tyrobp,42.396394154352386,0.0,0.0,1.3816328
Neu,Itgb2,41.721385440155416,0.0,0.0,2.8506634
Neu,Wfdc21,41.58115309726541,0.0,0.0,2.5376468
Neu,Rac2,41.45391977581872,0.0,0.0,1.3724756
Neu,S100a9,41.34380008081205,0.0,0.0,3.574018
Neu,Inhba,40.78776837428187,0.0,0.0,4.072896
Neu,Mcemp1,40.16805883814402,0.0,0.0,2.1160712
Neu,Krt83,39.99097203754722,0.0,0.0,7.3230643
Neu,Lrg1,39.73983364363896,0.0,0.0,2.2743669
Neu,S100a11,39.686056268053754,0.0,0.0,1.1439304
Neu,Pygl,39.06143107283745,0.0,0.0,2.4434075
Neu,Ncf4,39.05509673614244,0.0,0.0,1.7883334
Neu,Lgals3,38.52073506943281,0.0,0.0,1.8871152
Neu,Ltb,38.451582786620826,0.0,0.0,2.6618485
Neu,Aldh2,37.120349549167145,1.3195048709296444e-301,1.7468924986237564e-297,1.2811592
Neu,Mapk13,36.50056281265044,1.0863799530917139e-291,1.43825841989812e-287,2.0526748
Neu,Pram1,36.443693013986596,8.65875136827708e-291,1.1463320936462025e-286,4.2275634
Neu,Mmp9,36.27228088552554,4.4270021857494905e-288,5.86090819371375e-284,8.840824
Neu,Treml6,36.135164903303284,6.362638045701394e-286,8.423496508704077e-282,3.9535983
Neu,Msrb1,35.83929855467728,2.699690903039902e-281,3.574120786534526e-277,1.2573186
Neu,Lyz2,35.83107339305043,3.625951200783226e-281,4.800396794716913e-277,2.2572987
Neu,Cd24a,35.77606963250996,2.6023021939503334e-280,3.4451878745708464e-276,1.9289399
Neu,Slfn1,35.59837932223537,1.4842157922681047e-277,1.964953287383744e-273,7.5530005
Neu,Cotl1,35.57114828760884,3.914393977511258e-277,5.182266186827154e-273,2.4336946
Neu,Vsir,35.479333264671546,1.0241075557966868e-275,1.3558159931192337e-271,2.3477616
Neu,Slfn2,35.44506385227563,3.4558038631470695e-275,4.5751387344204054e-271,2.738907
Neu,Cebpe,35.39169667535049,2.2913779060245875e-274,3.0335552097859514e-270,1.3215001
Neu,Lsp1,35.159796536699,8.235153619233331e-271,1.0902519876503006e-266,4.0457196
Neu,Arrb2,35.13284508695033,2.1251381736445234e-270,2.8134704280879845e-266,2.3443408
Neu,Ccnd3,35.086254569863264,1.092368933342421e-269,1.446187230852031e-265,1.5800054
Neu,Dhrs3,34.91498630412351,4.404203355493815e-267,5.8307248223382624e-263,3.5162709
Neu,Cstdc5,34.9099032715953,5.260183127523044e-267,6.963956442527758e-263,2.5421574
Neu,C3,34.380978458784575,4.852820957355878e-259,6.424649665443447e-255,1.6173768
Neu,Slc2a3,34.279985094612414,1.5596753155186183e-257,2.0648541502150987e-253,3.2107575
Neu,Fmo5,34.185420377986496,3.982286393485173e-256,5.272148956335021e-252,3.4221556
Neu,Prr13,34.10465101170229,6.29342455240895e-255,8.331864764934208e-251,1.5140557
Neu,Rflnb,34.05572658128623,3.3391196877769395e-254,4.4206605546478905e-250,2.5129352
Neu,S100a6,33.89546026189827,7.77092573003496e-252,1.0287928573993283e-247,1.4721322
Neu,Mgst1,33.86011285037554,2.5762576913403602e-251,3.410707557565503e-247,1.5806699
Neu,Actb,33.749191401821484,1.0986741862333001e-249,1.454534755154266e-245,1.0026026
Neu,Mxd1,33.44824626208674,2.7293847886396047e-245,3.613432521679973e-241,3.1509764
Neu,Cnn2,32.97898159106339,1.625896913765152e-238,2.1525249241336847e-234,1.3293052
Neu,Orm1,32.93438158095513,7.08003431106637e-238,9.373257424420766e-234,2.641041
Neu,Il1rn,31.713008895321487,1.0281321186004046e-220,1.3611441118150756e-216,5.199295
Neu,Spi1,31.690710071772052,2.0862325850190196e-220,2.76196331930668e-216,1.1863399
Neu,Myl6,31.646698558838185,8.419365156730154e-220,1.1146397530995052e-215,0.6920092
Neu,Padi4,31.508990682195346,6.541944068281729e-218,8.660879751998181e-214,2.4913187
Neu,Dgat1,31.479811672268223,1.6413997022424668e-217,2.1730490657988017e-213,2.51799
Neu,Igsf6,31.426733488526494,8.729569597526926e-217,1.1557077190165896e-212,3.0048707
Neu,Thbs1,31.091922294336488,3.097057769225411e-212,4.100194780677521e-208,5.5251827
Neu,Hp,31.00908051680109,4.066605636722773e-211,5.3837792024572794e-207,1.2311823
Neu,Adpgk,30.69779844631962,6.09006564429215e-207,8.062637906478377e-203,2.5928307
Neu,Marcksl1,30.6292974947013,4.986754072926696e-206,6.601963717147653e-202,2.0680866
Neu,Itm2b,30.30440057311902,1.0030911705140706e-201,1.327992400643578e-197,0.6180639
Neu,Myh9,30.109927890969246,3.5923565874130553e-199,4.755920886076144e-195,1.377373
Neu,Ankrd22,30.064960611176623,1.3918935947962753e-198,1.842727930150789e-194,3.7174153
Neu,Lcp1,30.037430817436594,3.1863702520930676e-198,4.218435576746012e-194,1.072167
Neu,Ccr1,29.930566666882658,7.877952522819333e-197,1.0429621344960515e-192,3.538595
Neu,Ltb4r1,29.84766580430151,9.412926491046582e-196,1.246177338149657e-191,1.7165504
Neu,Pfn1,29.613320565834933,1.0068308955894704e-192,1.3329434226708998e-188,0.64358187
Neu,Ccl6,29.444787714815426,1.4680683994609709e-190,1.9435757540463794e-186,2.4383433
Neu,Grina,29.185328970179835,2.9774605016324886e-187,3.9418599581112516e-183,1.3094989
Neu,Tcp11l2,28.94814611601076,2.9611805750648136e-184,3.9203069633283065e-180,2.61903
Neu,Nfkbia,28.630844535379556,2.776511107397665e-180,3.675823055083769e-176,1.7704524
Neu,Vasp,28.47735172910287,2.2349883710601616e-178,2.958901104446548e-174,1.2452424
Neu,Dhrs7,28.473302364685843,2.508499733013445e-178,3.3210027965365e-174,2.0954478
Neu,Rhou,28.34930666933157,8.536343830329264e-177,1.1301265596972913e-172,2.385144
Neu,G0s2,28.066042215431168,2.5452809131691862e-173,3.3696974009446856e-169,2.4714139
Neu,Ifitm10,28.046320240540368,4.429406025722122e-173,5.864090637453517e-169,4.512476
Neu,Pglyrp1,27.77912265690673,7.754475842493663e-170,1.026615056787736e-165,0.99426794
Neu,Coro1a,27.628290611317627,5.0892839841300955e-168,6.737703066589834e-164,0.6738558
Neu,Sorl1,27.62685601619116,5.295319528910563e-168,7.010473524324695e-164,2.6461754
Neu,Dok3,27.362203093469294,7.7305196094476035e-165,1.0234434910947683e-160,2.0042682
Neu,Cd9,27.35313557927382,9.910280955574645e-165,1.3120220957085272e-160,1.7074597
Neu,Alox5ap,26.978121539462467,2.669542536582186e-160,3.534207364181156e-156,0.68818545
Neu,Arhgdib,26.764346927173754,8.406946200765453e-158,1.1129956075193383e-153,0.60782814
Neu,Smim14,26.60906077003098,5.332213493843376e-156,7.059317444499245e-152,1.3947797
Neu,Gpsm3,26.597071767985163,7.338687818434358e-156,9.715688802825246e-152,1.2650945
Neu,Gpx4,25.724677718312815,6.191356199086363e-146,8.196736471970436e-142,0.7317004
Neu,Fcer1g,25.507369727718224,1.6330071507347423e-143,2.1619381668577252e-139,0.5728891
Neu,Fgr,25.426879967979787,1.2723069219861492e-142,1.6844071340174628e-138,3.899817
Neu,Cd300lf,24.94074365084299,2.6910070729601794e-137,3.562624263891981e-133,2.9323957
Neu,Glrx,24.880564870928943,1.207837111916276e-136,1.5990555524659578e-132,0.87310755
Neu,Cyba,24.871754103485387,1.5043521720383323e-136,1.991611840561548e-132,0.48922467
Neu,H3f3a,24.520549085227255,8.919094864249468e-133,1.180798969077987e-128,0.5067487
Neu,A530064D06Rik,24.48182347191247,2.307138887388265e-132,3.0544211730133243e-128,4.494096
Neu,Ftl1,24.42940619265358,8.33148097385871e-132,1.1030047661291546e-127,0.8010607
Neu,Crispld2,24.42004416151876,1.0476014313235901e-131,1.3869195349293008e-127,4.3560247
Neu,Arpc2,23.929004227629626,1.5287930140519516e-126,2.0239690713033786e-122,0.59563375
Neu,Lyst,23.89742088374382,3.257805891578276e-126,4.3130092198604795e-122,2.8085837
Neu,Pilrb2,23.880419600489038,4.8934884677085845e-126,6.478489382399395e-122,2.5713506
Neu,Mgst2,23.833583344979107,1.4987768328297803e-125,1.984230648983346e-121,0.9498769
Neu,Anxa2,23.70772321359501,3.0015174779944058e-124,3.973708989116794e-120,0.90150166
Neu,6430548M08Rik,23.578921422439972,6.34244001307716e-123,8.396756333312852e-119,4.671672
Neu,Nrp1,23.55355784604099,1.1542779616091166e-122,1.5281485933743094e-118,4.0884967
Neu,Tle5,23.07215982306324,8.815166205077037e-118,1.1670398538901489e-113,0.81389415
Neu,Cd300lb,22.896327027215435,5.054650727061979e-116,6.691852097557354e-112,3.4806137
Neu,Ifi27l2a,22.784393335058745,6.548340142845458e-115,8.669347515113102e-111,2.4250593
Neu,Bbln,22.635636409702705,1.932546471466404e-113,2.558498273574372e-109,1.7361904
Neu,Cap1,22.560442438020818,1.0605677147112834e-112,1.4040855975062681e-108,1.0699811
Neu,Arpc5,22.309661386902874,2.97741145053651e-110,3.941795019365285e-106,0.8882686
Neu,4930438A08Rik,22.246311323862074,1.2245988279515656e-109,1.6212463883250776e-105,3.907415
Neu,Sp140,22.148458853463236,1.0794889749503358e-108,1.4291354539367496e-104,1.5046694
Neu,Syne1,22.049789853851827,9.596831526307275e-108,1.27052452576782e-103,1.461116
Neu,Lst1,22.00719177436558,2.457501510529536e-107,3.2534862497900527e-103,2.5260835
Neu,Cebpd,21.95236461847603,8.221215996130688e-107,1.0884067857277418e-102,1.0541897
Neu,Pilra,21.895572308560023,2.8628728178109635e-106,3.790157323499935e-102,2.885679
Neu,Olfm4,21.894464095614996,2.933336026333306e-106,3.883443565262664e-102,3.3046436
Neu,Retnla,21.874818659992318,4.513024888005344e-106,5.974793649230275e-102,7.5036893
Neu,Hsd11b1,21.75613466705424,6.043287580547158e-105,8.000708427886383e-101,1.7593863
Neu,Cdkn2d,21.59346682071314,2.0689567296771733e-103,2.73909181441961e-99,1.9920859
Neu,Hck,21.587832930352626,2.3371767237263123e-103,3.094188264541265e-99,3.7021966
Neu,Plaur,21.534638072162252,7.376853478048788e-103,9.76621631958879e-99,1.9046327
Neu,Aldh3b1,21.5032551894577,1.4514177348253157e-102,1.9215319391352355e-98,3.2719822
Neu,R3hdm4,21.443436315482153,5.258395619625282e-102,6.96158996082191e-98,1.0843208
Neu,Ptafr,21.411421005011352,1.045750011335157e-101,1.3844684400066142e-97,3.8491662
Neu,Atp6v0c,21.256144558748513,2.8922364127940094e-100,3.829031786897989e-96,0.59578586
Neu,Gm31814,21.06356469155303,1.7175225937577106e-98,2.273828161875833e-94,3.715629
Neu,Klf2,21.05606949429015,2.0119103564146027e-98,2.6635681208572925e-94,3.5310092
Neu,Apobr,21.013973769420705,4.886916130923786e-98,6.469788265730001e-94,2.3373425
Neu,Ctsd,20.987301192371397,8.567422823309521e-98,1.1342411075779475e-93,1.0823531
Neu,Ada,20.82391006399271,2.628379797854954e-96,3.4797120143801734e-92,1.3597594
Neu,Pla2g7,20.765974532294468,8.79256915773246e-96,1.1640482307922003e-91,5.426447
Neu,Malat1,20.633136450087523,1.3837730539577214e-94,1.8319771461346274e-90,1.3462586
Neu,Fcgr3,20.393865400094455,1.8956086994724134e-92,2.509596357231528e-88,1.4701697
Neu,Anxa1,20.28986955965439,1.5801385135903829e-91,2.0919453781423077e-87,1.840379
Neu,Ecm1,20.179426802957746,1.484576454697593e-90,1.965430768374143e-86,1.3539673
Neu,Ccpg1,20.040442660072667,2.4458285614498168e-89,3.238032432503412e-85,1.2762529
Neu,AB124611,20.02717242980845,3.192793746367191e-89,4.226939640815524e-85,1.7627591
Neu,C130050O18Rik,20.00852646121628,4.641675421310307e-89,6.145114090272716e-85,4.9369783
Neu,Gm19705,19.959450442165284,1.2406910330052914e-88,1.6425508585957053e-84,3.5333
Neu,Prkcd,19.654662274775614,5.2738751781589945e-86,6.982083348364692e-82,1.4775997
Neu,Hacd4,19.623314139970233,9.77667178523206e-86,1.2943335776468724e-81,3.3159528
Neu,Ptprc,19.492204022674677,1.2785392055094195e-84,1.6926580541739203e-80,1.1969368
Neu,Gpi1,19.437494041178358,3.7189291893879044e-84,4.9234903538306464e-80,0.49774623
Neu,Adam3,19.38196573306786,1.095801440022205e-83,1.4507315264453972e-79,0.84358525
Neu,Pnkp,19.285969701067437,7.045641014018556e-83,9.327724138459167e-79,1.170553
Neu,Actn1,19.280676055177473,7.804974407297366e-83,1.0333005617820983e-78,1.6338181
Neu,Ankrd33b,19.149624477413496,9.748717472119604e-82,1.2906327061339143e-77,5.1733227
Neu,Gnai2,19.09785002875278,2.6310008588966317e-81,3.4831820370932505e-77,0.43392634
Neu,Rnf167,18.85762732743511,2.5438196502433065e-79,3.3677628349571133e-75,1.552613
Neu,Bnip3l,18.822839854464696,4.908198910058292e-79,6.497964537026172e-75,0.8209983
Neu,Capg,18.652263019933233,1.2104370353390572e-77,1.6024975910853777e-73,1.4962648
Neu,1700047M11Rik,18.588567838810672,3.976545515508359e-77,5.2645486079815167e-73,5.3115997
Neu,Cystm1,18.58854341050601,3.978356821122608e-77,5.2669465954842214e-73,1.2095449
Neu,Alox5,18.49934320735464,2.090054057007535e-76,2.7670225660722755e-72,1.4738343
Neu,Mpc2,18.474729548775453,3.29876202238142e-76,4.3672310414307624e-72,0.96394897
Neu,Agpat2,18.35951128680819,2.7708952703454286e-75,3.668388248410313e-71,1.0162783
Neu,Glipr2,18.280888574012284,1.1749617414039625e-74,1.555531849444706e-70,1.4618953
Neu,Ncf2,18.220300912064722,3.561908786363964e-74,4.7156110422672523e-70,0.97760415
Neu,Cd200r1,18.211106322152077,4.213460434340427e-74,5.5782002690232913e-70,3.1653793
Neu,Treml2,18.11598162771065,2.3838256171096682e-73,3.1559467344914895e-69,2.6197395
Neu,Cxcr2,18.108368741955214,2.737404788777296e-73,3.624050199862262e-69,2.7282164
Neu,Lasp1,18.065370942011825,5.971922504752133e-73,7.906228204041349e-69,2.1846542
Neu,Tlr13,18.061353542612878,6.422822783070687e-73,8.503175082507282e-69,6.76276
Neu,Ceacam1,17.88101412190412,1.6579372403208073e-71,2.1949431124607166e-67,2.4861152
Neu,Cyp4f18,17.87868916428221,1.7285334494661263e-71,2.2884054337482047e-67,1.929074
Neu,Gal,17.666321848414444,7.620655436534602e-70,1.008898573242816e-65,1.1531327
Neu,Stfa3,17.655011032043422,9.311547963255324e-70,1.2327558348553724e-65,4.6913185
Neu,Pfdn5,17.45130588954642,3.364518417157847e-68,4.4542859324752736e-64,0.39196634
Neu,Ostf1,17.329552665494,2.8150955788489193e-67,3.726905036838084e-63,0.73031425
Neu,Laptm5,17.31349875647643,3.72101006078078e-67,4.926245219467674e-63,0.67701423
Neu,B230208H11Rik,17.308921282499334,4.028924444358487e-67,5.333893071886201e-63,2.5807357
Neu,Lilrb4a,17.28011495415509,6.641552181861731e-67,8.792750933566745e-63,1.4314879
Neu,Zfp467,17.217527038113268,1.961938295737652e-66,2.5974101097270774e-62,3.048628
Neu,Cebpb,17.155740142212142,5.693998757026609e-66,7.538284954427527e-62,0.7630799
Neu,H13,17.076008691091314,2.2392214769587467e-65,2.9645053133456846e-61,0.8806476
Neu,Actg1,17.050046251568677,3.492568249321123e-65,4.623811105276235e-61,0.4090891
Neu,Actr3,16.92479443465197,2.95376470386494e-64,3.910489091446794e-60,0.54017293
Neu,Adgre5,16.905790987059934,4.0781568542805745e-64,5.399071859382053e-60,1.9309461
Neu,Cfp,16.880296896989865,6.282805838740105e-64,8.317806649908026e-60,2.724063
Neu,Lipg,16.822257526056024,1.6764684700760395e-63,2.2194766075336686e-59,1.8333715
Neu,Pnpla1,16.753016276899857,5.382657486644991e-63,7.126100246569303e-59,3.822566
Neu,Adtrp,16.546038351728676,1.709908977525353e-61,2.2637484953458149e-57,3.174975
Neu,Klra2,16.541416830808643,1.846283444582606e-61,2.444294652282912e-57,4.265472
Neu,Arl11,16.48663631050299,4.577325880862263e-61,6.05992173367355e-57,1.3063269
Neu,Srpk2,16.445411971489403,9.046712076181311e-61,1.1976942117656438e-56,1.3591491
Neu,AI463170,16.371834081142282,3.039155125014857e-60,4.0235374700071693e-56,4.222368
Neu,Limd2,16.303034791901638,9.391111016226031e-60,1.2432891874381643e-55,0.7009741
Neu,Ppp1r18,16.172464774479298,7.887846016247758e-59,1.0442719340910408e-54,1.1777465
Neu,Capns1,16.149055688038622,1.153134935421136e-58,1.526635341004042e-54,0.54987144
Neu,Zyx,16.138738220310046,1.3629925425558544e-58,1.8044658270896956e-54,1.5167427
Neu,Gsr,16.108663033094047,2.2176702184811326e-58,2.9359736022471715e-54,0.42265368
Neu,Cpne3,16.006347893540404,1.1538698004966752e-57,1.5276082288775483e-53,1.543555
Neu,Lilrb4b,15.981362010939387,1.7233880592604857e-57,2.281593451654957e-53,2.0027037
Neu,Sqor,15.616065946119939,5.659135925729705e-55,7.492130052073556e-51,1.1833501
Neu,Fcnb,15.526156288032837,2.3080589093157992e-54,3.0556391900431865e-50,2.6722245
Neu,Scp2,15.456554011399728,6.814800248288049e-54,9.022114048708548e-50,0.83440804
Neu,Vcl,15.299446345864997,7.710979440756429e-53,1.0208565681617436e-48,1.7466158
Neu,Gadd45a,15.277126638365088,1.0862570561772616e-52,1.4380957166730766e-48,2.2641485
Neu,Ets1,15.193651148136748,3.896007425633805e-52,5.157924230796594e-48,1.2391378
Neu,Ypel3,15.09037943035602,1.8736176383154596e-51,2.480482391365837e-47,1.2431736
Neu,Mafg,14.994019065511369,8.034088467680397e-51,1.0636329722362077e-46,1.3832923
Neu,Myo1f,14.980283539042395,9.879466014689782e-51,1.3079425056847803e-46,1.3223528
Neu,Acsl1,14.920418750450896,2.427452058342745e-50,3.21370378003996e-46,1.3043416
Neu,Sla,14.813859925582348,1.1919444637122923e-49,1.5780152755087037e-45,1.7586007
Neu,Gabarap,14.718868578141024,4.8775258465537004e-49,6.457356468252443e-45,0.44492745
Neu,Mirt2,14.68896624997264,7.586229500464436e-49,1.0043409235664866e-44,2.926919
Neu,Ckap4,14.634677973944786,1.6877287252165998e-48,2.2343840593142566e-44,0.6670245
Neu,Smim5,14.585050544780444,3.496629199844556e-48,4.629187397674207e-44,1.0024033
Neu,Map1lc3a,14.540035786415427,6.755732663106865e-48,8.943914472687178e-44,1.5907186
Neu,Ppp1r42,14.532193314586085,7.575542933723778e-48,1.002926128995691e-43,3.0510097
Neu,Hcls1,14.522206133492938,8.764346109888333e-48,1.1603117814881163e-43,0.9821077
Neu,Dusp6,14.456889078922016,2.2682017077987996e-47,3.002872240954831e-43,2.8565392
Neu,Phlda1,14.449818987155691,2.5134553725113923e-47,3.3275635676678323e-43,2.8380048
Neu,Cdc42ep2,14.42604468898965,3.548558158179787e-47,4.69793614561422e-43,3.0686898
Neu,Stx11,14.126003056184382,2.626334723847561e-45,3.477004540901786e-41,2.4825175
Neu,Sulf2,14.042755524014815,8.532919386397876e-45,1.1296731975652147e-40,4.801455
Neu,Sat1,13.885974959036536,7.704484240917994e-44,1.0199966686551332e-39,0.6574073
Neu,Tob1,13.883239947398648,8.004245435283182e-44,1.0596820531771405e-39,1.3805296
Neu,Tmem154,13.858293440898672,1.1333687890471088e-43,1.5004669398194672e-39,2.0083551
Neu,Pi16,13.84950263278207,1.2809595900876209e-43,1.6958624013170013e-39,1.3595778
Neu,Sptlc2,13.828624738220666,1.7126352256831858e-43,2.2673577752819696e-39,0.9637082
Neu,Trp53inp2,13.809078172866865,2.2468840279612946e-43,2.9746497646179577e-39,3.8094947
Neu,Ptms,13.702296497655949,9.836328487224334e-43,1.3022315284236295e-38,1.07509
Neu,Tagln2,13.695127610044178,1.0856944686785521e-42,1.4373509070835353e-38,0.35606503
Neu,Clec5a,13.689264931709864,1.1769384277527082e-42,1.5581487845018104e-38,1.0929378
Neu,Cyp4f39,13.68063885910719,1.3252321833529343e-42,1.7544748875409497e-38,3.5920744
Neu,Mindy1,13.6082813297699,3.575534525497731e-42,4.733650158306446e-38,2.061263
Neu,Flot1,13.59348244417779,4.3774624285381074e-42,5.795322509141601e-38,0.8507533
Neu,Nudt4,13.55698830356967,7.203345900739056e-42,9.536509637988438e-38,1.0507703
Neu,Card19,13.481997070535362,1.9962926213158996e-41,2.6428918013601195e-37,0.82019466
Neu,Flna,13.473667884204474,2.2348240865856878e-41,2.958683608230792e-37,0.7246222
Neu,S100a13,13.472970513065317,2.2560367529879885e-41,2.986767057280798e-37,0.58864486
Neu,Pdlim7,13.436606891297414,3.689710724712027e-41,4.8848080284462525e-37,1.8877609
Neu,Pgd,13.43655071517859,3.6925120957998165e-41,4.888516763629377e-37,0.76123834
Neu,G6pdx,13.371221515949587,8.906606117473791e-41,1.1791455838923552e-36,1.05628
Neu,Plscr1,13.305028375078475,2.1641095416216006e-40,2.865064622152837e-36,2.027526
Neu,Hcst,13.25223024483618,4.379909597222448e-40,5.798562315762799e-36,0.67009825
Neu,Slc27a4,13.164985846151994,1.395637865531687e-39,1.8476849701774003e-35,1.9604448
Neu,Rap1gap2,13.068049784339761,5.013438654769877e-39,6.637291435049841e-35,5.821066
Neu,Rasgrp4,13.062005254410204,5.427894843849951e-39,7.18598998377295e-35,2.518095
Neu,Crtac1,12.965240493425098,1.926253143466275e-38,2.5501665366350014e-34,3.0453656
Neu,Pirb,12.895182967864303,4.791246277251491e-38,6.3431309464532485e-34,3.18827
Neu,Megf9,12.831306414009102,1.095020136884523e-37,1.44969715922142e-33,1.8432325
Neu,Adam8,12.771260568646193,2.372802358575417e-37,3.141353042517994e-33,1.6250896
Neu,Rps6ka1,12.76106590178398,2.7047446942693557e-37,3.5808115007432003e-33,0.96084607
Neu,Litaf,12.7492492314782,3.147619289611568e-37,4.1671331775167546e-33,1.1649699
Neu,Tesc,12.747890552244135,3.2029520665788044e-37,4.240388240943679e-33,2.5630999
Neu,Plin2,12.649712332640044,1.122851936655869e-36,1.4865436789387048e-32,1.0695251
Neu,Tmcc1,12.578800629573486,2.7619121876806793e-36,3.656495545270451e-32,1.673011
Neu,Evi2a,12.569727995952826,3.097878826567016e-36,4.101281778492072e-32,1.7962914
Neu,Nfe2,12.534952320842509,4.806504409942444e-36,6.363331188322801e-32,0.71059847
Neu,Cklf,12.518654590842473,5.9027213963444615e-36,7.814612856620432e-32,1.3485248
Neu,Pycard,12.477887787430621,9.856679777430236e-36,1.304925835733989e-31,0.4657228
Neu,Abtb1,12.45957104310781,1.240359811999963e-35,1.642112355106751e-31,1.0267693
Neu,Clec12a,12.449732727895524,1.403142493300507e-35,1.8576203468805414e-31,0.48680997
Neu,Upp1,12.42175499566338,1.9914437103047515e-35,2.6364723280724607e-31,1.7136829
Neu,Apbb1ip,12.39947747944298,2.6303318425236424e-35,3.48229632631705e-31,0.83942646
Neu,Siglece,12.344868876793129,5.19187582205468e-35,6.87352440081819e-31,3.5794451
Neu,Plau,12.234347274285165,2.0373602439867595e-34,2.697261227014071e-30,3.3861847
Neu,Jdp2,12.220192535855801,2.4250967578063857e-34,3.2105855976598744e-30,1.9148471
Neu,Cep19,12.205306457029387,2.9120999407519596e-34,3.8553291115615196e-30,0.7697376
Neu,Ctsh,12.196896342285644,3.228983688756138e-34,4.274851505544251e-30,1.0633748
Neu,Tbc1d8,12.151042515400414,5.663872715574923e-34,7.498401088149641e-30,1.6725129
Neu,Trp53inp1,12.14527329329141,6.077916653930323e-34,8.046553858138354e-30,1.7040384
Neu,Txnip,12.087760950868036,1.2258202602137251e-33,1.6228634424969506e-29,0.9839935
Neu,Abhd5,12.07002825633942,1.5208207764204683e-33,2.013414625903058e-29,1.0150125
Neu,Ifi27,12.052406757273825,1.883682208886763e-33,2.4938068763451856e-29,0.6005697
Neu,Dach1,11.940259377542453,7.299520887342004e-33,9.663835702752079e-29,1.3577695
Neu,Crat,11.912630276483226,1.0171714757658724e-32,1.3466333167664385e-28,1.5757273
Neu,Mmp25,11.899434607560243,1.1915166362236325e-32,1.5774488746964672e-28,5.3762307
Neu,Mogat2,11.895293601711694,1.2521190327812592e-32,1.657680387499109e-28,0.8942503
Neu,Anxa11,11.85947857098177,1.9216811074390714e-32,2.5441136181385868e-28,1.3686161
Neu,Ethe1,11.823103215534154,2.965249340608594e-32,3.9256936020317175e-28,0.8222401
Neu,Cd300a,11.809503343464598,3.486144343418697e-32,4.615306496252013e-28,2.1859908
Neu,Nos1ap,11.764696510437435,5.933934421374917e-32,7.855935780458253e-28,2.950306
Neu,Gsn,11.749335497666811,7.117634442822243e-32,9.423036238852368e-28,0.9658989
Neu,Lims1,11.74325700025533,7.648316050949501e-32,1.0125605619852046e-27,0.7986961
Neu,Cd28,11.739000736435052,8.043113603432265e-32,1.0648278099583975e-27,3.3207347
Neu,Fermt3,11.675698672936965,1.6966597338534563e-31,2.246207821648591e-27,0.5399716
Neu,Timp2,11.663682587894337,1.9540429597595473e-31,2.5869574744256646e-27,0.6407978
Neu,Niban1,11.608748454904326,3.720208186188336e-31,4.9251836176947374e-27,1.8000816
Neu,Hipk1,11.446957580059193,2.4354395788773487e-30,3.224278458475722e-26,1.2362863
Neu,Tnfsf13b,11.438261226524535,2.692270933434177e-30,3.564297488773507e-26,3.3062038
Neu,Gsdme,11.40728751805187,3.84534088505369e-30,5.0908467977225805e-26,1.9090829
Neu,Dgat2,11.372959136688067,5.702107602143187e-30,7.549020254477365e-26,1.4225804
Neu,H2-Q10,11.328769596681973,9.452319717160958e-30,1.2513926073549392e-25,2.187241
Neu,Trem3,11.320560446834016,1.0380614329749515e-29,1.3742895311155384e-25,0.71569073
Neu,Irf2bp2,11.299429698051604,1.3207289589852e-29,1.7485130688005065e-25,0.5282455
Neu,Nedd9,11.273861920286794,1.766480847621367e-29,2.338643994165928e-25,1.7304211
Neu,Map1lc3b,11.246315725991305,2.4146905638894358e-29,3.196808837533224e-25,0.5015186
Neu,Tinagl1,11.229180050094204,2.931866177778057e-29,3.88149763276037e-25,1.6141214
Neu,Unc119,11.224232994003197,3.1006513693034835e-29,4.104952347820882e-25,0.79141265
Neu,Sp140l1,11.197832707144682,4.178304235735106e-29,5.531656977689706e-25,1.7059588
Neu,Ppp1r12a,11.171028106746613,5.652282223982857e-29,7.483056436330905e-25,0.73894393
Neu,Rdh12,11.163215586977904,6.171806373861169e-29,8.170854458354801e-25,1.9593033
Neu,Stk39,11.076279358215224,1.6352766103457313e-28,2.1649427044367136e-24,2.398332
Neu,Rab6a,11.056906649262617,2.029774956557503e-28,2.6872190649864783e-24,0.84734356
Neu,Lefty1,11.037238184333074,2.5268065142750948e-28,3.345239144248798e-24,3.108767
Neu,Id2,11.00068104753047,3.7925666532836835e-28,5.0209789922822685e-24,1.0699127
Neu,Cyth4,10.969953799332417,5.329962262215754e-28,7.056337038947436e-24,1.1865034
Neu,Gm11714,10.943667647751713,7.125765922124369e-28,9.433801504300452e-24,4.4944363
Neu,Rcsd1,10.940124103581635,7.409840867125605e-28,9.809888323987588e-24,0.9333836
Neu,Ly6g5b,10.916338800994732,9.62998574909838e-28,1.2749138133231347e-23,3.2542093
Neu,Serpinb1a,10.871731553398748,1.5718888216333406e-27,2.0810236109603796e-23,0.3118701
Neu,Pstpip1,10.853783393684326,1.9133772079606355e-27,2.5331200856190855e-23,1.1309394
Neu,Grk6,10.844216144303937,2.1244913499396014e-27,2.812614098185038e-23,1.0099704
Neu,Rilpl2,10.777245163102927,4.40892451885594e-27,5.83697517051338e-23,0.9765884
Neu,Serpina11,10.768252786844652,4.8613896341779824e-27,6.435993736688231e-23,1.7068069
Neu,Mocos,10.753405190769941,5.71134010824138e-27,7.561243169300763e-23,2.1596782
Neu,Rilpl1,10.725592189740576,7.719102412170581e-27,1.0219319683472632e-22,2.6794689
Neu,Col5a1,10.70113673238949,1.0053721620857308e-26,1.331012205385299e-22,4.333587
Neu,Lair1,10.697911982641624,1.0409746259717801e-26,1.3781463073240396e-22,1.6168505
Neu,Il36a,10.66733109845576,1.4472366806853453e-26,1.9159966415593286e-22,3.334404
Neu,Ninj1,10.604611718554896,2.836396852502817e-26,3.7551057930284797e-22,0.8799423
Neu,Sun2,10.520638451415458,6.940169715548452e-26,9.188090686414596e-22,0.59267867
Neu,Arfgef1,10.518845657318252,7.073486036497931e-26,9.364588163719612e-22,1.1275373
Neu,Sh2d3c,10.513181437825558,7.511594362009241e-26,9.944599775864035e-22,2.1975317
Neu,Rhog,10.460925409363567,1.3057408449180897e-25,1.728670304587059e-21,0.44773078
Neu,Tnnt1,10.427430353538869,1.8584627758224132e-25,2.460418868911293e-21,0.50135803
Neu,Tst,10.355388859221177,3.9557583975209317e-25,5.2370285424779616e-21,0.52871966
Neu,Rhof,10.32171375216381,5.621076098637272e-25,7.441742646985885e-21,1.8863386
Neu,Sp100,10.305998362212382,6.620068525380661e-25,8.764308720751458e-21,0.78599596
Neu,Fam169b,10.21806278656714,1.6459730879242127e-24,2.1791037711028652e-20,2.445394
Neu,Kdm6b,10.195329580042655,2.0803770005680673e-24,2.754211111052064e-20,1.5886416
Neu,Ppp2r5a,10.17382128671646,2.595229438620921e-24,3.4358242537902375e-20,0.90448034
Neu,Nhsl2,10.161118097411423,2.956660839930006e-24,3.914323285983335e-20,1.7599804
Neu,Septin5,10.142782909838504,3.5678781722734554e-24,4.7235139122728276e-20,2.3271224
Neu,Arg2,9.999791610574112,1.5271808945798198e-23,2.0218347863342234e-19,4.0375195
Neu,Ppm1m,9.920500891496172,3.390503796221319e-23,4.488687975817404e-19,1.2180958
Neu,Pde2a,9.866580089578129,5.811218125854448e-23,7.693471676818703e-19,1.1029534
Neu,Msra,9.847197058795595,7.04821567258372e-23,9.331132728933586e-19,0.7184225
Neu,Rassf3,9.75475056674701,1.7603287853219922e-22,2.3304992788877855e-18,1.8756386
Neu,Sgk1,9.673498983570616,3.9078383940666293e-22,5.173587249904811e-18,3.829617
Neu,Ptpre,9.641423124939617,5.344186925665864e-22,7.075169070889037e-18,0.47728223
Neu,Neat1,9.631911618446246,5.862847783374056e-22,7.761824180408912e-18,0.79933625
Neu,Esd,9.596860489395194,8.241656191161935e-22,1.0911128631479286e-17,0.4266876
Neu,Rnasek,9.583009682854554,9.425738954081123e-22,1.2478735801307999e-17,0.4075573
Neu,Ehd1,9.5652607971829,1.1191894369703231e-21,1.481694895605011e-17,1.4776478
Neu,Fgd4,9.563819245313567,1.13489493345878e-21,1.502487402406079e-17,2.2373915
Neu,Fas,9.539168693285104,1.4398180889746578e-21,1.9061751679935493e-17,1.6501154
Neu,Nherf1,9.47002064815011,2.7978838293008176e-21,3.704118401611353e-17,0.5605835
Neu,Ifitm3,9.467485789617136,2.866601982715994e-21,3.7950943649177045e-17,0.41716242
Neu,E2f2,9.436629644929383,3.849628334427587e-21,5.096522951948682e-17,1.5839729
Neu,Mcl1,9.40317579645599,5.294053099711992e-21,7.008796898708707e-17,0.60243905
Neu,Gm26740,9.376741779225036,6.80428863442182e-21,9.008197723111048e-17,1.9911762
Neu,Hpcal1,9.332521865468372,1.0338128342268911e-20,1.3686648112329813e-16,1.1828963
Neu,Kdm7a,9.332452973229282,1.0344851938424581e-20,1.3695549481280302e-16,1.4455693
Neu,Ier2,9.32578796262912,1.101619617561357e-20,1.4584342116894804e-16,0.67726564
Neu,Ppp1r16b,9.284817983714056,1.6198379869925164e-20,2.1445035109793925e-16,3.5143776
Neu,Lrrfip1,9.280209977046297,1.691448960768458e-20,2.2393092791613616e-16,0.6202189
Neu,Gcnt2,9.224391705981697,2.851749135255613e-20,3.775430680164906e-16,3.5872545
Neu,Ptgs1,9.148894100594896,5.751934211372454e-20,7.614985702435992e-16,1.3856512
Neu,Pnpla8,9.132004978365181,6.724222406665722e-20,8.90219804418475e-16,1.4278048
Neu,Gm16587,9.115298255844408,7.845437773409086e-20,1.0386575068216288e-15,2.4457083
Neu,Degs1,9.049052920486304,1.442136776807348e-19,1.9092448788152482e-15,0.66169566
Neu,Rassf5,8.960056745793745,3.245113632777301e-19,4.2962059384338685e-15,1.1287494
Neu,Rab3d,8.94112122308522,3.8524149822725827e-19,5.100212195030672e-15,1.0040213
Neu,Gsap,8.938734831785656,3.9365118971083548e-19,5.2115481005817506e-15,2.520146
Neu,Samd9l,8.926566354553824,4.394359758851152e-19,5.81769288474304e-15,1.5799913
Neu,Cib2,8.91667262117728,4.805075098698741e-19,6.3614389231672636e-15,1.8625565
Neu,Prkcb,8.868181906856288,7.434980363436963e-19,9.843170503154195e-15,1.5284373
Neu,Reep3,8.848377228218153,8.880105044508348e-19,1.1756371068424601e-14,1.3586676
Neu,Gm39556,8.839628863800616,9.603708448453245e-19,1.2714349614907251e-14,2.169747
Neu,Rnf130,8.826368904850202,1.0812895868864635e-18,1.431519284078989e-14,0.31950486
Neu,Tsc22d4,8.826088397044764,1.0840036063866976e-18,1.435112374495349e-14,0.5642588
Neu,Iqgap1,8.814867829768893,1.1982633783869785e-18,1.5863808866465208e-14,0.60500515
Neu,Nod1,8.759072782810554,1.9686298113752683e-18,2.6062690072797176e-14,1.6245996
Neu,Tmem63a,8.733953404599355,2.4592245548454527e-18,3.255767388159895e-14,1.5989527
Neu,Tmem216,8.711849431554604,2.9895661150091595e-18,3.957886579660626e-14,1.2758875
Neu,Cxcr4,8.680714654402793,3.932897150536508e-18,5.206762537595282e-14,0.7909291
Neu,Mctp1,8.658711927342464,4.7712490813608385e-18,6.316656658813614e-14,1.4365561
Neu,Gadd45g,8.644640257567955,5.3975077461721954e-18,7.14576050515737e-14,2.2717564
Neu,Btg2,8.539561060218718,1.3473265073982338e-17,1.7837255631445217e-13,1.2343376
Neu,Cd14,8.487218377947153,2.1164183385829367e-17,2.80192623844995e-13,2.385044
Neu,Zfp36,8.444693448321742,3.0484435670803336e-17,4.0358344384576534e-13,1.708556
Neu,Paqr7,8.432884372938187,3.3724788375554386e-17,4.464824733039645e-13,1.598628
Neu,Rab20,8.398240795650189,4.532170832530513e-17,6.000140965187146e-13,1.9167633
Neu,Myo5a,8.383394883036917,5.14225998370345e-17,6.807837992424998e-13,1.1696496
Neu,Ebi3,8.378473096466514,5.3618735383105815e-17,7.098584377369378e-13,2.0090542
Neu,Tnfaip8l2,8.374266837245427,5.556872261416333e-17,7.356743186889083e-13,0.84798115
Neu,Uba7,8.366432547130756,5.938889265456524e-17,7.862495498537893e-13,1.5179033
Neu,Irag2,8.365456672060311,5.98825332688587e-17,7.927848579464203e-13,0.66444623
Neu,Aoah,8.349496698691027,6.855446245624691e-17,9.075925284582528e-13,1.9033678
Neu,Traf1,8.334421275184395,7.787817055253106e-17,1.0310290999449587e-12,1.6891007
Neu,Rell1,8.30313135412684,1.0140265922734101e-16,1.3424698055107676e-12,1.544758
Neu,Inpp4a,8.294628312237228,1.089252472197672e-16,1.442061347942498e-12,1.7935276
Neu,Triobp,8.293521828711787,1.0994375118987837e-16,1.4555453220027996e-12,0.8172302
Neu,Plxnc1,8.259601557675309,1.4615953078530657e-16,1.9350060280666735e-12,4.543629
Neu,Sema7a,8.255622972573503,1.5111194634339344e-16,2.000571057640186e-12,4.235557
Neu,C5ar2,8.247991326277308,1.6107905786918843e-16,2.1325256471301856e-12,2.387789
Neu,Map6,8.238633575260243,1.7418851934138843e-16,2.3060818075606417e-12,2.6436334
Neu,Irf1,8.231792920953335,1.844318833794196e-16,2.441693704060136e-12,2.0610225
Neu,Wipi1,8.226682814341983,1.9246923768272766e-16,2.5481002376816313e-12,1.118273
Neu,Tnf,8.189552814543754,2.6219855138358976e-16,3.471246621767345e-12,2.0621352
Neu,Pilrb1,8.17322221893963,3.002601980781452e-16,3.9751447623565644e-12,1.7403176
Neu,Wdr1,8.167859853300634,3.139082752287695e-16,4.1558316557536795e-12,0.5877985
Neu,Id1,8.160880068488247,3.325922832657904e-16,4.4031892381557994e-12,1.0603125
Neu,Ipcef1,8.104433348985369,5.299191027029354e-16,7.015599000684161e-12,4.652372
Neu,Arf5,8.060178683154096,7.618300800868806e-16,1.0085868430270213e-11,0.33828294
Neu,5830432E09Rik,8.057422188085559,7.792016164576756e-16,1.0315850200283167e-11,1.7888653
Neu,Mgll,8.030427850880171,9.71333243478819e-16,1.2859480810416085e-11,1.0832493
Neu,Cdc42,8.027792654874942,9.924202119980695e-16,1.3138651186642443e-11,0.2709428
Neu,Tln1,8.024841014355864,1.016575135326608e-15,1.3458438216588965e-11,0.51626134
Neu,Atxn10,7.984207004071531,1.4142851772134522e-15,1.8723721461128893e-11,0.43558103
Neu,Gm36756,7.972946130294937,1.5493572190339218e-15,2.051194022279009e-11,3.8043017
Neu,Itih4,7.9547808155470205,1.7944891178422945e-15,2.3757241431114138e-11,2.7898269
Neu,Dhrs9,7.94283686977949,1.976087607126611e-15,2.6161423830749203e-11,1.8722787
Neu,F730016J06Rik,7.892537464932369,2.9610339750826805e-15,3.920112879611961e-11,3.4051523
Neu,Oas3,7.8111385467557835,5.667367393451885e-15,7.503027692190951e-11,3.2647433
Neu,Abca13,7.803169020085995,6.037160506460199e-15,7.992596794502657e-11,1.6383847
Neu,Svil,7.726612092445266,1.1044654752433157e-14,1.4622018426746256e-10,1.3244927
Neu,Camk4,7.712224693001888,1.2364319411175556e-14,1.6369122468455318e-10,2.0346308
Neu,Zfp385a,7.636392434434212,2.233927251921754e-14,2.95749628881921e-10,2.1542418
Neu,I830077J02Rik,7.632682831875967,2.299180452991598e-14,3.043885001715577e-10,1.4964641
Neu,Klf13,7.554058901410822,4.218992293710458e-14,5.585523897643275e-10,0.6256503
Neu,Stra8,7.550332080755346,4.34149823253577e-14,5.747709510054106e-10,1.7678585
Neu,Dennd2a,7.496294835366504,6.564703891386702e-14,8.691011481806854e-10,1.8778131
Neu,Mapk3,7.465496048165844,8.298638203338607e-14,1.0986567117399982e-09,0.4801299
Neu,Tmem40,7.456488155094625,8.885908036057304e-14,1.1764053648936264e-09,0.7667738
Neu,Ppp1r3d,7.380130263189795,1.5813473676658474e-13,2.0935457800528154e-09,2.3638623
Neu,4930423D22Rik,7.378281708015229,1.6034541913576788e-13,2.122813003938431e-09,2.4551072
Neu,Cd44,7.370265415223894,1.7028866461457082e-13,2.254451630832303e-09,1.1998148
Neu,Tmem273,7.356253747735179,1.8914331519435292e-13,2.5040683498580383e-09,1.8190327
Neu,Gapt,7.345322544426701,2.0526349672118073e-13,2.717483433091712e-09,1.1323576
Neu,Samhd1,7.321056230428259,2.4602671283272576e-13,3.2571476511924563e-09,1.302599
Neu,Smap2,7.313579158909076,2.601189521236329e-13,3.443714807164776e-09,1.6390588
Neu,N4bp2l1,7.271543647885868,3.554024989088609e-13,4.705173683054409e-09,1.7291799
Neu,Tex15,7.250345674502252,4.157092968111899e-13,5.503575380483343e-09,2.0513666
Neu,Osgin1,7.240390246799759,4.473955161841299e-13,5.923069238761696e-09,2.8134332
Neu,Trem1,7.152822269324059,8.501164465411067e-13,1.125469163575771e-08,1.8349884
Neu,Gpat3,7.14496614615682,9.001807208860208e-13,1.191749256381003e-08,3.677402
Neu,Vamp5,7.14363130449346,9.08970099533819e-13,1.203385514772823e-08,0.5778266
Neu,Samsn1,7.13510511039849,9.671322612753537e-13,1.2803864007024408e-08,0.68873245
Neu,Ier5,7.133714973754855,9.769553195196383e-13,1.2933911475120492e-08,0.98992217
Neu,Rinl,7.116485418198038,1.1071388339369048e-12,1.4657411022490682e-08,0.5870296
Neu,Slc40a1,7.099196592260413,1.2548420477576774e-12,1.6612853870263892e-08,1.1373129
Neu,Cast,7.085540968174497,1.385021877052998e-12,1.833630463030464e-08,0.9575366
Neu,Dapk2,7.044946717667406,1.8553248874624124e-12,2.4562646185114878e-08,1.5711929
Neu,Ndel1,7.019784853053066,2.2221014662181094e-12,2.941840131126155e-08,1.4726956
Neu,Chp1,7.017233040945315,2.2630498636534e-12,2.996051714490736e-08,0.84986967
Neu,Stk10,7.014345308134385,2.3102817558748236e-12,3.058582016602679e-08,1.5062317
Neu,Shisa5,7.001772066314759,2.5274504113737414e-12,3.346091599617696e-08,0.6523725
Neu,B230217C12Rik,6.973268238094789,3.0966138680837275e-12,4.099607099956047e-08,2.2728431
Neu,Cpeb4,6.964465591568731,3.296526954981435e-12,4.3642720356999214e-08,1.8158748
Neu,4930523C07Rik,6.927172294238374,4.2933558022702745e-12,5.6839737466256165e-08,0.75404125
Neu,Tecpr1,6.921621844757242,4.465018510032797e-12,5.91123800543242e-08,1.937305
Neu,Psap,6.907059226130115,4.948033983746076e-12,6.55070219108143e-08,0.80489576
Neu,Bin2,6.890876037852798,5.544984320282857e-12,7.341004741622474e-08,0.83875114
Neu,Ralb,6.859218237630184,6.923839633979988e-12,9.166471291426106e-08,1.4361159
Neu,Fes,6.821265278266283,9.024212223989367e-12,1.1947154563339524e-07,0.8614763
Neu,Tecr,6.798161070481866,1.059629509968502e-11,1.4028435082472997e-07,0.25142312
Neu,Nfam1,6.702529567855632,2.048421088797766e-11,2.7119046794593625e-07,1.1989417
Neu,Tnnc1,6.69413381325056,2.1695282717061806e-11,2.8722384789118124e-07,2.4730618
Neu,Septin1,6.693405834373981,2.180353562791382e-11,2.886570081779511e-07,0.6501907
Neu,Draxin,6.662935608474943,2.684112832617533e-11,3.553496979102352e-07,2.2796721
Neu,Tnfaip2,6.662806588703932,2.6864711053061863e-11,3.55661909631486e-07,1.2105737
Neu,Arid3a,6.6417432412473785,3.099946400300987e-11,4.104019039358476e-07,1.2197332
Neu,Abcc5,6.6090302984676095,3.868455492186486e-11,5.121448226105689e-07,1.6405494
Neu,Gpr84,6.588314466978488,4.4484768055377154e-11,5.889338442851381e-07,1.5185151
Neu,Qrfp,6.57374227070802,4.906613291221492e-11,6.495865336248134e-07,1.5725791
Neu,Rnf11,6.545942551695877,5.912130569199293e-11,7.827069660562944e-07,0.80423784
Neu,Adss1,6.5248907487619086,6.805111818189438e-11,9.009287536100997e-07,0.5591868
Neu,Plekho2,6.51689560170616,7.17773441283859e-11,9.502602589157009e-07,1.5136069
Neu,Tent5c,6.511326005820627,7.449027826058086e-11,9.861767938918302e-07,2.5204287
Neu,Skap2,6.509508040501108,7.539732000527349e-11,9.981851195498158e-07,0.8504462
Neu,Rnf144a,6.506594805385957,7.68733951463514e-11,1.0177268783425462e-06,1.6617019
Neu,Slc39a4,6.478026589861952,9.292998006614097e-11,1.2303000060956403e-06,0.7097633
Neu,Tnfsf12,6.4647687969495715,1.0145380623076338e-10,1.3431469406890765e-06,1.4394896
Neu,Gpc1,6.436967307957407,1.2188417226385438e-10,1.6136245566011681e-06,2.1339283
Neu,Lrrk2,6.436662273870656,1.221292574491001e-10,1.6168692393686364e-06,1.9561698
Neu,Tbxas1,6.426248040035381,1.3079192469094207e-10,1.731554290983382e-06,1.2696674
Neu,Serpinb2,6.424573602203992,1.3223966591657212e-10,1.7507209370694983e-06,2.104668
Neu,Il1r2,6.4007858398925475,1.5457926660408773e-10,2.0464749105715173e-06,1.7739778
Neu,AI467606,6.390743916483913,1.6508064612052364e-10,2.1855026739896122e-06,0.70831406
Neu,Ptges,6.38996158666505,1.6592743192068983e-10,2.1967132711980126e-06,2.3381667
Neu,Arhgap4,6.292094159626691,3.1321138628851595e-10,4.146605543073663e-06,1.3744954
Neu,Cd33,6.2897011089999975,3.1807779449801185e-10,4.211031921359179e-06,0.62471366
Neu,Fbxo24,6.25256074005451,4.037766246215479e-10,5.345598733364673e-06,3.7067661
Neu,Slc22a15,6.248005531137495,4.1572695772467695e-10,5.503809193316998e-06,1.2978945
Neu,Prkab1,6.235037451373226,4.5167002086407306e-10,5.979659406219463e-06,0.9517499
Neu,Ly75,6.225468333908938,4.801196233874893e-10,6.356303694026971e-06,1.5351758
Neu,Abhd3,6.216576574764569,5.081184723284791e-10,6.726980455156735e-06,3.7409182
Neu,Sirpa,6.184987982627398,6.210720104033724e-10,8.222372345730248e-06,0.9611928
Neu,Orm3,6.146076004144054,7.94232377129845e-10,1.0514842440822019e-05,3.0634437
Neu,Il1b,6.140217123063058,8.240876306559263e-10,1.0910096142253808e-05,3.9515996
Neu,Tnrc6b,6.118693307139182,9.434578451045674e-10,1.2490438411339368e-05,0.6708312
Neu,Slc31a2,6.111045540314462,9.898051350822987e-10,1.3104030183354553e-05,1.4424751
Neu,Znfx1,6.080596513307426,1.1973625358403788e-09,1.5851882611990775e-05,1.6378545
Neu,Ugp2,6.035059521409339,1.5890410522095817e-09,2.103731449020265e-05,1.0089763
Neu,Gm12236,6.007624325606929,1.8826143497967664e-09,2.492393137695939e-05,2.7083683
Neu,Mettl9,5.988247833241761,2.121136826251023e-09,2.8081730442737296e-05,0.568043
Neu,Gm14703,5.9874590036657835,2.1314464327052935e-09,2.8218219322585382e-05,2.576953
Neu,Card10,5.9805705315186355,2.223574186832689e-09,2.9437898659477968e-05,2.4573498
Neu,Rap1b,5.977246551681453,2.269406053024209e-09,3.0044666735987505e-05,0.37142384
Neu,Ncoa4,5.97375483539641,2.318541525793673e-09,3.0695171259982436e-05,0.5149964
Neu,Grk2,5.972509698974736,2.33631251456549e-09,3.093044138033252e-05,0.46427226
Neu,Rgs18,5.959890362872023,2.524072198619738e-09,3.341619183752671e-05,0.6743567
Neu,Chst12,5.925939162972746,3.105175392420559e-09,4.110941702025578e-05,0.4408297
Neu,Cd84,5.90295820170003,3.570407575179725e-09,4.726862588780438e-05,0.7972217
Neu,Anxa3,5.8885619846587405,3.895704352205756e-09,5.157522991885201e-05,0.30313218
Neu,Unc93b1,5.849215945084289,4.93895542829995e-09,6.538683091526304e-05,1.2191589
Neu,Pxn,5.825166483971827,5.705569346086293e-09,7.553603257283644e-05,1.0000365
Neu,Cdk2ap2,5.8243700720173495,5.7328417109133205e-09,7.589709141078145e-05,0.35776305
Neu,Marchf2,5.817694732761586,5.966473529650715e-09,7.899014305904581e-05,0.6202479
Neu,Bcl6,5.814611298823979,6.077493869683163e-09,8.045994134073539e-05,2.480237
Neu,Fbxo10,5.8106813039939285,6.22191090338741e-09,8.237187844994591e-05,2.035498
Neu,Ptgir,5.807871701125639,6.32719702996992e-09,8.376576147977177e-05,0.934278
Neu,Cyp26a1,5.786285488292176,7.195987641423109e-09,9.526768038480054e-05,2.6841903
Neu,Cand2,5.776068320616771,7.646633463050857e-09,0.0001012337804173303,2.2783616
Neu,Notch1,5.762888080241598,8.26866300516797e-09,0.00010946882952541875,1.1100276
Neu,Arhgap9,5.751206269003785,8.860892486684425e-09,0.00011730935563121511,0.86430913
Neu,Gda,5.727761357825443,1.0176458325873548e-08,0.0001347261317762399,0.49929616
Neu,Golim4,5.717277342429175,1.0824436991317484e-08,0.00014330472132805216,0.7034411
Neu,Rnf166,5.675440813236679,1.383319673290831e-08,0.00018313769154697313,0.8489569
Neu,Igf1r,5.65872939484995,1.5249778383398594e-08,0.000201891816017814,0.9186554
Neu,Cyb561a3,5.627895266265852,1.824217899917198e-08,0.00024150820777003783,0.83263165
Neu,Atp2c1,5.624169478690675,1.8640257945936984e-08,0.0002467783749462597,0.9696425
Neu,Skil,5.616946733453572,1.943613074487536e-08,0.0002573149349314049,1.8463459
Neu,Mir22hg,5.596907880710688,2.1820857435443215e-08,0.00028888633158783274,1.7653551
Neu,Ltc4s,5.585845867436097,2.3256543517437215e-08,0.0003078933796273513,1.7165757
Neu,Trappc14,5.530161735919793,3.1993567072640764e-08,0.00042356283447469106,0.8878373
Neu,Trib1,5.5161852356658185,3.464371121849582e-08,0.0004586480928216662,1.4124858
Neu,Pnrc1,5.512121280365541,3.545344728832452e-08,0.00046936818865012835,0.49277347
Neu,Septin4,5.486864983320018,4.09129597171971e-08,0.0005416466736959724,1.9423347
Neu,Txndc17,5.482855021693481,4.185159877780288e-08,0.0005540733162193324,0.30447006
Neu,D030055H07Rik,5.476787567485488,4.331166549768587e-08,0.0005734031395238632,1.7940052
Neu,Lhfpl2,5.463053823574557,4.680126205874509e-08,0.0006196019083957263,1.4163458
Neu,Pik3c2b,5.438672474296477,5.367903000564743e-08,0.0007106566782447663,2.337374
Neu,Snx20,5.427772302726527,5.7061770432953206e-08,0.0007554407787618675,0.76544607
Neu,Wdr26,5.423550741792092,5.842661942559742e-08,0.0007735100145754842,0.7248336
Neu,Proca1,5.423300297677575,5.850857545653839e-08,0.0007745950304691117,2.088384
Neu,Lct,5.402896294366137,6.557337491720701e-08,0.0008681259105289037,3.8456125
Neu,Rnf19b,5.387957662551678,7.126283315628795e-08,0.0009434486481560962,1.5096747
Neu,Zfp414,5.386527553556173,7.183192172299174e-08,0.0009509828116906877,0.9230899
Neu,Ddit4,5.340046013029432,9.292299391142593e-08,0.0012302075163933678,1.4162745
Neu,F5,5.328588065791174,9.897920163640628e-08,0.0013103856504643827,1.2393831
Neu,Adipor1,5.321495890457591,1.0291743647859862e-07,0.001362523941540167,0.53987503
Neu,Ankrd9,5.287828807621222,1.2377673489458898e-07,0.0016386801932694634,1.1374494
Neu,Cyfip2,5.2794149378932795,1.2959702470107797e-07,0.0017157350100175713,0.687473
Neu,Elovl3,5.246098338369049,1.5535400281535533e-07,0.002056731643272489,3.1731644
Neu,Mustn1,5.196993800144439,2.0253711540763498e-07,0.0026813888708816795,2.5153103
Neu,Kctd20,5.19420306449719,2.0559863484111958e-07,0.002721920326661582,0.6292158
Neu,2310001H17Rik,5.1758726743692485,2.2684812818462804e-07,0.003003242369036291,1.3336986
Neu,Ilk,5.16005599011136,2.4687599883588863e-07,0.0032683913485883295,0.47317085
Neu,Ap5s1,5.156772414749251,2.512428624645604e-07,0.003326204256168315,3.1394143
Neu,Gm37800,5.151421262287966,2.5851975955443345e-07,0.0034225430967411443,2.9483
Neu,Ampd3,5.08159190590748,3.742848443848326e-07,0.004955157054810799,1.7237928
Neu,Abracl,5.076347751747327,3.847588268335236e-07,0.005093822108449019,0.2664821
Neu,AC133103.1,5.05247344184087,4.361250147358058e-07,0.005773859070087334,3.1460938
Neu,Klf6,5.043431402033557,4.572567418901904e-07,0.00605362200588423,0.74070275
Neu,5830428M24Rik,5.041875672567576,4.6099077482665805e-07,0.006103056867930126,1.225637
Neu,Msl1,4.97918318573001,6.385318419011712e-07,0.008453523054929605,0.64221424
Neu,Dennd1c,4.950642112387046,7.396901990926783e-07,0.009792758545787969,1.2223859
Neu,Sipa1,4.938776653708865,7.861418901212336e-07,0.010407732483315012,1.0416583
Neu,Nfe2l2,4.9364385639581645,7.956208475226461e-07,0.010533224400352311,0.67971915
Neu,Gp9,4.925205553888564,8.427171951459246e-07,0.011156732946536897,2.5126958
Neu,P4htm,4.847944594828242,1.2474722786223887e-06,0.016515285496681804,1.6428821
Neu,Pcolce,4.847134157002693,1.2525772771772714e-06,0.016582870572549896,2.19598
Neu,Atp2a3,4.842295371214348,1.2834778392543742e-06,0.01699196311388866,0.4538847
Neu,Agl,4.823110369916223,1.4133671050560364e-06,0.018711567103836865,1.1790975
Neu,Stxbp2,4.817136607659984,1.4563298766321266e-06,0.019280351236732725,0.5162645
Neu,Jund,4.78980042908052,1.6694727069186872e-06,0.0221021491668965,0.2589749
Neu,Baiap3,4.788524930760288,1.6801169378264942e-06,0.022243068139884956,1.262323
Neu,Ier3,4.780125005943773,1.75186232863785e-06,0.023192905368836496,0.7512454
Neu,Ugdh,4.754858028244135,1.985859203453752e-06,0.026290789994524222,0.8438003
Neu,Smox,4.70598565251269,2.5264228714057717e-06,0.03344731239454101,1.7908993
Neu,Il13ra1,4.7043001917960385,2.547382029621932e-06,0.033724790690164756,2.0488648
Neu,Tbc1d10c,4.699305380847485,2.610478573032809e-06,0.034560125828381354,0.68074864
Neu,Tmc8,4.6823532584456276,2.836001962550925e-06,0.0375458299822117,1.75891
Neu,Baz2b,4.679141221433833,2.880789779116506e-06,0.03813877588572342,0.39163795
Neu,Sema4c,4.6734501127520875,2.9618167327546e-06,0.039211491724938145,1.8456676
Neu,Ceacam18,4.662255840317873,3.1276203898920156e-06,0.041406566341780394,3.7217999
Neu,Jak1,4.656198011305524,3.2210216263368464e-06,0.04264310531107351,0.5582527
Neu,Gm45894,4.656167308260069,3.2215017590616366e-06,0.042649461788217005,2.1648836
Neu,Rogdi,4.6472720734744835,3.3635341194409233e-06,0.04452982820727838,1.2865244
Neu,Trim30b,4.645162749249752,3.398084636949249e-06,0.044987242508571106,3.8025675
Neu,Grcc10,4.638144090117715,3.5155167415559388e-06,0.04654192614145907,0.2925483
Neu,Ces1d,4.632832049525961,3.606971510756289e-06,0.04775269583090251,0.8681954
Neu,Hcfc1r1,4.6318374367047435,3.6243469161033203e-06,0.047982728822291855,0.42692783
Neu,Nxnl2,4.6313833208884985,3.6323067570569183e-06,0.048088109156676544,1.523613
Neu,Atosb,4.6271692075663475,3.706976440387509e-06,0.04907666109429023,1.8660889
Neu,Slc16a6,-4.633841017821757,3.5894269376770323e-06,0.04752042322790623,0.29785848
Neu,Itga6,-4.645176536336056,3.397857704798082e-06,0.044984238153821805,0.35584068
Neu,Capn15,-4.659160459890455,3.175016400617009e-06,0.04203404212776858,0.26360393
Neu,Avl9,-4.740993312110245,2.1267295398616697e-06,0.028155772378228645,0.36043072
Neu,Trafd1,-4.781790653770487,1.7374056430287137e-06,0.02300151330805714,0.25925374
Neu,Picalm,-4.818524067873346,1.4462408203867845e-06,0.01914678222110064,0.28050065
Neu,Nudt22,-4.840828208361106,1.2929911451565983e-06,0.017117909770728204,0.25064373
Alt,Alox15,47.413796107215504,0.0,0.0,6.8809514
Alt,Cd200r4,43.62622096464365,0.0,0.0,6.9440074
Alt,Rnase12,39.34845251906573,0.0,0.0,5.811702
Alt,P2ry14,38.836991677544184,0.0,0.0,5.770588
Alt,Epx,37.579941138579024,4.57148055678789e-309,6.052183109131488e-305,5.837002
Alt,Akr1c18,37.02841498988801,3.9970820556575774e-300,5.291736933485067e-296,6.8343115
Alt,Cdkn2b,35.747733755807886,7.174495627831207e-280,9.498314761685735e-276,5.5572143
Alt,Prg3,35.088741564900104,1.0010159884035959e-269,1.3252450670475206e-265,6.967824
Alt,Ear6,31.380265590759002,3.7616673346472145e-216,4.980071384339447e-212,6.539985
Alt,F2r,30.76947137501584,6.71367957838971e-208,8.888240393830137e-204,5.14994
Alt,Cd200r1,30.559197146714972,4.268036669542162e-205,5.6504537468068685e-201,4.3476143
Alt,Tgm1,29.781950806878577,6.692436691081424e-195,8.860116935322697e-191,4.6326714
Alt,Hacd4,28.11927269080388,5.694783371174351e-174,7.539323705097723e-170,4.2194395
Alt,Cyp11a1,27.21541857793205,4.26714660556159e-163,5.649275391102989e-159,3.6128316
Alt,Ccl6,26.755889520459245,1.0545451873758858e-157,1.396112373566935e-153,5.723948
Alt,Gata1,26.238862670612466,9.578268135329542e-152,1.268066918436278e-147,3.7475157
Alt,Hdc,26.234320136471442,1.0792484870271924e-151,1.4288170719753e-147,4.5494003
Alt,Il4,26.22883809829754,1.2464205142508204e-151,1.650136118816661e-147,4.7853956
Alt,Cdkn2a,26.188525303318567,3.5907272819700386e-151,4.753763848600134e-147,4.0736017
Alt,Cyp4f18,25.74616855687942,3.5581678666037787e-146,4.7106584385967426e-142,3.6609335
Alt,Txk,25.44240674711884,8.566764682517275e-143,1.134153976318462e-138,5.465229
Alt,Gata2,24.955144617468928,1.8777337334987704e-137,2.485931689779022e-133,3.8757753
Alt,Ctsh,24.866982650630348,1.6942101075614268e-136,2.242964761400573e-132,3.242737
Alt,Prg2,24.274953335496367,3.6054841424449737e-130,4.7733004561829006e-126,7.783581
Alt,Csf2rb2,24.14164633100099,9.138488003272099e-129,1.209844426753193e-124,3.5505633
Alt,Adora2b,23.534714297121365,1.8002536559455184e-122,2.383355815106272e-118,4.4033065
Alt,Adam19,23.330893249621255,2.154422625074368e-120,2.852240113335956e-116,5.140997
Alt,Ldhc,22.96464303567086,1.052135074871029e-116,1.3929216256217554e-112,2.4356103
Alt,S100a10,22.858517981504452,1.2024289062251373e-115,1.5918956289514592e-111,2.1582327
Alt,Cd53,22.79206024215065,5.496773196399925e-115,7.277178034713861e-111,2.1300366
Alt,H2-Oa,22.55658575993537,1.157167917554264e-112,1.5319746060500901e-108,4.0715103
Alt,Dhrs1,22.525072004642553,2.357765526546042e-112,3.121445780594305e-108,3.2376237
Alt,Cd55,21.935419788084904,1.1933179046497293e-106,1.5798335739657767e-102,3.7546968
Alt,Osm,21.8947098340518,2.9175634468863754e-106,3.862562247332872e-102,4.7140746
Alt,Crip1,21.401002787162845,1.3076524555191321e-101,1.731201085861779e-97,1.5224073
Alt,Gabarap,21.087472741435583,1.0365304180432428e-98,1.3722626204474491e-94,1.3943655
Alt,Adora3,20.901728196754483,5.164116455878728e-97,6.836773775937848e-93,4.083319
Alt,Ftl1,20.86791287542761,1.0481090567130135e-96,1.3875915801823585e-92,1.755213
Alt,Itgb7,20.72417201779987,2.097033830653982e-95,2.7762630884028067e-91,2.7154365
Alt,Prr13,20.652392859642053,9.290244907126474e-95,1.229935523254474e-90,1.8233005
Alt,Ikzf2,20.34430532555508,5.214560992861122e-92,6.90355729844884e-88,2.503316
Alt,Plk3,20.27870773079654,1.9827205073214143e-91,2.6249236796428204e-87,4.1820145
Alt,Rgs5,20.246970510907353,3.777697945932435e-91,5.001294310619951e-87,5.428975
Alt,Anxa1,20.209802443883245,8.026859761906384e-91,1.0626759638787862e-86,2.0550914
Alt,Niban1,19.820423794027388,1.9843067975766054e-87,2.627023769311668e-83,2.9042552
Alt,Ccl3,19.79535735715345,3.264289013523212e-87,4.32159222500338e-83,6.353814
Alt,Srgn,19.714280056467715,1.6261376731231075e-86,2.152843665447682e-82,1.5601645
Alt,Clic3,19.377460085374807,1.1960631248532941e-83,1.5834679709932762e-79,3.3086762
Alt,Mt1,19.357292271323363,1.7694502852838668e-83,2.342575232687311e-79,1.6442161
Alt,Ccl9,19.20979305875207,3.06485297244125e-82,4.057558850214971e-78,4.4932165
Alt,Serpinb6a,19.16199317613861,7.687234453230808e-82,1.0177129692632268e-77,1.6821332
Alt,Furin,19.161419041892138,7.77250326577205e-82,1.0290017073555617e-77,3.9173641
Alt,Alox5ap,19.1404017530197,1.163693452829915e-81,1.5406137622015244e-77,1.5307975
Alt,Acss2,19.134331787321397,1.3074485779131302e-81,1.7309311722991932e-77,3.1565993
Alt,Ctsd,18.9410992493362,5.229383528270499e-80,6.923180853077314e-76,1.9720744
Alt,Nucb1,18.858633770587165,2.4958617022724228e-79,3.304271307638461e-75,1.0919285
Alt,Serf2,18.76939436014209,1.3440901180027803e-78,1.7794409072238808e-74,0.6735153
Alt,Ccr3,18.436710649000553,6.66761024106087e-76,8.827249198140486e-72,6.7498474
Alt,Gpr34,18.378672403643126,1.9467496410487906e-75,2.5773018497844937e-71,2.9887972
Alt,C4a,18.30477825644825,7.579994173504632e-75,1.0035154286302782e-70,3.6966283
Alt,Uqcrh,18.207917025597816,4.466181989246946e-74,5.912778335564032e-70,0.7169802
Alt,Aspa,18.135291512097695,1.6780689635861112e-73,2.2215955008916526e-69,2.1527696
Alt,Glb1,17.950810677732065,4.729494995454134e-72,6.2613784244817275e-68,2.9698381
Alt,Tyrobp,17.87341816708383,1.8998805334208015e-71,2.5152518381957992e-67,1.2817357
Alt,Blvrb,17.70745896278825,3.6728338527869085e-70,4.862464737704589e-66,2.182035
Alt,Myl12b,17.65414950510837,9.45471665208492e-70,1.2517099375695226e-65,0.9373417
Alt,Tmsb10,17.517694824427224,1.0499419797353833e-68,1.390018186971674e-64,1.1582212
Alt,Fau,17.481779137250143,1.972475101849168e-68,2.6113597873381134e-64,0.5341277
Alt,2410006H16Rik,17.479450513096072,2.0546947294697775e-68,2.7202103523450383e-64,1.3429341
Alt,Laptm5,17.44100761146722,4.029074447255533e-68,5.3340916607215996e-64,1.2084388
Alt,Rps24,17.35676706091076,1.7532192977579434e-67,2.3210870283017412e-63,0.47965527
Alt,Btg1,17.114749705015267,1.1520984363131792e-65,1.5252631198350179e-61,2.7842145
Alt,Socs1,17.09648478760938,1.57629678546246e-65,2.0868593142737505e-61,2.292193
Alt,Ddit4,16.987640302190695,1.013866577855268e-64,1.3422579624225895e-60,2.8742132
Alt,Lgals1,16.942725015628135,2.177977668454542e-64,2.883424635266968e-60,1.0518332
Alt,Cd63,16.691152808102828,1.5200706028719678e-62,2.012421471142198e-58,0.7266488
Alt,S100a6,16.56322264150362,1.2852200867797979e-61,1.7015028728877744e-57,1.1747355
Alt,Itm2c,16.514332863249376,2.8934281107798134e-61,3.830609475861395e-57,2.5403533
Alt,Gm6093,16.368687666164334,3.200406990085502e-60,4.237018814174196e-56,4.151533
Alt,Sat1,16.35334740855638,4.1172725518248186e-60,5.450857131360877e-56,1.398606
Alt,Stx3,16.299538580085276,9.943998927687176e-60,1.3164860180365052e-55,2.2750554
Alt,Grina,16.29620701959942,1.0500989610251652e-59,1.3902260145012161e-55,1.3006265
Alt,Rnase4,16.257369996116264,1.9805900049211939e-59,2.6221031075151686e-55,3.537736
Alt,Cdc42ep2,16.2293217122538,3.128978726836852e-59,4.142454936459308e-55,3.0056934
Alt,Neat1,16.195805448377932,5.398618506294711e-59,7.147231040483567e-55,2.3615816
Alt,Myl6,16.089370611004373,3.0290090140529606e-58,4.0101050337047145e-54,0.70352745
Alt,Tspo,15.951871497625259,2.764856338635402e-57,3.660393306719409e-53,0.5781467
Alt,Tnfrsf18,15.94229752180521,3.2228349961638325e-57,4.266711251421298e-53,2.2678714
Alt,Fxyd5,15.89115858238685,7.296640433546094e-57,9.660022269971674e-53,1.0899096
Alt,Mt2,15.88969987705792,7.46842823026394e-57,9.88745213404643e-53,1.9435445
Alt,Gpx4,15.749009286550246,6.9765724463506945e-56,9.236284261723685e-52,0.9535327
Alt,Actg1,15.567499042402696,1.2104842851628548e-54,1.6025601451271034e-50,1.3051143
Alt,Ostf1,15.504816666728047,3.218339867446737e-54,4.260760150512735e-50,1.0213758
Alt,Erp29,15.473201303407528,5.262366239707056e-54,6.966846664748171e-50,1.0213007
Alt,Morrbid,15.465817286774461,5.901941200000936e-54,7.813579954681239e-50,1.9936626
Alt,Ero1a,15.34475873929563,3.839842788256679e-53,5.083567867373018e-49,1.7697492
Alt,Lama5,15.32715482246744,5.035650221111238e-53,6.666697327729168e-49,3.4662309
Alt,Lgals3,15.31984447869832,5.635217789931006e-53,7.460464832089659e-49,1.9125642
Alt,Fth1,15.317500021164195,5.842165547944976e-53,7.734442968924353e-49,1.2908826
Alt,Eif1,15.249943280647603,1.6477619757746217e-52,2.1814720797280217e-48,0.57487464
Alt,Akr1c13,15.20927301472489,3.0693264226360377e-52,4.0634812509278504e-48,1.987365
Alt,Pld3,15.168072407804912,5.7542012024690935e-52,7.617986971948833e-48,1.9643865
Alt,Fcer1g,15.16156946153285,6.353281269758852e-52,8.411109073033744e-48,0.70005846
Alt,Ifitm1,15.157220023199239,6.78823343958397e-52,8.986942250665218e-48,1.3330021
Alt,Plek,15.102999040251117,1.5473256592448276e-51,2.0485044402742272e-47,2.456407
Alt,Map1lc3a,15.036603405602246,4.2268835921994664e-51,5.595971187712874e-47,2.1600442
Alt,Rabac1,14.974532813087704,1.0772214029016982e-50,1.4261334153015582e-46,0.8297082
Alt,Adgre1,14.894003505937333,3.6051961376548794e-50,4.772919166641295e-46,2.0190537
Alt,Tecpr1,14.87476712003444,4.806546924407266e-50,6.3633874732227796e-46,3.4513848
Alt,Cpa3,14.827840550798333,9.679704837915623e-50,1.2814961234916494e-45,1.940507
Alt,Fcgr3,14.784885671596188,1.8336840469673056e-49,2.4276143097800157e-45,1.8960004
Alt,Ly6c2,14.763654018310913,2.512889918632161e-49,3.326814963277118e-45,0.8417525
Alt,Cela1,14.57503639331217,4.0490679018620894e-48,5.36056099527522e-44,2.7134109
Alt,Cd9,14.554876135288657,5.4384353126117606e-48,7.19994451036671e-44,2.388899
Alt,Ypel3,14.54189564608552,6.574644772061899e-48,8.704172213732748e-44,1.5589892
Alt,Reep5,14.498354419345434,1.2408919087645157e-47,1.6428167980133423e-43,0.8845931
Alt,Tmem158,14.442453369240608,2.7970583139675936e-47,3.703025501861697e-43,4.16909
Alt,Snap23,14.430425304421293,3.330212296420181e-47,4.408868059230678e-43,1.7170877
Alt,Derl1,14.324581187406059,1.536515749324881e-46,2.03419320053121e-42,1.1499978
Alt,Itga2b,14.276388400220535,3.071098781169848e-46,4.065827676390762e-42,2.4063783
Alt,Adam8,14.00449925343591,1.4630730737453768e-44,1.9369624423315044e-40,2.1937885
Alt,Actb,14.000603997735263,1.5455162574646543e-44,2.0461089732574557e-40,0.9178443
Alt,Myh9,13.986099656459777,1.895245805434735e-44,2.5091159218150458e-40,1.1251309
Alt,Man2b1,13.982131139417502,2.0039609553640484e-44,2.6530439088064635e-40,1.4170362
Alt,Csf2rb,13.980928553178508,2.0381139568634617e-44,2.698259067491537e-40,1.3486277
Alt,Gsn,13.969609206319085,2.3893410850716477e-44,3.1632486625263544e-40,1.92834
Alt,Aldoa,13.93812718462533,3.715625972794066e-44,4.919117225382064e-40,0.8920591
Alt,Ahnak,13.871229231436379,9.464087171067723e-44,1.2529505005776558e-39,2.4427648
Alt,Atp1b1,13.832068299685448,1.6325792979717674e-43,2.161371732584823e-39,2.1118202
Alt,Map1lc3b,13.824460560777776,1.81467707224517e-43,2.4024509759453805e-39,1.0159147
Alt,Gm2a,13.822350429564949,1.8686716323039005e-43,2.4739343740071337e-39,1.4859042
Alt,Gapt,13.816188461305087,2.0356660566330856e-43,2.695018292376542e-39,2.3847501
Alt,Creg1,13.796386827368003,2.6794986309632075e-43,3.54738823753219e-39,0.88241005
Alt,Zfp36l1,13.672850443550342,1.4750197501022733e-42,1.9527786471603995e-38,3.6872046
Alt,Wfdc12,13.632831577855923,2.554721277523158e-42,3.382195499312909e-38,2.0084324
Alt,Epcam,13.62043256871226,3.027690833306656e-42,4.0083598942146816e-38,2.6448436
Alt,Pim1,13.614022326914847,3.305394225272863e-42,4.376011414838743e-38,1.0664122
Alt,Rpl22,13.555974442521565,7.303575408599709e-42,9.669203483445156e-38,0.36529827
Alt,Rps10,13.547569292523105,8.189741489212768e-42,1.0842398757568785e-37,0.28334808
Alt,F10,13.431443161664284,3.956255370681883e-41,5.237686485245745e-37,2.6331267
Alt,Ecm1,13.427381876382478,4.1792750258351505e-41,5.5329422067031555e-37,2.0397468
Alt,Pirb,13.418768210892173,4.694513299891144e-41,6.215066157725886e-37,3.2537706
Alt,Cd24a,13.353824584921313,1.125202241886214e-40,1.4896552480331588e-36,1.2492838
Alt,Mcpt8,13.331830675721275,1.5114267631760923e-40,2.0009778917688285e-36,2.9225237
Alt,Arsb,13.26000012902204,3.9489509347695474e-40,5.228016142541404e-36,2.016309
Alt,Jund,13.259701966986672,3.964682510877967e-40,5.24884317615134e-36,1.2079288
Alt,Slc7a8,13.225021865121112,6.291893541528365e-40,8.329837859629403e-36,3.2059183
Alt,Tcf25,13.209941620015364,7.688403533090408e-40,1.017867743745839e-35,0.74025655
Alt,Rplp1,13.170670816794127,1.2944241892658994e-39,1.7136881841691242e-35,0.39057016
Alt,Hpn,13.166322743171762,1.3711503142748869e-39,1.8152659010685227e-35,4.239284
Alt,Slc26a3,13.16616380034268,1.3740390987102531e-39,1.819090362782504e-35,3.7136457
Alt,Emilin2,13.163666128531267,1.420237171188453e-39,1.8802519909363928e-35,1.1438859
Alt,Myadm,13.130750239560001,2.1947132530232432e-39,2.9055808756774717e-35,2.5613542
Alt,Hmox1,13.090029266981864,3.7546313349881975e-39,4.970756424390874e-35,3.105516
Alt,Gm10522,13.07923779036895,4.327577848120879e-39,5.729280313127232e-35,3.8117125
Alt,Mapt,13.07347916249019,4.6680678885469885e-39,6.180055077647359e-35,3.4141824
Alt,Ptpn9,13.059883739577424,5.5812956091826494e-39,7.38907725699691e-35,2.195716
Alt,Itm2b,13.032107525309863,8.035699827042444e-39,1.0638463001021491e-34,1.0452824
Alt,Gas6,12.979154201259751,1.6064474388059498e-38,2.126775764235197e-34,3.8141632
Alt,Ubxn1,12.958409407028572,2.105685372352925e-38,2.7877168644580375e-34,0.9055531
Alt,Rpl23,12.942952141819397,2.5753947842370287e-38,3.4095651548514024e-34,0.28447294
Alt,Stmp1,12.910943862365873,3.9048505299187863e-38,5.169631616559481e-34,0.7980232
Alt,Fam107b,12.882339284141912,5.659381345748388e-38,7.492454963636291e-34,0.9201617
Alt,Cstb,12.688690829817258,6.831819478852436e-37,9.04464580805274e-33,1.0379974
Alt,Rpl39,12.684714207720727,7.187554032734317e-37,9.515602783936962e-33,0.31173754
Alt,Sdf4,12.676358778904978,7.996094295596278e-37,1.0586029237939912e-32,0.9299227
Alt,Pfdn5,12.639097262965045,1.2852103204549061e-36,1.70148994325025e-32,0.48324013
Alt,Tagln2,12.55388303375239,3.7848445611148396e-36,5.010755714459936e-32,0.67955375
Alt,Gsr,12.51708071117623,6.020915296439444e-36,7.97108976095618e-32,0.60388446
Alt,Nabp1,12.488802964519751,8.593687728282389e-36,1.1377183183473055e-31,3.2311144
Alt,Rps20,12.439744668899339,1.5901139676556317e-35,2.105151881779291e-31,0.30900812
Alt,Gadd45a,12.416704267625303,2.1212119192949198e-35,2.8082724599545445e-31,2.439846
Alt,Perp,12.412191141686808,2.244257020855381e-35,2.971171869910439e-31,1.0638447
Alt,Lypd6,12.407916188013795,2.367340238702615e-35,3.134121742018392e-31,3.3756447
Alt,Rab11a,12.406870043433251,2.3984681065691495e-35,3.175331926286897e-31,1.30679
Alt,Fcgrt,12.401834917510294,2.5540709187742796e-35,3.381334489365269e-31,1.8591499
Alt,Spns3,12.399485074587403,2.630082549729786e-35,3.4819662875872636e-31,1.238374
Alt,Cdkn1a,12.394830339920075,2.787350343094937e-35,3.690173119223387e-31,1.5676025
Alt,Ggh,12.358247340262036,4.3963770696550716e-35,5.82036360251635e-31,1.510315
Alt,Sh3glb1,12.302400544636065,8.792168742235309e-35,1.1639952197845326e-30,1.1332917
Alt,Klra2,12.268127718709152,1.343235140649522e-34,1.7783090027059022e-30,3.376684
Alt,Glul,12.267791565357353,1.3488224498109575e-34,1.7857060413047266e-30,3.3432112
Alt,Litaf,12.256416189931226,1.5521386044952556e-34,2.054876298491269e-30,1.9195737
Alt,Slpi,12.253830883222584,1.602436390403586e-34,2.1214655372553074e-30,2.1222367
Alt,Cpne7,12.252625407091383,1.6264395499483897e-34,2.153243320176673e-30,2.5893264
Alt,Traf1,12.116059459570575,8.683475434909901e-34,1.1496053128277218e-29,2.971546
Alt,Tent5a,12.108054774431244,9.573771425621119e-34,1.26747159903798e-29,1.2808757
Alt,Ssr4,12.049791905178418,1.9444018848232934e-33,2.574193655317558e-29,0.53263545
Alt,Ly6c1,12.046701279701548,2.0186806123111874e-33,2.672531262638781e-29,0.8039572
Alt,Esyt1,12.007704069787934,3.237076307306828e-33,4.285565323243509e-29,1.0234449
Alt,Capg,12.005413111748979,3.327979353632503e-33,4.4059118662740705e-29,1.5136594
Alt,Rec8,11.947752452911898,6.670484721206135e-33,8.831054722404802e-29,2.8378181
Alt,Rhoc,11.940283613851118,7.297394187066742e-33,9.661020164257659e-29,3.5315683
Alt,Papss2,11.88976345093175,1.3378494999407085e-32,1.771178952971504e-28,1.6356733
Alt,Rab4a,11.88860252763236,1.3565737422552669e-32,1.7959679773717478e-28,2.1639671
Alt,Jazf1,11.846772721620058,2.2363869760236798e-32,2.9607527175577497e-28,2.9519596
Alt,Pla2g3,11.835279491066762,2.5648769416342304e-32,3.3956405830295575e-28,2.2504654
Alt,Akr1c12,11.777907672619746,5.073689240541064e-32,6.717057185552315e-28,2.4542491
Alt,Tmem51,11.74680962312091,7.333563726198369e-32,9.70890501711402e-28,3.6896508
Alt,Creb3l1,11.741098036667958,7.846108858256484e-32,1.0387463517445759e-27,3.3022802
Alt,Nt5c3,11.740450891669676,7.906380192251813e-32,1.0467256736522174e-27,1.0182557
Alt,Glipr1,11.688330906556812,1.4623218365614255e-31,1.935967879423671e-27,1.2270727
Alt,Rps26,11.680311080234375,1.607063123311992e-31,2.1275908689527462e-27,0.31467104
Alt,Itgb2,11.632758399293506,2.8087214647813512e-31,3.718466347224031e-27,1.2510834
Alt,Rpl19,11.622913769026399,3.1519953327347614e-31,4.1729266210075506e-27,0.28234053
Alt,Ndufa6,11.598465567859101,4.195328698229011e-31,5.5541956635853876e-27,0.5617006
Alt,Trgc4,11.591957254336686,4.526686437389334e-31,5.9928801744597396e-27,2.8085485
Alt,Acbd6,11.590935427481654,4.581019354669125e-31,6.064811523646454e-27,1.4098136
Alt,P2rx1,11.556857369660792,6.81577267467427e-31,9.023401444001267e-27,2.1036873
Alt,Gadd45g,11.550693346829835,7.322728249796888e-31,9.6945599299061e-27,2.9342484
Alt,Lpcat2,11.473643496174526,1.7896217284621e-30,2.369280206310974e-26,2.6143594
Alt,Rpl38,11.466343958837884,1.947130979804177e-30,2.5778067041627497e-26,0.45505428
Alt,Cyb5a,11.46423085141802,1.9952432692244773e-30,2.6415025641262856e-26,1.3781922
Alt,Pycard,11.40740640101966,3.8400901742855075e-30,5.083895381736583e-26,0.9539187
Alt,Rcn3,11.389036019398567,4.7420678932750184e-30,6.278023683906797e-26,1.8053004
Alt,Arl4c,11.329943886090781,9.326447168822732e-30,1.2347283406804415e-25,2.7368174
Alt,Rras,11.323015111098181,1.009394078111896e-29,1.3363368200123392e-25,2.2810516
Alt,Lat2,11.256614629654209,2.1485473742294212e-29,2.8444618687423307e-25,1.954601
Alt,Selenow,11.21880288291846,3.2970324355412104e-29,4.364941241413009e-25,0.6873245
Alt,Tec,11.215200247115183,3.4340826703030315e-29,4.546382047214183e-25,1.4734383
Alt,mt-Co1,11.161695566900926,6.278259476015196e-29,8.311787720296519e-25,0.6879926
Alt,Ppib,11.137224897941644,8.265484541012657e-29,1.0942674983846657e-24,0.681309
Alt,Samhd1,11.11336131390695,1.080154705592388e-28,1.4300168147337624e-24,1.968796
Alt,Ifitm6,11.102104083195412,1.225249192885719e-28,1.6221074064614034e-24,0.93798023
Alt,Pdia4,11.038884157560634,2.480948979425288e-28,3.2845283538611387e-24,1.0534244
Alt,Ccr1,10.979019351909805,4.82128985033103e-28,6.3829056328532506e-24,2.2465975
Alt,Ang,10.97814642932563,4.868097446363172e-28,6.444874209240203e-24,3.131473
Alt,Sqstm1,10.922334682959182,9.01482488508976e-28,1.1934726665370333e-23,1.552988
Alt,Taldo1,10.873348497674758,1.5442701033310011e-27,2.0444591897999122e-23,0.43773842
Alt,Rnh1,10.860133859315587,1.7848738073566326e-27,2.362994433559446e-23,0.97157234
Alt,Samd11,10.852051540994632,1.9499865601102202e-27,2.5815872069299205e-23,2.5522604
Alt,Cnn2,10.814154718279235,2.949995630203638e-27,3.905499214826596e-23,0.8178067
Alt,Upp1,10.798820453372171,3.4865367114153834e-27,4.6158259522428263e-23,2.0859456
Alt,Dap,10.789319123161992,3.866434077541918e-27,5.1187720752577455e-23,0.7237935
Alt,H2bc4,10.776672313780052,4.436459447984893e-27,5.8734286631872e-23,2.0719626
Alt,Rab44,10.700873174916305,1.0082360613186647e-26,1.3348037215797802e-22,0.8701091
Alt,Flot1,10.689388028070233,1.141214832999781e-26,1.51085431740841e-22,1.0383158
Alt,Fbxo9,10.670666223848347,1.3962166957431577e-26,1.8484512834943665e-22,0.8339677
Alt,Gm42921,10.663798739519374,1.5032902633389423e-26,1.9902059796344257e-22,4.637134
Alt,Fut8,10.637537719078008,1.9932722387138188e-26,2.6388931168332245e-22,1.1422005
Alt,Vat1,10.612348430912604,2.6110250887619745e-26,3.456736115011978e-22,1.3739967
Alt,Iqgap1,10.584796653840424,3.505410501361346e-26,4.640812962752286e-22,0.9133721
Alt,Tuba1a,10.580804856924058,3.6580227418326896e-26,4.842856307912298e-22,1.7209907
Alt,Serinc3,10.559161375650133,4.60759726585636e-26,6.099998020267235e-22,0.83049184
Alt,Il18r1,10.538695862594144,5.728778984088522e-26,7.584330497034794e-22,2.3739154
Alt,Tmem43,10.53853615143681,5.738514874977493e-26,7.597219842982704e-22,1.2349339
Alt,Pcolce,10.526157341565233,6.545209330154784e-26,8.66520263219192e-22,3.2206688
Alt,Runx1,10.515989679710108,7.291124511812535e-26,9.652719741188615e-22,0.9578962
Alt,Ifi30,10.495974081038804,9.014310891425479e-26,1.193404618915819e-21,1.5326416
Alt,Ndfip1,10.489683134508939,9.635096886064359e-26,1.2755904767460604e-21,0.8923673
Alt,Csf1r,10.48773830984146,9.835450478225733e-26,1.3021152888123048e-21,5.1231546
Alt,Tulp4,10.469477400051547,1.192997887574685e-25,1.5794099033601255e-21,3.3814392
Alt,Ppp1r15a,10.456676138619303,1.3656247683248197e-25,1.8079506307852287e-21,2.1629217
Alt,Dnpep,10.45107837554084,1.4486852934228015e-25,1.917914459962447e-21,1.5568776
Alt,Fbxw4,10.44547409145861,1.536855641424488e-25,2.0346431836818798e-21,0.81148714
Alt,Pkp3,10.369344769825409,3.418607407159807e-25,4.5258943463388684e-21,1.5522999
Alt,Rom1,10.34267110324145,4.517667030182766e-25,5.980939381258964e-21,2.7737637
Alt,Selenok,10.34177585666093,4.560077283919395e-25,6.037086316180887e-21,0.753662
Alt,Osbpl9,10.324140443720454,5.480748627687633e-25,7.255963108195657e-21,1.3274761
Alt,Mfsd6,10.321476524594015,5.634983730313431e-25,7.460154960561951e-21,2.25167
Alt,Rpl30,10.319993163315857,5.722723251026721e-25,7.576313312034277e-21,0.2520151
Alt,Mia2,10.255563573639252,1.117223586468353e-24,1.4790923061254527e-20,1.0925925
Alt,Jup,10.254774107692416,1.1263905951890773e-24,1.4912285089708195e-20,3.1780996
Alt,Hal,10.248181058108656,1.2059146129962647e-24,1.596510356145755e-20,3.0227332
Alt,Asph,10.245792023024421,1.2360831205606209e-24,1.636450443310206e-20,2.8829787
Alt,Etf1,10.235741046277893,1.3714120430426818e-24,1.8156124037842063e-20,0.91006386
Alt,Glipr2,10.205152207101849,1.8802611273105494e-24,2.4892777064464364e-20,1.3752838
Alt,Akap13,10.198449984616845,2.014619436644236e-24,2.667154672173304e-20,0.8421477
Alt,Tmem64,10.156556653742651,3.098258582263259e-24,4.1017845370583284e-20,3.116328
Alt,Leprotl1,10.1434041881885,3.54525209558425e-24,4.6935592493439885e-20,0.88142157
Alt,Castor1,10.058503946611543,8.426914608106152e-24,1.1156392249671735e-19,3.0306146
Alt,Cystm1,10.035302508589782,1.0663204442001925e-23,1.4117016360766348e-19,1.0867695
Alt,Mfge8,10.004892500785562,1.4504913840258205e-23,1.9203055433117837e-19,3.0186932
Alt,Ly6k,9.99323564300908,1.631669321523577e-23,2.1601670147650633e-19,0.8278117
Alt,Adm2,9.93926961746468,2.8087895609112976e-23,3.7185564996904667e-19,2.5319457
Alt,Nrp1,9.911143663485706,3.723590954856047e-23,4.92966206513392e-19,2.576475
Alt,Ptger3,9.87182700668092,5.515079488899533e-23,7.301413735354092e-19,2.4924898
Alt,Itga6,9.86881658802444,5.683111610682406e-23,7.523871461382437e-19,2.4141812
Alt,Serpina3g,9.851285439398993,6.767285818197516e-23,8.959209694711692e-19,1.0747023
Alt,E130215H24Rik,9.809299167875064,1.0267919156061913e-22,1.3593698170710367e-18,3.776434
Alt,Jak2,9.780235915063239,1.368910907961758e-22,1.8123011510505714e-18,2.173435
Alt,Stra8,9.761156086796955,1.6526044701791738e-22,2.1878830580702082e-18,2.2733312
Alt,Tmt1a,9.758510348318024,1.6962842893166878e-22,2.245710770626363e-18,1.2602854
Alt,Sec61b,9.756887597106529,1.7236384705754778e-22,2.281924971194875e-18,0.41171002
Alt,Tax1bp1,9.745194263950168,1.9340859030047947e-22,2.5605363269880477e-18,0.61021066
Alt,Rps11,9.73757340990199,2.084729507363288e-22,2.759973394798257e-18,0.25447226
Alt,Syne1,9.72830387297733,2.2836892219507533e-22,3.023376160940602e-18,0.8734117
Alt,Srp14,9.647840237332021,5.020185901919086e-22,6.646224115550678e-18,0.6158742
Alt,Klf6,9.633828441656846,5.754464758914849e-22,7.618335894327368e-18,1.726006
Alt,Flnb,9.613185396464695,7.033859663749779e-22,9.312126808838333e-18,1.970071
Alt,Rplp0,9.594113387693945,8.464165951067468e-22,1.120570930261822e-17,0.3139348
Alt,Atp13a2,9.51981251532901,1.7349177898991286e-21,2.2968576620474563e-17,2.4041395
Alt,Cd81,9.517399720056012,1.7756643761330007e-21,2.3508020675624795e-17,0.768659
Alt,Naga,9.51017716725765,1.9033809241638114e-21,2.5198860055004698e-17,1.6353874
Alt,Arfgap3,9.485891130042466,2.4032080345243337e-21,3.181607116906766e-17,1.2714857
Alt,Gstp3,9.44837860825424,3.44119629710457e-21,4.55579977773674e-17,1.7118233
Alt,Rpl24,9.435056997062842,3.907817304613185e-21,5.1735593295773954e-17,0.26757812
Alt,Glud1,9.428907403609864,4.143827749386945e-21,5.486013557413377e-17,0.9962152
Alt,Rgs1,9.398141788649562,5.5535154052557286e-21,7.352299045018059e-17,2.9507585
Alt,Selplg,9.37739052428558,6.762563785066965e-21,8.952958195050154e-17,0.9006576
Alt,L1cam,9.361664205314186,7.849049797974625e-21,1.0391357027538606e-16,4.2507167
Alt,Slc35d1,9.357124751054535,8.193601532432315e-21,1.0847509068787142e-16,2.2611969
Alt,Naprt,9.356270516174753,8.260091684010365e-21,1.0935535380461322e-16,2.0752134
Alt,Rps4x,9.353716428093305,8.462090720706555e-21,1.1202961905143407e-16,0.25652552
Alt,Tpd52,9.351430643854162,8.647007841555835e-21,1.144777368143577e-16,1.6020244
Alt,Nfkb1,9.350938392030162,8.687350348366923e-21,1.150118312620297e-16,0.6386225
Alt,Galnt6,9.343410476384133,9.32800002107151e-21,1.2349339227896573e-16,1.0205278
Alt,Nkg7,9.312599375211121,1.2474142706098569e-20,1.6514517528603896e-16,0.6002152
Alt,Gabarapl2,9.294497311220745,1.4790343484662843e-20,1.9580935739345138e-16,0.7658906
Alt,Arpc5,9.274862744648741,1.7784787541673985e-20,2.354528022642219e-16,0.6074765
Alt,Osbpl3,9.260274803528945,2.0390673315901118e-20,2.699521240292149e-16,2.344059
Alt,Gns,9.211942345144209,3.2027611176993536e-20,4.240135443722174e-16,2.0479228
Alt,Man2a2,9.18311160001507,4.188109297425689e-20,5.544637898861869e-16,1.4829125
Alt,Npc2,9.18238659884224,4.216410090105362e-20,5.582105318290489e-16,0.55411017
Alt,Lilrb4b,9.161516093716607,5.1173241149631043e-20,6.774825395799653e-16,2.2254455
Alt,Trpv2,9.149031037356858,5.744648489854309e-20,7.605340135718119e-16,1.49081
Alt,Acot7,9.144907185999141,5.968108984520608e-20,7.901179484606833e-16,1.6081873
Alt,Trdc,9.108366924953899,8.363129511709295e-20,1.1071947160551936e-15,3.4438758
Alt,Cish,9.074194499084843,1.1452141438421497e-19,1.516149005032622e-15,1.2267175
Alt,Ccdc80,9.05438188924913,1.3734343221006041e-19,1.8182896990289898e-15,5.85635
Alt,Sdc3,9.041621721288886,1.5436445101131078e-19,2.0436309669387435e-15,3.7510934
Alt,Fyn,9.010433560310169,2.0524346152065705e-19,2.7172181870719786e-15,2.4202704
Alt,Ltb4r1,9.01009374485506,2.0588042852371158e-19,2.7256509932254174e-15,0.9496828
Alt,Aprt,9.006239982999576,2.132422292671832e-19,2.8231138732682384e-15,0.38020563
Alt,S100a13,8.949871185132157,3.558974251191308e-19,4.711726011152173e-15,0.57236767
Alt,Etv3,8.908559304337183,5.169997833994927e-19,6.844560132425885e-15,2.1303334
Alt,Fam162a,8.873893126184605,7.063234581025901e-19,9.35101626182019e-15,1.1087673
Alt,Zfp385a,8.873583949505955,7.082880419137572e-19,9.377025386896232e-15,2.240118
Alt,Ptms,8.872675225808726,7.140935925240071e-19,9.453885071425331e-15,1.1240351
Alt,H1f2,8.867270377075274,7.496074361179045e-19,9.924052846764938e-15,1.7118258
Alt,Klrb1b,8.857344120189353,8.194327920732123e-19,1.0848470734257258e-14,2.0623164
Alt,Gab2,8.853100257155148,8.512113682384156e-19,1.1269187304108383e-14,2.0905132
Alt,Gm16201,8.841410095796984,9.451804479896853e-19,1.2513243950935444e-14,2.4486442
Alt,Pttg1ip,8.830470429109843,1.0423638355941193e-18,1.3799854819430545e-14,1.2535133
Alt,Tspan13,8.751626963738234,2.1029856853919212e-18,2.7841427488903646e-14,2.4999013
Alt,Myo1d,8.751401083392071,2.107200020218291e-18,2.7897221067669954e-14,2.194814
Alt,Tbxas1,8.7490756979969,2.1510733751529044e-18,2.84780604136493e-14,1.8257465
Alt,Caly,8.741185724581115,2.306764375240257e-18,3.053925356380576e-14,1.3751781
Alt,Rab19,8.716725852363322,2.8636241095533765e-18,3.791151958637715e-14,2.2521396
Alt,Fyb1,8.670634680895702,4.297183371989519e-18,5.689041066176924e-14,2.6002865
Alt,Map1a,8.630145688388541,6.127387580576889e-18,8.112048417925743e-14,3.1673748
Alt,Mir22hg,8.6028917208513,7.773230382493456e-18,1.0290979703383087e-13,1.9140851
Alt,Cox17,8.58127071142322,9.383076743020577e-18,1.242225530008494e-13,0.7622501
Alt,Anxa6,8.576362760848218,9.79203837517142e-18,1.2963679604889442e-13,1.6315566
Alt,Camk1,8.562928366909018,1.1003630514160061e-17,1.4567706437696506e-13,1.4902604
Alt,Fgf3,8.552642198850378,1.2030237408640284e-17,1.5926831305298871e-13,1.2973228
Alt,Marchf8,8.55177411869394,1.2121080992454363e-17,1.6047099125910332e-13,1.794428
Alt,Cops9,8.489150601224338,2.0815283609828523e-17,2.755735397105198e-13,0.8426787
Alt,Os9,8.482961583741604,2.1953315913270814e-17,2.906399493757923e-13,0.7852243
Alt,Catsperd,8.482206547511096,2.209628611770949e-17,2.9253273191235597e-13,2.2574878
Alt,P4hb,8.45730077159236,2.7363748759333943e-17,3.6226866982482207e-13,0.5757625
Alt,Padi1,8.45013302965169,2.909710895995908e-17,3.852166255208983e-13,3.589527
Alt,Phlda1,8.442374311096065,3.109557142372773e-17,4.116742700787314e-13,3.6973462
Alt,Oaf,8.428278670255954,3.5078689071177165e-17,4.644067646133145e-13,1.214108
Alt,Sec61g,8.426796548049687,3.5525674786522933e-17,4.703244084987771e-13,0.37435722
Alt,Suox,8.40054379982731,4.444157391027843e-17,5.883619969981762e-13,2.3309858
Alt,Mcub,8.397175260071444,4.5734718039232436e-17,6.054819321213982e-13,2.991541
Alt,Tlr2,8.361684145031507,6.182919508352598e-17,8.185567137108005e-13,3.48987
Alt,Selenom,8.355581734660802,6.511103239221754e-17,8.620049578405679e-13,0.7188852
Alt,Esd,8.325092349053099,8.426302466947364e-17,1.1155581835991615e-12,0.5644009
Alt,AU022793,8.28721464438071,1.159313107426519e-16,1.5348146229219685e-12,4.6337194
Alt,Gm17745,8.187622191890528,2.664376693498193e-16,3.5273683045222574e-12,1.7289337
Alt,Ltb,8.187371675105732,2.669926638035262e-16,3.5347158760948836e-12,1.0397754
Alt,Akr1a1,8.184025657432391,2.7451559155049174e-16,3.63431191653696e-12,0.5715984
Alt,Rara,8.16330408006887,3.25982496203715e-16,4.3156822672409826e-12,2.016213
Alt,Cd84,8.162262245340097,3.2880735068139305e-16,4.353080515670963e-12,1.044052
Alt,Smim3,8.157380236420412,3.423692674603508e-16,4.532626731907584e-12,1.4041187
Alt,Atp6v0b,8.114804929476449,4.865657761175123e-16,6.4416443100197455e-12,0.5145081
Alt,Slc39a4,8.114613525586176,4.873332604163664e-16,6.4518050346522745e-12,0.8383007
Alt,Nfil3,8.096182170734474,5.671087876902149e-16,7.507953240230754e-12,2.1696
Alt,Hba-a1,8.08147926638247,6.398580782751385e-16,8.47108109828456e-12,3.5135555
Alt,Sh3bgrl3,7.997056512142351,1.2742876211986304e-15,1.6870293817048668e-11,0.27931738
Alt,Slc6a9,7.964940102353361,1.6530382856310665e-15,2.1884573863469688e-11,2.7464073
Alt,Capn2,7.963166709950999,1.6769128638068814e-15,2.22006494039393e-11,1.9082965
Alt,Bcl2,7.95928053488272,1.7304250236065177e-15,2.290909688752669e-11,1.420152
Alt,Reps2,7.928194958418165,2.2235404930506247e-15,2.943745258749722e-11,3.0740745
Alt,Rn18s-rs5,7.905402871404177,2.6706844102057423e-15,3.535719090671382e-11,1.202182
Alt,Maff,7.88759867220373,3.080565619759015e-15,4.07836082399896e-11,2.7819085
Alt,Lmna,7.8732160318048425,3.456390599300939e-15,4.5759155144145136e-11,0.8256382
Alt,Slc2a6,7.802951205602994,6.047593779442416e-15,8.006409404603815e-11,1.9364507
Alt,Mfsd10,7.795986733652273,6.39071014375926e-15,8.460661159322884e-11,0.613021
Alt,Rap1a,7.775394611466805,7.521257385844577e-15,9.957392653119635e-11,0.5145758
Alt,Tpd52l1,7.724108013101059,1.1263929947823842e-14,1.4912316857923983e-10,3.1078975
Alt,Edem1,7.7221818405321105,1.1435509194075914e-14,1.5139470622037102e-10,0.7466244
Alt,Epcip,7.7116294653531074,1.2422135374786265e-14,1.6445665022679536e-10,1.5790794
Alt,Trib1,7.705736937662504,1.3009036444104937e-14,1.7222663348350526e-10,1.9235415
Alt,Mfsd5,7.673972746947136,1.6674952429623502e-14,2.2075969521578553e-10,1.1100856
Alt,Id2,7.655948405247211,1.9189075919139252e-14,2.5404417609348456e-10,1.7307205
Alt,Kdelr3,7.65131666497376,1.9893178237770193e-14,2.633657866898396e-10,1.9783885
Alt,Fhip1a,7.596036871016639,3.053375629466917e-14,4.042363995851251e-10,3.7644448
Alt,Cep164,7.5903870504392135,3.189513094961312e-14,4.222596386419281e-10,2.259715
Alt,4930519L02Rik,7.54029493273602,4.689097322476821e-14,6.207895945227064e-10,0.89914024
Alt,Rab37,7.538887806310462,4.739965380134021e-14,6.27524016675943e-10,1.3334334
Alt,Capzb,7.52170384452584,5.406694677025349e-14,7.15792308291386e-10,0.46099186
Alt,Lrrc2,7.49237975681819,6.763588503833095e-14,8.954314820224634e-10,3.274875
Alt,Card19,7.461763059099641,8.53723090644967e-14,1.1302439997048717e-09,0.71911496
Alt,Pold4,7.453407859919369,9.095953091341048e-14,1.2042132297626412e-09,0.81376004
Alt,Gm13522,7.434726031961987,1.0478490847606219e-13,1.3872474033145873e-09,3.6711407
Alt,Mpc1,7.422653964550759,1.1479641945623923e-13,1.5197897971811512e-09,0.36534023
Alt,Lpcat3,7.419069174188173,1.1794630303953592e-13,1.561491105940416e-09,0.9167401
Alt,Prmt2,7.404612437667727,1.3153404187935137e-13,1.741379180440733e-09,2.2234607
Alt,Lrrc25,7.402928359153035,1.332136266545577e-13,1.7636152032796893e-09,2.6243315
Alt,Herc1,7.399703744430009,1.3648865620330743e-13,1.806973319475587e-09,1.0434128
Alt,Gng5,7.359942883542135,1.8398893581184955e-13,2.4358295212130763e-09,0.33308434
Alt,Trpm2,7.341490008809387,2.112289253348365e-13,2.7964597425079005e-09,2.0721502
Alt,Tmbim4,7.337881351855855,2.1700140174678683e-13,2.8728815577257108e-09,0.5120485
Alt,Rit1,7.2992117005457215,2.8945857717179036e-13,3.832142103177333e-09,1.3097656
Alt,Ubxn4,7.251584189568218,4.1192484906077756e-13,5.453473076715634e-09,0.57057816
Alt,Cd80,7.248322861567923,4.2196381412044135e-13,5.586378935140523e-09,3.9089494
Alt,Plp2,7.237481245711081,4.570939292622547e-13,6.051466529502989e-09,0.81413937
Alt,Bhlhe40,7.224232799218145,5.039386567095672e-13,6.67164387617796e-09,1.6133358
Alt,Smad7,7.219632590234199,5.212822067194783e-13,6.9012551347591736e-09,0.6486232
Alt,Anxa7,7.195872435486287,6.20626331224011e-13,8.216471999074682e-09,1.0350443
Alt,Rexo2,7.195201291562512,6.2368684764127e-13,8.256990175922773e-09,0.4563445
Alt,C4b,7.141479837780064,9.233142061367785e-13,1.222375677504481e-08,2.873758
Alt,Ift20,7.137944741416085,9.47366985488047e-13,1.2542191520876254e-08,0.61512953
Alt,Hcst,7.117452087047908,1.099404183501901e-12,1.4555011985381668e-08,0.57418525
Alt,Pik3cd,7.114165521450152,1.125919638246345e-12,1.490605009074336e-08,0.88779336
Alt,Pnrc1,7.112687987932522,1.1380436549064333e-12,1.506655994730627e-08,0.84133345
Alt,Sec11c,7.10659875828202,1.1893756088752548e-12,1.5746143685899497e-08,0.39126945
Alt,Malat1,7.099818068282205,1.2492122673238283e-12,1.6538321207100163e-08,0.74661016
Alt,Ubb,7.099209285689479,1.2547268128128886e-12,1.6611328274829833e-08,0.34291792
Alt,Nhsl3,7.093712669853739,1.3056106481118115e-12,1.7284979370352274e-08,2.4525843
Alt,Btk,7.0892644496636175,1.3482667128392688e-12,1.784970301127908e-08,1.0160106
Alt,Acss1,7.087167258761106,1.3688490970235314e-12,1.8122193195494533e-08,2.235549
Alt,Ehd1,7.0799233349384165,1.442342328992767e-12,1.9095170093535242e-08,1.3678287
Alt,Mbnl1,7.077820524128478,1.4643920477005885e-12,1.938708631950809e-08,0.6142486
Alt,Ammecr1,7.063799742210285,1.620101803544975e-12,2.1448527777131924e-08,1.7515454
Alt,Ly6g,7.044176474087851,1.8656157714044517e-12,2.4698887197623535e-08,1.5041429
Alt,Pdlim7,7.022748861244391,2.1754504003863812e-12,2.88007878507153e-08,1.3856723
Alt,Lsr,6.9999796632151385,2.5599966559061924e-12,3.389179572754208e-08,1.8182739
Alt,Prr7,6.99096822345149,2.7299559504014713e-12,3.614188682736508e-08,1.682632
Alt,Nenf,6.98592944132619,2.829762742693479e-12,3.746322895051897e-08,0.8108001
Alt,Cd68,6.969882002865133,3.1720692436115446e-12,4.199502471617324e-08,0.98597115
Alt,Usp35,6.965842169087375,3.2644496238224386e-12,4.3218048569785265e-08,3.5590181
Alt,Cdk6,6.953607175019794,3.5606221323122094e-12,4.713907640968134e-08,0.51843846
Alt,Ndrg1,6.9326559229977756,4.1301191556934976e-12,5.4678647502226216e-08,1.5656679
Alt,2310001H17Rik,6.932178616385587,4.1440824130858996e-12,5.4863507066844226e-08,1.3443007
Alt,Ica1l,6.924928433752534,4.3619597862380916e-12,5.77479856100061e-08,2.0854084
Alt,Ftl1-ps1,6.904103996597758,5.05212798825372e-12,6.688512243649099e-08,1.6589803
Alt,Nectin2,6.883872903077405,5.8246847057985495e-12,7.7113000820067e-08,2.104657
Alt,Scand1,6.8573724446545175,7.013860166867489e-12,9.285649474915869e-08,0.48643225
Alt,Dmxl2,6.853069722551714,7.228183346170209e-12,9.569391931994739e-08,1.2720279
Alt,Tiam1,6.846155016550974,7.586127464367869e-12,1.0043274150076622e-07,1.3904109
Alt,Slc2a3,6.8443154411179865,7.684243259313797e-12,1.0173169651005535e-07,1.1278503
Alt,Mroh1,6.783941327725599,1.1694083614845069e-11,1.5481797297693388e-07,1.6889559
Alt,Ier3,6.776823577033604,1.2284674395250509e-11,1.6263680431872148e-07,1.4326935
Alt,Clint1,6.7541333706783835,1.4369152711359768e-11,1.9023321274569197e-07,0.6171241
Alt,Klc3,6.747035380415996,1.5089649026663244e-11,1.9977186346399467e-07,1.8825579
Alt,Lilrb4a,6.740410655196842,1.5793959955673255e-11,2.0909623585315823e-07,1.8240653
Alt,Bax,6.734749216204484,1.642129167310049e-11,2.1740148046017738e-07,0.48500562
Alt,Bnip3,6.726474691384377,1.7382286477740557e-11,2.3012409067880724e-07,1.4718477
Alt,Neurl3,6.703882200279212,2.0295389564867327e-11,2.6869066244927853e-07,1.4303012
Alt,Ccl17,6.6791379050177015,2.40351912431743e-11,3.1820189686838456e-07,2.2989516
Alt,Hgfac,6.677741330185966,2.4265282991205572e-11,3.212480815205706e-07,2.7038643
Alt,Gyg1,6.6764717829525475,2.447631652190112e-11,3.240419544334489e-07,0.99884856
Alt,Shisa5,6.663651965893998,2.6710557919486313e-11,3.536210762960793e-07,0.8346163
Alt,Atp6v1f,6.656304741976238,2.8079774455447442e-11,3.7174813401566866e-07,0.48050636
Alt,Metrnl,6.653680216057302,2.858534117497848e-11,3.7844133181554005e-07,1.6194254
Alt,Trgc1,6.645775634278258,3.0162442918321767e-11,3.993205817956619e-07,1.3569305
Alt,Pcmt1,6.629024578332894,3.379123205160214e-11,4.473621211311607e-07,0.72412926
Alt,H2-D1,6.606951021439467,3.923157604540524e-11,5.1938683526512e-07,0.38815117
Alt,Treml2,6.593615077460821,4.2924374835424867e-11,5.682757984461899e-07,1.5498288
Alt,Mien1,6.587446706694431,4.474545128939996e-11,5.92385029620366e-07,0.98545206
Alt,Gas5,6.582092569391851,4.6387260935459274e-11,6.141209475245453e-07,0.34276795
Alt,Ube2h,6.567405865555569,5.119935774075063e-11,6.778282971297976e-07,1.6321391
Alt,Ddit3,6.564116315141403,5.2342333327780845e-11,6.929601509264906e-07,2.237217
Alt,Alox5,6.553398962113582,5.624199145937586e-11,7.44587724930677e-07,1.1944456
Alt,Mindy1,6.54471396861331,5.96093630413688e-11,7.891683573046816e-07,1.5286567
Alt,Gpsm3,6.522532746790539,6.912996344303672e-11,9.152115860223631e-07,0.4878531
Alt,Adgre5,6.514192936255838,7.30815143977181e-11,9.6752616911139e-07,1.5041919
Alt,Lyset,6.487241721644507,8.742202331457753e-11,1.157380166661692e-06,1.7220081
Alt,Cacnb3,6.466740787267434,1.001392069014622e-10,1.3257429601684582e-06,2.4431696
Alt,Cuedc1,6.462794391668038,1.0278691293803472e-10,1.3607959403866416e-06,1.9588723
Alt,Cldnd1,6.458919242288672,1.0545336502834526e-10,1.396097099610263e-06,1.3343706
Alt,Arhgap15,6.458368657956152,1.0583766149310083e-10,1.4011848005071618e-06,0.9170956
Alt,Icam4,6.4565526337199675,1.0711493879767346e-10,1.418094674742399e-06,2.015738
Alt,Ptp4a2,6.450826991029319,1.1124143519200403e-10,1.4727253605069414e-06,0.51408935
Alt,Rps6ka3,6.436703126792847,1.220964055107871e-10,1.6164343125573103e-06,1.4140972
Alt,Gnb1,6.4279955013434416,1.2929756690672485e-10,1.7117704882781302e-06,0.4231879
Alt,Arl6ip5,6.422708197814818,1.338709654812701e-10,1.772317712006535e-06,0.9257888
Alt,Sh3kbp1,6.398039510377722,1.5738456817413036e-10,2.0836142980573118e-06,0.954507
Alt,Rhbdf2,6.392588825493952,1.6310042087910638e-10,2.1592864720184893e-06,1.5261611
Alt,Selenos,6.3925718256147075,1.6311856123595163e-10,2.1595266322027635e-06,0.636236
Alt,Spint2,6.383462049904826,1.7312851543007716e-10,2.2920484157787915e-06,0.44070578
Alt,Dapp1,6.381861869479383,1.7494773621080541e-10,2.316133079694853e-06,0.7432158
Alt,Nagk,6.3812803569097865,1.7561346522035867e-10,2.3249466660523285e-06,1.2479597
Alt,Nck2,6.381154281089159,1.757581258843528e-10,2.326861828582947e-06,2.2954311
Alt,Ube2b,6.367657513676411,1.9193690118129398e-10,2.541052634739151e-06,0.6183963
Alt,Oit3,6.366161348109067,1.9381754818436873e-10,2.5659505204128576e-06,2.1549644
Alt,Ndufa1,6.362055119701855,1.9907197211018523e-10,2.6355138387667423e-06,0.50946593
Alt,P2ry1,6.357067336095003,2.0564186486791155e-10,2.722492648986281e-06,2.6155872
Alt,Myo1g,6.35556496593035,2.076619601001908e-10,2.749236689766426e-06,1.0427656
Alt,Paqr8,6.353275017295783,2.1077838275934638e-10,2.7904950093509865e-06,2.5864334
Alt,Cyba,6.34732446796839,2.1909173256675167e-10,2.9005554474512255e-06,0.28418398
Alt,Ndst2,6.346419464010182,2.2038383151397567e-10,2.917661545413524e-06,1.7690367
Alt,AB124611,6.337574531449161,2.3341030973784993e-10,3.0901190906193952e-06,0.95969397
Alt,Tubb3,6.335197097841224,2.3703806001664053e-10,3.138146876560304e-06,2.1833582
Alt,Pglyrp2,6.3343846094608915,2.382904257068093e-10,3.154726945932448e-06,3.0622354
Alt,Atp6v1g1,6.292247073978195,3.1290290939009416e-10,4.142521617415457e-06,0.49396968
Alt,Fermt3,6.288488527960558,3.2057175299643127e-10,4.244049437919753e-06,0.49079823
Alt,Ndst1,6.281901004230901,3.344578065584763e-10,4.427886901027668e-06,1.6250248
Alt,Aldoc,6.254006387144013,4.0005463945428715e-10,5.296323371735307e-06,1.2891988
Alt,Mkrn1,6.23440334948909,4.5350321568058527e-10,6.003929072395269e-06,0.6798164
Alt,Cat,6.229007575260006,4.693990962590901e-10,6.214374635374094e-06,1.3064755
Alt,Pink1,6.22817283886118,4.719063005495031e-10,6.247567512974872e-06,1.0912054
Alt,Pnp2,6.219101620719939,5.00009410103791e-10,6.6196245803640886e-06,1.5497563
Alt,Enah,6.217023620071264,5.066735179632215e-10,6.70785070431509e-06,1.9251615
Alt,Arf5,6.203450534157824,5.523840812331902e-10,7.313012851446205e-06,0.43119466
Alt,Swi5,6.19671024347315,5.765549949216909e-10,7.633011577768266e-06,0.34811878
Alt,Ppfia3,6.195130389614592,5.823679928736536e-10,7.709969857654301e-06,2.7185202
Alt,2810001G20Rik,6.175295366488772,6.603989153165998e-10,8.743021239876464e-06,1.0485033
Alt,Lcp2,6.162419608131748,7.164170476511906e-10,9.484645293854114e-06,1.0157359
Alt,Chrnb1,6.161302904690533,7.214883127993106e-10,9.551783773150072e-06,2.1363044
Alt,Inpp4b,6.1566941150928765,7.427911680143738e-10,9.833812273342296e-06,2.482156
Alt,Scin,6.15513366155997,7.501420244819846e-10,9.931130262116994e-06,1.9788036
Alt,Bri3,6.154575057894889,7.527906578712085e-10,9.96619551955693e-06,0.9013641
Alt,Creb3,6.151555691360809,7.672657412858371e-10,1.0157831148883197e-05,1.5143644
Alt,Spcs1,6.1486284982165875,7.815579599019002e-10,1.0347045831141256e-05,0.30854797
Alt,Ly96,6.147916447015796,7.850736737963495e-10,1.039359036738987e-05,2.0147872
Alt,Gapdh,6.137890666335329,8.36243811956402e-10,1.1071031826490807e-05,0.40443945
Alt,Hc,6.114671257898805,9.675621268329189e-10,1.2809554997141013e-05,3.1618352
Alt,Ier3ip1,6.1146121915588285,9.67920549884591e-10,1.2814300159922101e-05,0.5606394
Alt,Rab33a,6.102495140752549,1.0442528594335243e-09,1.3824863606040428e-05,2.643955
Alt,Mgarp,6.097249009658044,1.0790935930809894e-09,1.428612007879922e-05,2.5625782
Alt,Il3ra,6.090976790803794,1.122238219493705e-09,1.4857311787877162e-05,1.074993
Alt,Sgms1,6.08498933515112,1.1649906488782923e-09,1.5423311200499714e-05,3.304738
Alt,Cst3,6.0591321652733825,1.3685791014902039e-09,1.8118618724628808e-05,0.35862494
Alt,Tent5c,6.058122150864629,1.3771980153865805e-09,1.823272452570294e-05,2.6311533
Alt,Ldha,6.054770484244168,1.4061801011632683e-09,1.861641835930051e-05,0.46211934
Alt,Clic1,6.052173350184644,1.4290456629845994e-09,1.891913553225311e-05,0.3289888
Alt,Vwa5a,6.038611223336174,1.5544626469564055e-09,2.057953098305585e-05,1.562718
Alt,Itpripl1,6.037761134486792,1.5626715145197805e-09,2.0688208180727373e-05,3.046865
Alt,Dok3,6.032746055484398,1.61196627532961e-09,2.1340821519088707e-05,0.7952819
Alt,Eeig1,6.02469977548102,1.6942381829253642e-09,2.2430019303748897e-05,2.1842868
Alt,Chd3,6.019434366473849,1.7502760771824274e-09,2.3171904985818156e-05,0.9901614
Alt,Prkca,6.017454974122641,1.7718057478276806e-09,2.3456936295490663e-05,3.146773
Alt,Ankrd33b,6.012964071690271,1.8216142111649046e-09,2.4116350541612174e-05,2.0827298
Alt,Pnpla7,6.001948369487882,1.9496370272606803e-09,2.5811244603904145e-05,1.209256
Alt,Cib2,5.986818348799428,2.1398553768534093e-09,2.8329545334162284e-05,1.5992209
Alt,Capns1,5.972439609443768,2.3373167895808766e-09,3.0943736977261225e-05,0.32849622
Alt,Junb,5.972144375050404,2.3415516615901828e-09,3.099980244779243e-05,1.6413474
Alt,Pgk1,5.933620679629439,2.9632600748581406e-09,3.9230600131046924e-05,0.38674402
Alt,Kifbp,5.92809215100089,3.0647450547822784e-09,4.057415978026258e-05,1.3207569
Alt,Tmem50a,5.911892867763919,3.381984886945342e-09,4.477409791826938e-05,0.42266333
Alt,Timp2,5.891220575689949,3.83353444627515e-09,5.0752162534236705e-05,0.80663365
Alt,Ckm,5.873751835541389,4.260410088126593e-09,5.6403569156707965e-05,0.4403572
Alt,Trim47,5.848400667688907,4.963218833110716e-09,6.570805413155277e-05,2.3821714
Alt,E2f2,5.835002756164052,5.378967794208488e-09,7.121215462752616e-05,1.4289277
Alt,Atp6v0d1,5.834635018146234,5.390843971022099e-09,7.136938333236157e-05,0.91194206
Alt,Grb2,5.829060150630576,5.574041078000469e-09,7.37947298316482e-05,0.55500597
Alt,Slc3a2,5.821700248573522,5.825195557968797e-09,7.71197639919489e-05,1.0224518
Alt,Sdsl,5.821073642555325,5.847079754163519e-09,7.740948886537084e-05,1.7024581
Alt,Itga1,5.811720780789194,6.183391400281929e-09,8.186191874833247e-05,2.0455427
Alt,Csf1,5.810811907194844,6.2170583992085155e-09,8.230763614712154e-05,2.8368192
Alt,Gm15283,5.801539554140627,6.570879188841127e-09,8.699186958106768e-05,2.2111897
Alt,Mirt2,5.797883009474828,6.715727318364266e-09,8.890951396782452e-05,1.5588868
Alt,Crip2,5.79495736120364,6.833854129146639e-09,9.047339481577235e-05,2.9557607
Alt,Gpr137b,5.7819280520111755,7.38492933584918e-09,9.77690794773073e-05,2.573309
Alt,Htatip2,5.775772948039882,7.660061264167191e-09,0.00010141155107630944,0.75380546
Alt,Anxa5,5.763016123245349,8.262389865723783e-09,0.00010938577943231716,0.8146764
Alt,Lat,5.755756535853892,8.625462414790396e-09,0.00011419249690941006,1.1885002
Alt,Abca1,5.749117994653417,8.971019690344916e-09,0.00011876732968047634,2.1321025
Alt,Dhrs9,5.740516080343208,9.438845733317508e-09,0.0001249608786633905,1.7243824
Alt,Zwint,5.725503476657116,1.0312743376703183e-08,0.00013653040956417345,0.6901585
Alt,Arl4d,5.713793531363811,1.1048503889906386e-08,0.00014627114299847063,3.4303694
Alt,Gm13778,5.713153576124493,1.1090150832382176e-08,0.00014682250686990763,2.380952
Alt,Lamp2,5.707592967951438,1.1458503656268677e-08,0.00015169912990534103,0.8208469
Alt,Hcfc1r1,5.707271827672193,1.1480136335264724e-08,0.00015198552494256968,0.7027157
Alt,Atxn7,5.689580734871397,1.273516676606934e-08,0.000168600872815992,0.84840083
Alt,Slc48a1,5.6820526643346465,1.330876629111861e-08,0.00017619475692811926,0.49028504
Alt,Tppp3,5.650911821394225,1.595989522017869e-08,0.00021129305281994567,2.8238258
Alt,Nxnl2,5.618765511039051,1.9232666637980475e-08,0.0002546212736202235,2.3680956
Alt,Lgals3bp,5.607681293544933,2.0505517481452657e-08,0.0002714725459369517,1.0816576
Alt,Med12l,5.607141177186103,2.056958732474535e-08,0.0002723207665923037,2.8386598
Alt,Marchf2,5.594950174127422,2.206851380108001e-08,0.00029216505421249825,0.75529444
Alt,Arl8a,5.592481926964342,2.2384646100239796e-08,0.0002963503297210747,0.9866846
Alt,Sult5a1,5.563436782243653,2.6451271473762362e-08,0.0003501883830411399,4.0635996
Alt,Bspry,5.549993799849467,2.856797293348147e-08,0.00037821139366636116,3.294343
Alt,Phlda3,5.53913472955027,3.039697334258682e-08,0.00040242553008250695,1.2642701
Alt,Nomo1,5.535838547802214,3.0974279962389474e-08,0.00041006849242207423,1.0521703
Alt,Gm4961,5.521128213257563,3.368298800245542e-08,0.0004459290781645073,2.3806407
Alt,Ddx17,5.520205399252039,3.386036314902695e-08,0.0004482773477299678,0.78809774
Alt,Dusp11,5.520191743431943,3.3862994740756426e-08,0.00044831218737287435,0.78691185
Alt,Ece1,5.510731516806553,3.5734544344708676e-08,0.0004730896325795982,2.560135
Alt,Crlf2,5.50875832957923,3.613736232770315e-08,0.000478422539856462,0.83327824
Alt,Serpinb2,5.493110274836338,3.949160235999731e-08,0.0005228293236440043,2.7160528
Alt,Rgs10,5.485583327501632,4.1210723823742796e-08,0.0005455887727025308,2.5667572
Alt,Sec31a,5.457908550251985,4.81775666676337e-08,0.0006378228051128026,0.90523803
Alt,Flt3l,5.456775853478027,4.848577790514311e-08,0.0006419032136861897,1.4037199
Alt,Gng2,5.425456496080877,5.780660861628305e-08,0.0007653016914709713,1.4267242
Alt,Slc66a3,5.408410138864649,6.358667740915705e-08,0.0008418240222198302,1.1607416
Alt,Rsph9,5.4027589306309025,6.56236283335493e-08,0.0008687912155078592,1.8061228
Alt,Fbxo24,5.395502747070295,6.833194711120226e-08,0.0009046466478052067,2.7186227
Alt,Mafg,5.394914988459029,6.855600323767146e-08,0.0009076129268635325,0.8682945
Alt,Tm6sf2,5.356877784463123,8.467235227389488e-08,0.0011209772717540943,3.4878411
Alt,Uba52rt,5.349526564592159,8.818461677448112e-08,0.0011674761414773556,0.45390502
Alt,Heatr5a,5.3452670411166325,9.028384775198447e-08,0.0011952678603885224,1.5275223
Alt,Slc41a2,5.33942327236875,9.324272067902392e-08,0.0012344403790695976,2.9694238
Alt,Add1,5.320788367691885,1.0331853729284654e-07,0.0013678341152199953,1.1407568
Alt,Ccpg1,5.316381919612098,1.0585085825174031e-07,0.00140135951239479,0.58287126
Alt,Ripor2,5.316203316298189,1.0595475554692398e-07,0.0014027350086857266,1.1852856
Alt,Gcnt1,5.3150202585998505,1.0664546142962041e-07,0.0014118792638667446,1.6502572
Alt,Snx20,5.303713709031391,1.1347022233284841e-07,0.00150223227346458,0.8977607
Alt,Il7r,5.302523240742481,1.1421292074475202e-07,0.001512064857739772,3.1968064
Alt,Raf1,5.2826062469741055,1.273589289799492e-07,0.0016861048607655475,1.0141585
Alt,Cfap91,5.271749076372724,1.351297418902224e-07,0.0017889826528846543,2.8774514
Alt,Tspan17,5.266409227698268,1.3911798480313436e-07,0.0018417830008086958,1.4219162
Alt,Rnasek,5.254894764092982,1.481091351276099e-07,0.0019608168399544274,0.47625178
Alt,Pgrmc1,5.230054475156244,1.6946009725555798e-07,0.0022434822275663323,1.0707237
Alt,Tmem160,5.228766029346477,1.706451555037257e-07,0.0022591712137138248,0.43490183
Alt,Trim24,5.221726081959791,1.772630419248336e-07,0.0023467854120428717,1.5687536
Alt,Maml2,5.207596608265893,1.9130224381909956e-07,0.002532650405921059,2.746912
Alt,Ccnd3,5.205443222937651,1.9353411562656884e-07,0.0025621981567801448,0.4420042
Alt,Angptl8,5.204005453106374,1.950382791116907e-07,0.002582111777159673,1.5076668
Alt,Anxa11os,5.1998383607906105,1.9946190989714334e-07,0.002640676225128281,3.058136
Alt,Itpr3,5.191682619989982,2.0840203682753847e-07,0.002759034565559782,1.6717172
Alt,Spef1l,5.18472616122446,2.1633248548029285e-07,0.002864025775273597,2.2394094
Alt,Kdm7a,5.175499275095193,2.273023133588283e-07,0.003009255326557528,1.2290604
Alt,Hyal3,5.1496022173851035,2.610394819084537e-07,0.0034559017009860187,2.712226
Alt,Gm16754,5.135860230633744,2.8085634169761983e-07,0.003718257107734789,2.5935688
Alt,Bbc3,5.127301781497962,2.9392417459678477e-07,0.0038912621474868334,1.2354015
Alt,Rps28,5.123042544042456,3.0064447998725287e-07,0.0039802322705512405,0.25173664
Alt,Gtsf1,5.101235867071233,3.374427090419276e-07,0.00446740402500608,0.7377432
Alt,Prex1,5.084472734722916,3.6864871784874444e-07,0.004880540375599528,1.2894638
Alt,Cxcr2,5.0835451773818905,3.7045441346450626e-07,0.004904445979856598,1.3335708
Alt,Ints6l,5.075374225064543,3.867341020742327e-07,0.005119972777360767,1.5803546
Alt,Axin2,5.064913265136559,4.0858633877201853e-07,0.005409274539002753,2.9859633
Alt,Tiam2,5.064287034822725,4.0993160940435604e-07,0.00542708457690427,2.2535515
Alt,Clec2l,5.062102264093085,4.1465848753380043e-07,0.005489663716459984,3.3111768
Alt,Cox7a1,5.056803685998287,4.2634171515742877e-07,0.005644337966969199,2.4544191
Alt,Surf4,5.032347283127485,4.845105387761418e-07,0.006414435022857341,0.40860355
Alt,Itgam,4.994233850950137,5.90697887535701e-07,0.007820249333085146,1.0433044
Alt,Idh1,4.968478343401719,6.748033490260903e-07,0.00893372153775641,1.2862973
Alt,Ntn5,4.955529223463652,7.213367933841245e-07,0.009549777807612424,2.3816667
Alt,Vmp1,4.951169888990556,7.37686686011672e-07,0.009766234036108526,0.9442065
Alt,Or8b53,4.947126674831026,7.531696575527401e-07,0.009971213096340727,3.3003917
Alt,Ikbkb,4.92334074184638,8.507912016088165e-07,0.011263624718099122,0.9610759
Alt,Zfp467,4.914248614454173,8.912359769013819e-07,0.011799073098197395,1.3218112
Alt,Gm14010,4.893265002571009,9.917671955820754e-07,0.013130005902311096,4.899007
Alt,Marchf7,4.886021307462485,1.0289406772358886e-06,0.01362214562592593,1.0324066
Alt,Tnfrsf4,4.864249183091768,1.1489209635209378e-06,0.015210564636053695,3.0293086
Alt,Gm33280,4.837346639887353,1.3158383750723853e-06,0.01742038424758331,3.246922
Alt,Tfr2,4.836990026130332,1.3182003983837842e-06,0.017451655074202918,1.6479871
Alt,Irf6,4.834557740506273,1.3344196936479909e-06,0.01766638232420575,3.034315
Alt,Mylk3,4.82070577955776,1.4305120844710387e-06,0.018938549486312083,2.263921
Alt,Soat2,4.802403536780606,1.567723489819428e-06,0.020755091281719408,2.3595557
Alt,Gm17322,4.793485885008249,1.639079965696344e-06,0.0216997796658539,3.2368493
Alt,Jakmip1,4.789962572631047,1.6681242463645924e-06,0.02208429689762084,2.1242652
Alt,Tnfrsf23,4.783847130798635,1.7197149422799918e-06,0.02276730612084481,1.875329
Alt,Ttc12,4.771933742049975,1.8246553504783592e-06,0.024156612184983,1.9074655
Alt,Grb10,4.771846103005676,1.8254496646822428e-06,0.02416712811072821,4.1741567
Alt,Tmem128,4.771361656730021,1.8298464289866686e-06,0.024225336873354503,0.7001334
Alt,Arhgap27os2,4.769223843086857,1.8493707424461176e-06,0.02448381925924415,3.2316432
Alt,Micall2,4.767674738921046,1.8636433745514666e-06,0.024672774635686866,1.628048
Alt,Otub2,4.751050692856666,2.023623882165533e-06,0.026790756575989495,2.6071143
Alt,Unc45a,4.748974873534913,2.04450339197271e-06,0.027067180406326708,1.1694337
Alt,Fut7,4.744813228484205,2.0869880753352075e-06,0.027629635129362812,1.5216517
Alt,Klf3,4.741170719199919,2.1248678555007398e-06,0.028131125538974292,1.433508
Alt,Fes,4.737050469394992,2.168511757300062e-06,0.028708927154895522,0.8695147
Alt,Cox7a2l,4.7240530879263,2.3119002276400726e-06,0.03060724711372692,0.2769506
Alt,Sdf2,4.7234567976699555,2.318692336103033e-06,0.030697167837668057,0.6914109
Alt,Tmem8b,4.7230870083800625,2.3229140816086016e-06,0.030753059526416278,2.8802166
Alt,Tprg1l,4.706904667538783,2.5150645104457783e-06,0.033296939053791656,0.6497758
Alt,Noxred1,4.698674953400915,2.618548206451055e-06,0.034666959705205516,1.3877869
Alt,Trib3,4.694039677397996,2.6786204431512693e-06,0.03546225604687966,1.8601179
Alt,Sh3d19,4.692432304949466,2.699758821357895e-06,0.03574210703595718,1.5325825
Alt,Itprid2,4.689298586960618,2.7414312046875746e-06,0.0362938077188588,2.0362654
Alt,Tpm4,4.683745823054192,2.8167927211675122e-06,0.03729151883553669,2.5756774
Alt,Spire2,4.678374822593627,2.8915761009730788e-06,0.03828157600078259,2.0141428
Alt,Rmdn2,4.663259448816647,3.112399517743789e-06,0.04120505721541002,2.164452
Alt,Zfp36,4.66225199877788,3.127678788188879e-06,0.04140733947683257,1.4086682
Alt,Mvp,4.66125268637781,3.142905706144562e-06,0.041608928643647854,1.1754676
Alt,Sec11a,4.660812627501447,3.1496335849356328e-06,0.04169799903096284,0.29886222
Alt,Skint5,4.658931140584945,3.1785549804407202e-06,0.0420808893860547,3.5265594
Alt,Cast,4.638298934224727,3.512884506284169e-06,0.04650707797869612,0.7938356
Alt,Trpm4,4.635829470313081,3.5550897002876325e-06,0.047065832542107965,1.8918319
Alt,Klf7,4.63074460424488,3.64353069125325e-06,0.048236702821501776,1.0615659
Alt,Hip1r,4.6302617617368735,3.652037567368144e-06,0.04834932535438686,1.1121788
